Namespace(cpu=False, nvidia=False, qy=False, metax=False, moore=True, iluvatar=False, cambricon=False, ali=False, hygon=False, model='/home/dist/9g_8b_thinking_llama', batch_size=1, tensor_parallel_size=1, input_len=32, output_len=3, skip_load=False, top_k=1, top_p=1.0, temperature=1.0, enable_paged_attn=True, enable_graph=True, warmup=True)
 load weights ......
Processing: model-00002-of-00004.safetensors
Processing: model-00004-of-00004.safetensors
Processing: model-00003-of-00004.safetensors
Processing: model-00001-of-00004.safetensors
 load weights over! 7976.163148880005 ms 

=================== warmup start ===================
=================== warmup done ====================
Tensor: shape[ 1 32 128 ] strides[ 4096 128 1 ] dtype=BF16 device=MOORE:0
-0.0478516 0.25 0.167969 -0.165039 0.141602 0.9375 0.773438 0.800781 0.347656 0.0534668 -0.632812 -0.0854492 0.216797 0.0200195 0.279297 -0.206055 0.589844 0.371094 -0.263672 -0.273438 0.433594 0.519531 -0.855469 -0.0478516 -0.742188 -0.185547 -0.00256348 0.0966797 0.474609 0.326172 0.585938 0.511719 0.239258 0.0629883 -0.703125 0.263672 -1.11719 -0.170898 0.0180664 -0.151367 -0.367188 -0.539062 0.151367 -0.138672 -1.0625 -0.992188 -0.155273 -0.269531 -0.695312 0.105469 0.380859 0.0986328 0.466797 -1.57031 -0.460938 -1.24219 0.316406 -0.878906 0.090332 -0.492188 -0.96875 -0.263672 -1.21094 0.808594 -0.898438 -0.318359 -0.640625 0.445312 -0.394531 0.410156 0.570312 -0.0218506 0.0322266 0.349609 -0.601562 -0.279297 0.199219 0.328125 -0.0397949 -0.550781 -1.00781 -0.5625 0.378906 -0.28125 1.10938 0.96875 0.53125 -0.0196533 0.178711 -0.160156 0.359375 0.416016 0.285156 0.941406 0.0106812 -0.133789 0.0358887 0.421875 0.165039 0.365234 0.46875 0.00202942 0.78125 0.137695 -0.625 -0.0166016 -0.439453 -0.168945 0.133789 -0.216797 0.769531 1.66406 -1.25 -0.194336 -0.355469 0.337891 0.605469 1.9375 0.155273 -0.242188 -0.462891 -1.20312 0.363281 0.267578 0.279297 -0.503906 1.00781 0.0227051 
-0.078125 -0.367188 0.302734 0.353516 0.197266 0.441406 -0.243164 0.0111084 0.0196533 0.859375 -0.765625 -0.0742188 0.404297 -0.558594 -0.0422363 -1 0.738281 0.511719 0.12793 0.0196533 0.761719 0.097168 -0.667969 0.78125 0.777344 -0.180664 0.296875 -0.515625 0.46875 0.964844 -0.462891 -0.722656 0.400391 0.640625 0.251953 0.199219 -0.287109 -0.777344 0.960938 -0.570312 0.40625 -0.976562 1.41406 0.339844 -0.585938 -0.125977 -0.357422 -0.357422 -0.0366211 0.59375 0.365234 1.14844 0.742188 -1.04688 0.0559082 0.582031 0.443359 -0.333984 -0.253906 0.804688 0.742188 -0.200195 0.384766 -1.05469 -0.170898 0.46875 0.519531 -0.439453 -0.574219 -0.275391 -0.337891 0.0712891 0.455078 0.255859 -0.255859 -0.237305 -0.279297 0.302734 -0.078125 0.128906 -0.566406 -0.296875 1.19531 0.660156 -0.345703 0.796875 0.380859 -0.0432129 0.453125 -0.558594 1.13281 0.621094 -0.332031 0.237305 -0.652344 -0.349609 0.984375 0.511719 0.435547 -0.507812 0.316406 -0.228516 -0.423828 0.0751953 -0.464844 -0.158203 -0.257812 1.55469 -0.523438 -0.130859 1 0.373047 -0.213867 -0.0397949 0.734375 -0.198242 0.722656 2.03125 0.115234 0.0722656 -0.208008 0.0634766 0.429688 1.09375 0.423828 0.111328 -1.21094 1.21875 
-0.355469 0.146484 0.124023 0.0588379 0.0751953 -0.298828 0.804688 0.172852 -0.107422 0.189453 0.275391 0.0424805 0.40625 0.0864258 -0.225586 -0.679688 -0.133789 0.111816 0.108398 -0.675781 -0.121582 -0.458984 -0.15918 -0.726562 -0.8125 -0.644531 -0.253906 -0.285156 0.363281 0.149414 0.585938 -0.644531 -0.012146 0.894531 -0.5625 -0.355469 0.263672 0.0578613 0.632812 -0.339844 -0.320312 -0.227539 0.675781 0.710938 0.200195 0.304688 -0.632812 -0.302734 0.158203 0.703125 -0.240234 0.296875 0.777344 -0.972656 -0.361328 -0.337891 -0.589844 0.640625 1.19531 -0.466797 0.917969 -0.113281 0.15625 1.02344 0.306641 0.0756836 0.179688 0.149414 -0.455078 0.0507812 0.601562 -0.152344 0.988281 0.157227 -0.00524902 -0.000782013 0.347656 -0.283203 0.648438 -0.371094 0.161133 0.0932617 0.699219 -0.241211 0.597656 -0.0405273 0.5 0.251953 -0.271484 0.300781 -0.566406 0.122559 -0.570312 -0.380859 0.400391 0.480469 -0.0139771 0.451172 0.320312 0.542969 -0.0177002 -0.333984 -0.322266 0.726562 -0.239258 0.800781 -0.416016 0.0551758 -0.217773 -0.408203 -0.992188 0.4375 -0.220703 0.5625 -0.273438 -0.279297 0.46875 1.89844 -0.734375 -0.648438 -0.824219 1.13281 -0.392578 -0.542969 0.339844 -0.960938 -0.367188 -0.322266 
0.255859 -0.0698242 0.298828 0.431641 0.298828 -0.202148 -0.118652 -0.652344 -0.0766602 0.251953 -0.339844 -0.180664 -0.150391 -0.112305 0.636719 -0.796875 0.0639648 0.271484 -0.816406 0.0373535 0.597656 0.287109 0.00598145 0.644531 -0.550781 -0.034668 -0.5 0.244141 0.245117 -0.28125 0.503906 -0.0375977 -0.108887 0.431641 0.149414 0.396484 -0.652344 -0.640625 0.808594 -0.186523 0.0179443 -0.219727 1.04688 0.367188 0.613281 -0.554688 -0.996094 -1.03906 -0.664062 -0.0756836 2.73438 -0.217773 0.855469 -0.789062 -0.609375 1.73438 -0.535156 -1.75781 -0.167969 1.20312 -0.137695 0.507812 -0.675781 -0.640625 0.400391 0.0603027 0.195312 0.777344 0.0439453 -0.0966797 0.164062 0.279297 0.578125 -0.466797 -0.355469 0.0240479 0.490234 0.373047 -0.5 0.75 -0.851562 -0.271484 0.0227051 0.0957031 0.289062 1.47656 0.470703 -0.357422 0.4375 -0.324219 0.431641 0.396484 0.155273 0.417969 -0.480469 -0.241211 -0.455078 -0.100586 0.414062 0.566406 0.644531 -0.402344 0.570312 -0.0698242 -0.816406 -0.455078 0.176758 0.742188 0.0402832 0.417969 -0.259766 0.328125 1.57812 -0.675781 -0.824219 0.449219 0.314453 1.98438 -0.101562 2.26562 1.25 -0.605469 1.96094 0.0090332 -0.5625 1.63281 -1.42969 1.09375 
0.224609 -0.287109 -0.3125 0.0368652 -0.0222168 -0.228516 -0.667969 0.192383 -0.0407715 0.302734 -0.111328 0.769531 0.433594 -0.470703 0.0913086 -1 1.0625 -0.480469 -0.349609 0.0534668 1.01562 -0.189453 -0.129883 0.539062 -0.355469 0.539062 0.632812 0.240234 0.104004 0.46875 0.300781 -0.296875 -0.0698242 0.155273 -0.0422363 0.742188 -0.0986328 0.761719 0.201172 -0.601562 0.11084 -0.1875 1.25781 -0.416016 -0.210938 0.84375 -0.5625 0.0334473 -0.180664 0.808594 0.223633 -0.316406 -0.789062 -0.679688 -0.648438 -1.24219 -0.0761719 0.0168457 1.41406 0.808594 0.710938 0.871094 1.02344 -1.64062 0.546875 0.0395508 0.02771 -0.0230713 0.390625 0.115723 0.0317383 0.527344 0.369141 -0.0507812 -0.523438 0.0693359 0.0111694 0.0844727 -0.53125 0.558594 -0.0942383 -0.209961 1.03906 -0.164062 -0.135742 0.890625 0.045166 -0.265625 0.679688 -0.558594 0.341797 0.112305 -1.25781 -0.174805 -0.707031 -0.101074 -0.0230713 0.535156 0.186523 -0.402344 0.128906 0.114258 -0.00180817 0.390625 -0.427734 0.867188 0.3125 0.373047 0.335938 -0.225586 -1.04688 0.490234 0.0380859 0.507812 -0.898438 0.652344 1.52344 2.07812 0.574219 -0.455078 -0.208008 -1.125 -0.976562 -2.32812 0.761719 -0.474609 -1.46094 -0.796875 
0.498047 0.828125 0.34375 0.494141 -0.233398 0.648438 -0.200195 0.0854492 0.0180664 0.122559 0.265625 -0.138672 0.730469 -0.131836 0.296875 -0.746094 0.296875 -0.0163574 0.353516 -0.601562 0.820312 0.065918 -0.0834961 0.535156 0.443359 0.369141 0.378906 -0.222656 -0.449219 0.0273438 -0.128906 -0.171875 0.699219 0.539062 0.208008 0.279297 -0.0209961 0.511719 -0.667969 -0.601562 0.0556641 -0.585938 0.410156 0.296875 0.147461 -0.785156 -0.0378418 0.0263672 -0.519531 0.757812 0.761719 -0.914062 0.703125 -1.22656 0.714844 -0.135742 0.875 1.08594 -0.28125 -0.306641 0.3125 -0.289062 -0.0155029 -0.367188 0.226562 -0.0756836 0.40625 -0.285156 0.3125 0.326172 0.363281 -0.347656 0.859375 0.333984 0.298828 0.373047 0.193359 0.210938 0.453125 0.412109 -0.498047 -0.921875 -0.0537109 -0.546875 0.147461 0.707031 -0.339844 -0.0849609 0.800781 0.449219 0.466797 -0.310547 0.168945 -0.316406 -0.699219 -0.261719 0.128906 0.519531 0.240234 0.4375 0.351562 -0.910156 -0.0683594 -0.0279541 -0.482422 -0.291016 -0.558594 -0.498047 0.0756836 0.189453 0.0966797 0.585938 -0.546875 0.179688 -0.271484 -1.42969 -0.00848389 1.85156 1.21875 0.460938 0.00878906 0.125977 0.878906 -0.294922 0.203125 0.11084 1.90625 1.95312 
-0.145508 0.00131226 -0.110352 -0.289062 -0.174805 0.294922 -0.139648 0.777344 0.0441895 -0.308594 -0.0103149 0.640625 -0.0539551 -0.0932617 0.863281 0.257812 1.46875 0.40625 0.617188 0.102539 0.180664 1.14062 -0.306641 0.976562 0.0727539 0.201172 -0.166016 -0.890625 0.277344 0.263672 0.220703 -1.14062 0.376953 -0.144531 -0.435547 -0.207031 -0.320312 -0.130859 0.667969 0.171875 0.753906 0.519531 0.480469 0.417969 -0.10498 -1.21875 -0.519531 0.149414 -0.0585938 -0.546875 -0.582031 -0.453125 0.832031 -1.4375 -0.382812 -0.0708008 0.652344 0.175781 -0.0368652 -1.02344 -0.425781 0.601562 0.613281 1.35938 -0.753906 0.384766 -0.263672 0.390625 -0.464844 0.0615234 0.121094 0.333984 -0.345703 -0.322266 0.449219 0.202148 -0.996094 0.253906 0.462891 0.683594 -0.53125 -0.671875 1 -0.18457 -0.0202637 0.660156 0.355469 0.171875 0.285156 0.46875 0.351562 0.0693359 0.507812 0.613281 -0.130859 -0.597656 0.112793 0.181641 0.09375 -0.00552368 0.628906 -0.345703 -0.0629883 0.178711 -0.898438 -0.535156 0.386719 -0.0285645 0.310547 0.289062 0.045166 0.410156 -0.648438 -0.207031 0.472656 -0.490234 -1.35156 2.09375 0.578125 1.10156 0.0688477 0.785156 0.257812 1.28125 -0.28125 -2.0625 -0.180664 0.511719 
-0.230469 0.507812 -1.0625 -0.482422 0.703125 0.0180664 -0.410156 -0.412109 0.523438 -0.515625 0.166992 0.104492 -0.19043 0.757812 -0.345703 -0.832031 -0.570312 0.361328 -0.222656 -0.161133 0.933594 0.554688 -0.53125 -0.59375 -0.855469 0.296875 -0.400391 0.578125 0.136719 0.742188 0.636719 -0.478516 0.734375 0.361328 -1.03125 0.722656 -0.189453 -0.542969 0.443359 0.458984 0.384766 0.589844 0.753906 0.106445 -0.120605 -1.00781 -0.765625 -0.345703 -0.664062 1.16406 -0.503906 -1.875 -0.419922 -0.644531 -0.128906 0.699219 0.207031 -0.433594 -0.388672 -1.60938 0.457031 -0.265625 -0.882812 -0.103027 0.203125 0.115234 0.0976562 0.302734 -0.0512695 0.777344 0.135742 -0.4375 0.041748 0.271484 -0.0546875 0.179688 -0.679688 -0.269531 -0.00104523 -0.136719 -0.753906 -0.617188 -0.0603027 0.00120544 -0.208984 0.365234 0.984375 -0.412109 0.6875 -0.0825195 0.855469 -0.277344 -1.14844 0.296875 -0.386719 0.375 -0.175781 0.609375 0.753906 0.890625 -0.139648 -0.318359 0.21582 0.255859 -0.0234375 0.792969 -0.578125 0.125977 0.613281 0.0649414 0.574219 1.53125 0.244141 0.0458984 1.16406 -0.451172 0.230469 2.125 1.61719 -1.29688 0.976562 0.636719 0.53125 -0.0244141 0.197266 1.59375 1.28125 0.306641 
0.126953 -0.455078 -0.105469 -0.0649414 0.304688 0.400391 -0.365234 -0.269531 0.585938 0.34375 -0.183594 -0.462891 0.0922852 -0.154297 0.145508 -0.742188 0.00044632 0.0751953 -0.972656 -0.206055 0.19043 0.010498 -1.00781 1.08594 -0.122559 -0.478516 0.21875 -0.0996094 0.570312 0.421875 0.492188 -0.632812 0.195312 -0.431641 -0.294922 0.330078 -0.59375 -0.322266 0.466797 -0.217773 0.291016 -0.209961 0.431641 -0.445312 -0.871094 0.0432129 -1.3125 -1.10938 0.761719 -1.03125 1.4375 0.6875 0.115723 -0.472656 -1.71094 0.863281 0.476562 -0.734375 0.09375 1.92969 0.330078 -0.84375 -2.5 1.17188 -0.507812 0.199219 0.6875 0.353516 -0.369141 -0.113281 -0.239258 0.462891 -0.367188 0.155273 -0.0996094 -0.0354004 -0.000587463 -0.22168 -0.0549316 -0.255859 0.761719 -0.457031 0.367188 0.726562 -0.369141 -0.285156 0.162109 -0.267578 0.609375 -0.412109 0.498047 0.371094 -0.233398 -0.294922 -0.628906 -0.257812 0.875 0.349609 0.339844 -0.455078 1.39062 0.191406 1.14844 1.48438 -0.410156 0.550781 -1.38281 0.291016 -0.828125 -0.166016 0.22168 0.855469 0.539062 0.137695 -0.546875 0.902344 0.355469 1.02344 -1.1875 1.19531 -0.310547 -0.193359 -1.26562 1.53125 0.746094 0.710938 0.458984 -1.38281 
0.00823975 -1.09375 -3.8125 -0.539062 -0.902344 -2.8125 0.621094 1.0625 -2.17188 3.09375 -0.28125 -1.74219 0.375 -1.9375 2.51562 0.163086 0.196289 0.804688 -1.99219 -0.10791 0.167969 -0.0859375 -1.20312 1.53906 -0.170898 0.392578 -2.07812 2.6875 1.59375 0.714844 0.490234 -0.855469 -3.09375 -1.85156 -1.01562 0.707031 -2.125 -1.23438 -2.07812 1.42188 -1.02344 0.191406 -0.421875 1.57812 2.51562 0.441406 -0.0437012 -1.08594 -0.425781 0.0991211 -0.894531 0.738281 -1 -2.04688 0.402344 0.388672 -1.24219 0.328125 -1.52344 -0.738281 1.625 -0.980469 -0.824219 1.99219 -1.15625 0.078125 -2.75 -0.875 -3.25 2.07812 -0.855469 -0.757812 0.761719 0.373047 -0.78125 -0.925781 -0.71875 -0.0952148 0.859375 -2.0625 0.296875 3.09375 -0.871094 -1.10156 1.8125 -1.85156 -1.39844 -1.52344 -1.46875 0.699219 0.484375 1.65625 -0.605469 -2.5625 -0.324219 -0.478516 2.23438 1.09375 -2.26562 -3.26562 -0.457031 0.191406 1.02344 0.882812 0.404297 1.14062 0.482422 1.28125 0.726562 0.21875 0.179688 -2.89062 1.25781 0.474609 0.285156 -1.21094 1.10156 2.5625 -0.679688 -0.859375 0.164062 -1.32031 -0.261719 1.71094 -1.21875 -0.498047 2.46875 -0.253906 
0.0473633 -0.443359 0.859375 0.429688 -0.24707 -0.371094 0.198242 -0.263672 -0.0795898 0.298828 -0.566406 0.202148 0.0187988 -0.277344 -0.0893555 -0.0195312 0.902344 0.363281 -0.0301514 0.353516 0.722656 -0.867188 -0.478516 0.273438 -0.835938 0.699219 -0.239258 -0.0898438 1.16406 -0.165039 0.609375 -0.671875 0.447266 -0.466797 -1.23438 0.349609 -0.761719 -0.621094 0.832031 -0.333984 0.341797 -1.17188 1.23438 0.675781 -0.785156 0.0537109 -1.21094 -0.308594 0.490234 0.433594 -0.4375 0.0883789 -0.388672 -1.64062 0.013916 -2.34375 -0.550781 0.102051 0.359375 -0.703125 0.361328 -0.511719 -1.36719 -0.151367 -0.244141 -0.211914 0.414062 0.292969 0.065918 -0.542969 -0.298828 -0.699219 -0.145508 -0.0322266 0.308594 -0.734375 0.147461 0.964844 -0.390625 -0.458984 -0.275391 -0.0605469 0.233398 -0.597656 0.0088501 0.945312 -0.65625 -0.546875 -0.241211 0.335938 0.237305 -0.339844 0.212891 0.19043 0.183594 -0.410156 0.300781 -0.081543 -0.152344 -0.0717773 0.816406 -0.199219 0.324219 0.225586 -0.53125 -0.151367 -0.714844 -0.349609 -0.0878906 0.929688 -0.738281 0.451172 -0.742188 0.648438 -0.353516 -0.574219 -0.394531 2.14062 0.898438 -0.0957031 0.494141 -0.835938 -0.34375 0.617188 -0.972656 0.867188 0.314453 -2.23438 
0.291016 -0.925781 0.050293 -0.0981445 1.08594 0.382812 0.090332 0.511719 0.00178528 0.279297 -0.996094 1.45312 0.941406 -1.78906 0.0471191 -1.13281 0.804688 0.683594 -0.824219 0.134766 1.58594 0.660156 -1.28125 0.0732422 -1.07812 0.636719 -0.976562 0.132812 0.980469 -0.25 0.34375 -0.478516 -0.679688 0.421875 -1.27344 0.229492 0.277344 0.125977 0.216797 -0.84375 0.129883 -0.115234 1.07812 0.0341797 0.375 0.65625 -0.601562 -0.582031 -0.984375 1.16406 1.65625 0.777344 -0.523438 -0.636719 -0.217773 0.225586 1.0625 -1.11719 -0.601562 0.511719 -0.472656 -0.131836 0.0332031 -1.15625 -0.523438 0.131836 0.542969 -0.00491333 -0.0585938 0.605469 0.419922 0.570312 0.349609 0.851562 -0.275391 0.0272217 -0.792969 0.554688 0.0524902 0.122559 -0.169922 -1.07812 -0.144531 -0.308594 0.101562 1.28906 0.0756836 -0.632812 1.03125 0.664062 0.75 0.960938 -0.570312 0.582031 -0.75 -0.232422 0.503906 -0.322266 -0.494141 0.292969 0.765625 0.396484 0.341797 0.980469 -0.111328 0.621094 -0.714844 0.4375 -0.792969 -0.742188 -0.122559 0.308594 -0.202148 1.03906 0.178711 0.695312 1.4375 1.96094 -1.57031 -1.13281 -0.714844 -0.828125 0.566406 -0.0351562 1.58594 -0.78125 -0.324219 0.0305176 
-0.304688 -0.671875 0.263672 -0.320312 -0.238281 0.265625 -0.0300293 0.550781 0.457031 -0.337891 -0.699219 0.351562 0.679688 -0.216797 -0.265625 -0.472656 1.00781 -0.414062 -0.265625 0.169922 1.26562 -0.5625 -0.373047 0.746094 -0.761719 0.353516 -0.223633 0.589844 0.414062 -0.0957031 0.738281 0.980469 -0.320312 -0.0554199 -0.341797 0.535156 -0.609375 0.539062 0.0986328 -0.0581055 0.648438 0.527344 0.71875 0.199219 -0.644531 -0.123047 -0.0629883 -0.277344 0.22168 0.5625 1.02344 -0.400391 -0.300781 -1.03125 0.839844 1.40625 -0.609375 0.886719 -0.703125 1.07031 1.71875 1.99219 0.765625 -0.125 0.150391 0.337891 0.0683594 -0.550781 -1.15625 -0.141602 0.435547 -0.789062 0.232422 -0.511719 0.578125 0.0727539 -0.24707 0.507812 0.0111084 0.115723 -0.476562 -0.710938 0.433594 -0.135742 0.339844 0.00662231 0.168945 -0.353516 0.523438 0.523438 0.863281 0.271484 -0.621094 -0.394531 -0.421875 -0.191406 0.527344 0.582031 -0.217773 -0.0390625 0.574219 0.353516 0.341797 0.147461 -0.178711 0.245117 -0.166992 0.224609 -1.05469 1.71094 0.484375 -0.142578 1.10938 -0.458984 -0.25 0.209961 0.570312 1.97656 -1.47656 1.4375 1.33594 1.07031 0.0800781 0.9375 0.921875 -0.275391 1.25781 -0.320312 
-0.640625 -0.0441895 -0.390625 -0.00921631 0.46875 -0.291016 -0.0339355 0.371094 -0.328125 -0.183594 -0.5 0.421875 -0.241211 -0.585938 0.0349121 -0.316406 0.0849609 -0.306641 -0.636719 0.0424805 0.84375 0.458984 -0.871094 -0.59375 -0.738281 -0.5 0.671875 -0.0219727 0.462891 0.482422 0.0400391 -0.174805 0.261719 1.11719 -0.480469 -0.425781 -0.625 -0.304688 0.125 -0.207031 0.933594 0.00637817 0.585938 -0.578125 0.320312 -0.11084 -0.19043 0.177734 -0.458984 0.683594 0.574219 -0.259766 0.230469 -1.85156 0.507812 1.0625 0.243164 0.683594 -0.789062 -1.17188 -0.0874023 -0.145508 0.228516 -0.205078 0.482422 0.253906 0.613281 -0.328125 0.21582 0.133789 -0.12207 -0.371094 0.339844 -0.660156 0.263672 -0.0349121 -0.0148926 0.667969 0.53125 -0.496094 -0.289062 -1.00781 1.36719 0.314453 -0.183594 0.789062 -0.177734 -0.314453 0.875 -0.429688 0.3125 0.515625 0.0283203 1.29688 -0.597656 0.898438 0.114258 -0.839844 -0.804688 0.0727539 0.792969 0.139648 0.253906 -0.320312 0.0187988 -0.207031 -0.130859 0.302734 -0.804688 0.0214844 0.640625 1.07812 1.10156 0.208008 -0.59375 0.5625 0.84375 3.51562 0.125977 0.0756836 0.6875 -0.202148 -0.347656 -1.5625 -1.48438 0.000869751 -0.6875 0.392578 
0.208008 0.160156 0.233398 -0.765625 0.542969 0.0664062 0.0825195 0.355469 0.332031 -0.392578 -0.400391 -0.318359 0.480469 -0.00695801 -1.04688 0.114746 0.753906 -0.345703 -1 -0.8125 0.640625 1.16406 -0.832031 -0.449219 -0.726562 0.0893555 -0.554688 -0.255859 -0.0854492 0.404297 -0.0761719 1.11719 -0.246094 0.478516 -0.125 0.679688 -0.394531 0.0322266 0.470703 -0.777344 0.785156 0.032959 1.25781 0.396484 -0.337891 0.421875 -0.0476074 -0.589844 -0.470703 0.382812 -0.503906 -1.25 -0.28125 -0.980469 -0.21582 0.539062 -0.244141 0.197266 0.384766 -0.589844 0.396484 0.330078 0.5 -0.382812 0.5 -0.519531 0.194336 0.263672 0.871094 -0.0578613 0.941406 0.026123 -0.0285645 -0.3125 0.229492 -0.0893555 -0.367188 -0.255859 -0.257812 -0.0908203 -0.554688 -0.882812 0.867188 -0.839844 0.105957 0.523438 0.0712891 -0.40625 1.03906 0.679688 0.738281 0.59375 0.589844 -0.402344 -0.535156 -0.314453 0.542969 -0.240234 0.00946045 0.164062 0.625 0.144531 0.045166 -0.554688 0.202148 -0.130859 -0.0180664 -0.0634766 -0.742188 -0.296875 0.316406 1.46094 0.216797 0.0751953 0.582031 0.00787354 0.953125 1.07812 1.07812 -0.244141 -0.378906 0.227539 -0.228516 -0.503906 0.378906 0.0133667 0.894531 -1.46875 
-0.515625 0.671875 -0.388672 0.0854492 -0.137695 -0.0378418 0.333984 1.42969 1.49219 0.382812 -1.03125 -0.318359 0.233398 -0.470703 -0.0498047 -0.902344 0.542969 -0.151367 -0.0239258 -0.166016 1.25 0.773438 -0.431641 -0.0114136 -0.648438 0.746094 -0.5 -0.183594 0.026001 0.476562 -0.589844 -0.667969 0.496094 0.71875 -0.925781 0.12793 -0.839844 -0.925781 0.253906 -0.0986328 0.546875 0.320312 0.550781 0.488281 0.167969 0.21582 -0.546875 0.00595093 -0.859375 -2.07812 -1.39844 -0.550781 0.302734 -1.14062 -0.447266 0.0737305 -0.416016 1.125 0.28125 -0.302734 -0.0480957 1.07812 1.60938 -1.17969 0.026001 -0.550781 -0.249023 1.04688 0.170898 0.0683594 0.722656 -0.140625 0.224609 -0.761719 -0.108887 -0.423828 -1.01562 0.566406 0.455078 -0.142578 -0.753906 -0.785156 0.945312 -0.253906 0.0844727 -0.134766 -0.367188 0.223633 1.03125 -0.355469 0.617188 0.376953 -0.75 0.0349121 -0.9375 -0.217773 -0.515625 0.322266 -0.265625 0.878906 -0.21582 -1.05469 0.474609 0.527344 0.472656 -0.0478516 0.333984 0.045166 0.248047 0.09375 0.5 1.35156 0.714844 -0.855469 0.703125 0.0981445 -1.17969 2.96875 2.32812 0.539062 -0.388672 -0.275391 -2.26562 -2.21875 0.507812 1.85156 -0.195312 -0.722656 
0.394531 0.0551758 0.414062 -0.11377 0.263672 -0.122559 -0.0957031 -0.410156 -0.146484 0.460938 0.182617 0.0500488 -0.186523 -0.238281 0.308594 0.243164 -0.988281 -0.480469 0.208984 -0.527344 0.828125 -0.546875 -0.277344 -0.277344 0.566406 0.0556641 0.375 -1.15625 -0.224609 -0.984375 -0.113281 0.28125 0.304688 0.695312 0.722656 -0.558594 -0.175781 0.427734 -0.144531 -0.929688 0.410156 -0.0566406 0.118652 0.0581055 0.507812 -0.265625 -0.421875 -0.0795898 -0.231445 -0.707031 0.112793 -0.243164 1.26562 0.789062 -1.28125 -0.130859 -0.267578 -0.15625 1.17188 0.400391 0.013855 -0.427734 0.636719 -0.310547 0.4375 -0.416016 0.566406 -0.546875 0.46875 0.310547 -0.390625 0.785156 0.625 0.125 -0.134766 -0.0839844 0.160156 -0.808594 0.910156 0.149414 0.265625 0.229492 0.679688 -0.181641 -0.664062 -0.0151367 -0.00463867 0.40625 0.949219 -0.628906 -1.13281 -0.136719 1.13281 -0.135742 1.14062 0.421875 0.135742 -0.320312 -0.0578613 0.28125 0.0332031 -0.664062 0.251953 0.271484 -0.0371094 0.152344 -0.0722656 0.347656 -0.683594 -0.181641 -0.120117 -0.273438 -0.160156 1.11719 0.228516 -0.457031 1.00781 -0.148438 -0.496094 -0.0383301 -0.271484 0.601562 -0.494141 0.429688 -0.535156 -1.63281 -1.02344 0.566406 
0.181641 0.158203 0.136719 -0.494141 -1.10938 -0.224609 0.160156 0.539062 -0.365234 -1.24219 0.412109 -0.183594 0.223633 -0.714844 0.275391 1.25781 0.157227 -0.041748 -0.53125 -0.492188 0.605469 -0.742188 0.5 0.710938 0.0402832 0.0291748 -0.0390625 -0.431641 0.341797 -0.371094 -0.195312 0.957031 0.0791016 0.462891 -0.12793 1.02344 -0.455078 -0.0314941 -0.246094 -0.259766 0.267578 -0.800781 -0.367188 0.382812 0.458984 0.628906 -0.0791016 -0.172852 0.488281 0.283203 -0.8125 0.244141 -0.186523 0.470703 -1.45312 -0.902344 -1 0.482422 -0.691406 -0.236328 1.17188 -0.486328 -0.929688 -0.292969 -0.582031 0.0169678 -0.261719 0.464844 0.0195312 0.230469 0.699219 0.851562 -0.396484 -0.636719 0.632812 -0.200195 -0.00479126 0.964844 -0.302734 -0.211914 -0.324219 0.800781 0.171875 0.0476074 0.170898 -0.21582 -0.0483398 -1.09375 0.398438 1.3125 0.933594 -0.640625 -0.757812 0.761719 -0.574219 -0.00915527 0.412109 -0.097168 -0.695312 1.07812 0.710938 0.550781 -0.298828 -0.330078 -0.00500488 0.0917969 0.314453 0.0144043 0.328125 0.015625 -0.330078 -0.169922 1.0625 2.01562 0.75 -0.667969 -0.644531 0.306641 0.219727 0.408203 -0.75 0.960938 -1.05469 0.648438 1.53125 -1.20312 -1.23438 -0.46875 
-0.0289307 0.209961 0.707031 -0.214844 0.157227 -0.176758 -0.0556641 0.00224304 0.515625 -0.462891 0.017334 0.00488281 -0.835938 0.0490723 -0.0776367 -0.707031 0.625 -0.558594 0.333984 -0.283203 0.34375 -0.143555 0.371094 0.109375 0.722656 0.0159912 0.330078 0.0893555 -0.214844 -0.671875 0.855469 0.445312 0.679688 0.5625 0.482422 -0.613281 0.15332 0.953125 0.0471191 -0.283203 -0.0893555 0.5625 -0.090332 -0.503906 -0.421875 -0.0563965 0.217773 0.0195312 -0.275391 -0.464844 -0.443359 0.578125 1.22656 0.0270996 0.0336914 -0.359375 -0.691406 0.84375 -0.101074 0.8125 0.734375 -0.178711 0.400391 0.174805 0.226562 0.106445 0.380859 -0.12793 0.457031 -0.0810547 -0.65625 -0.574219 0.816406 -0.515625 -0.429688 -0.15332 -0.151367 0.554688 0.179688 0.455078 -0.355469 0.691406 0.244141 0.0249023 -0.59375 -0.4375 0.0245361 -0.570312 0.363281 -0.691406 0.283203 -0.558594 0.773438 -0.460938 0.703125 0.644531 0.0393066 -0.757812 0.273438 0.412109 0.0966797 -0.390625 0.283203 0.115234 0.294922 -0.0561523 -0.0996094 0.335938 0.0664062 0.683594 0.151367 0.0598145 -0.166992 1.875 0.773438 0.050293 0.910156 1.38281 0.957031 -0.107422 0.419922 1.53125 -0.492188 0.90625 -0.664062 -1.38281 -0.621094 -0.15918 
-0.0206299 0.0197754 -0.431641 0.166016 -0.0168457 -0.0629883 -1.85938 0.151367 -0.470703 0.00331116 -0.511719 2.5 -0.726562 0.451172 0.222656 0.808594 0.423828 1.40625 -0.137695 -1.35156 0.6875 0.25 0.945312 0.279297 1.33594 0.582031 -0.269531 -0.65625 0.269531 0.515625 0.458984 0.761719 -0.204102 -0.251953 0.108887 -0.248047 0.447266 -0.0119629 0.585938 -0.332031 -0.101562 -0.143555 -0.648438 0.0493164 -0.535156 0.398438 -0.609375 -0.460938 -1.27344 0.400391 -0.621094 0.957031 1.38281 -0.287109 0.0537109 -1.1875 -1.15625 0.507812 1.02344 0.0209961 -0.204102 1.26562 -0.570312 0.5625 -0.449219 -0.839844 -0.949219 -0.777344 1.15625 0.570312 -0.847656 0.349609 0.660156 -0.648438 0.0432129 3.04688 -0.894531 1.00781 -1.17969 -0.621094 0.269531 0.128906 -0.804688 -0.125 -0.746094 -0.141602 -0.231445 0.523438 -0.241211 -0.507812 -0.458984 -0.730469 -0.0529785 0.0629883 0.351562 0.332031 -0.314453 0.267578 1.00781 -0.0405273 -0.151367 -0.101074 -0.0458984 -0.192383 -0.0981445 0.124512 -0.878906 0.400391 -0.667969 0.102539 -1.85156 -0.667969 -1.58594 0.910156 1.20312 -0.357422 0.142578 -0.396484 -0.0341797 -0.671875 -1.0625 1.20312 0.382812 -0.010498 1.30469 -0.201172 -0.116211 -0.640625 
0.161133 0.263672 -0.240234 -0.0771484 0.193359 0.160156 0.457031 0.257812 -0.0184326 0.0927734 -0.337891 -0.022583 -0.213867 0.0541992 -0.253906 0.847656 -0.515625 -0.0209961 0.416016 0.277344 0.609375 0.052002 -0.316406 -1.32812 0.332031 0.703125 -0.109863 -0.143555 0.761719 0.785156 0.695312 1.07812 0.0179443 -0.142578 -0.0859375 0.765625 0.0766602 0.220703 0.605469 0.0622559 0.296875 0.0698242 -0.0854492 -0.231445 0.0649414 -0.0505371 -0.186523 -0.404297 -1.34375 0.394531 -0.0742188 -0.933594 -0.554688 0.470703 -1.8125 1.86719 0.546875 -1.63281 0.240234 1.66406 -2.09375 1.63281 -0.398438 -1.5625 -0.285156 0.0371094 0.761719 -0.0791016 -0.015625 -0.355469 0.166016 0.703125 0.443359 -0.0206299 1.50781 0.394531 0.332031 0.894531 -0.0820312 -1.1875 -0.699219 0.0167236 0.570312 0.296875 -0.859375 0.273438 -0.498047 -0.789062 0.253906 -0.425781 0.166016 0.378906 -0.0593262 1.36719 0.451172 -0.22168 0.519531 0.00823975 -1.23438 -0.816406 0.683594 -0.326172 0.515625 0.412109 0.0306396 -0.241211 0.139648 0.617188 -0.0213623 -0.488281 -0.570312 0.259766 -0.410156 -0.166016 1.00781 1.03906 -0.241211 0.835938 -0.707031 -0.382812 0.0273438 0.224609 -0.902344 0.3125 0.648438 -1.44531 -0.285156 1.89062 
0.703125 0.0272217 -0.367188 0.240234 0.059082 0.0874023 -0.15625 1.03906 -0.225586 0.0830078 0.0510254 -0.0488281 -0.412109 -0.447266 0.570312 0.306641 0.679688 1.04688 -0.570312 0.277344 -0.453125 -0.699219 0.410156 0.398438 0.404297 0.275391 0.157227 -0.332031 0.90625 -0.84375 0.249023 0.0454102 -0.369141 0.652344 0.212891 0.200195 -0.116699 0.239258 0.496094 -0.636719 -0.208008 -0.494141 -0.185547 -0.707031 0.498047 -0.503906 -0.425781 0.0163574 -0.761719 0.320312 0.371094 0.691406 0.617188 0.3125 -0.6875 0.0145874 0.213867 -0.339844 0.429688 0.582031 -0.800781 1.98438 -1.28906 0.273438 0.824219 0.0839844 -0.484375 -0.601562 -0.554688 -0.167969 -0.206055 -0.169922 0.816406 0.960938 -1.32031 0.726562 0.277344 -0.271484 -0.195312 0.507812 0.257812 0.408203 -0.330078 0.181641 -0.396484 0.296875 0.558594 -0.129883 -0.398438 0.445312 0.21582 0.300781 -0.742188 0.0981445 -0.746094 0.691406 0.382812 1.35938 0.283203 0.0913086 0.209961 0.445312 0.5 -0.134766 0.601562 -0.209961 1.21875 0.100586 0.386719 -0.503906 -1.25781 0.617188 0.435547 0.808594 0.363281 -0.365234 -0.0830078 -0.152344 -0.162109 -0.213867 -0.347656 -0.263672 -0.292969 0.476562 -1.03125 -0.609375 0.605469 0.182617 
-0.00601196 0.263672 -0.503906 0.251953 -0.0471191 0.398438 -0.166016 0.714844 0.136719 -1.07812 1.03125 -0.425781 -0.396484 0.4375 -1.32812 0.117188 1.04688 0.800781 0.114258 0.0878906 -0.546875 -2.625 0.388672 -1.21875 0.6875 2.1875 0.0135498 -0.941406 0.308594 2.46875 -0.120605 0.0639648 1.08594 0.412109 0.0786133 -1.125 -0.165039 1.76562 -0.202148 0.0722656 -0.244141 -2.09375 -0.0678711 0.143555 0.123535 -0.330078 -0.734375 1.30469 0.0194092 -0.5625 1.78906 -0.408203 0.378906 -1.9375 -1.04688 -0.789062 1.39844 -0.498047 1.39062 0.15918 0.886719 1.17188 0.84375 -1.9375 0.163086 0.628906 0.255859 0.194336 0.380859 0.269531 0.00747681 -0.0927734 0.632812 -0.117188 0.785156 3.46875 -0.238281 0.671875 -1.5625 -0.0270996 -2.46875 0.550781 1 1.75 -2.82812 0.46875 -1.61719 -1.55469 -1.85938 1.41406 -1.57812 -1.57812 -1.03125 0.792969 -2.35938 -1.20312 2.10938 1.60156 0.851562 -2.34375 1.40625 1.64062 -0.423828 0.0393066 0.632812 1.50781 0.4375 0.0771484 -0.138672 -0.570312 -0.0212402 1.29688 0.757812 1.78125 0.0732422 -0.198242 -2.48438 2.28125 0.675781 -1.71094 -0.103516 -0.691406 0.404297 -0.867188 -0.9375 2.65625 2.04688 -2.01562 
0.179688 0.839844 0.15625 0.726562 0.161133 0.6875 -0.0830078 -0.259766 -0.349609 -0.143555 0.369141 -0.147461 -0.546875 0.730469 -0.0184326 0.617188 0.882812 0.189453 -0.65625 0.0976562 0.558594 0.523438 -0.417969 -0.306641 -0.123535 0.527344 0.287109 -0.605469 1.60156 0.314453 1.10156 0.984375 -0.355469 -1.13281 0.394531 0.380859 -0.890625 -0.15918 -0.341797 0.302734 -0.988281 -0.945312 -0.0500488 -0.0437012 0.265625 -0.703125 0.628906 0.154297 0.371094 -0.145508 0.632812 -0.660156 0.353516 0.224609 0.609375 -0.523438 -1.38281 0.648438 0.601562 -1.84375 0.601562 0.310547 0.111816 0.8125 0.0255127 0.0456543 0.5625 0.130859 -0.644531 0.0390625 -0.449219 0.652344 -0.197266 0.757812 0.929688 -0.167969 -0.0267334 -0.333984 0.245117 0.21582 -0.285156 -0.169922 0.337891 -0.243164 -0.855469 0.652344 0.22168 0.137695 -0.804688 0.757812 0.914062 0.417969 -0.0825195 0.40625 0.742188 -0.0649414 0.464844 -0.189453 -0.224609 -0.300781 -0.322266 -0.152344 0.314453 -0.0576172 -0.820312 0.451172 0.0805664 0.458984 -0.166992 0.402344 -0.458984 -0.808594 0.636719 0.789062 -0.416016 0.558594 -0.00595093 -1.14062 0.371094 -1.16406 -0.757812 1.07812 1.15625 0.703125 0.777344 1.01562 -0.0644531 0.785156 
-0.00202942 0.839844 -1.03906 0.151367 0.644531 0.320312 0.703125 -0.416016 0.488281 0.0378418 0.753906 -0.470703 0.161133 0.285156 -0.71875 0.0238037 0.886719 0.957031 0.84375 -0.345703 0.160156 -0.287109 -0.0664062 0.141602 0.34375 1.46094 0.353516 0.765625 -0.515625 1.0625 -0.640625 0.443359 0.933594 -0.691406 0.628906 1.3125 0.181641 -0.0625 -0.118652 0.104492 -0.765625 -0.625 -0.416016 -0.300781 -0.314453 -0.149414 -0.161133 0.404297 0.160156 1.07812 0.289062 -1.54688 -1.84375 -0.494141 -0.00245667 0.238281 1.28125 -0.953125 1.15625 0.78125 -0.0256348 -1.89062 0.515625 -1.01562 0.0683594 0.28125 0.566406 0.189453 -0.0133057 -0.220703 0.00210571 -0.345703 -0.102051 -2.03125 -1.4375 0.59375 -0.546875 -0.0805664 0.5625 -0.660156 0.324219 0.15625 -0.390625 0.0639648 1.16406 1.00781 -0.453125 -0.988281 0.0603027 2.625 0.621094 0.640625 -0.796875 0.804688 -0.726562 -0.228516 -0.0888672 0.246094 1.63281 -0.625 0.585938 -0.757812 -0.408203 0.234375 0.138672 -0.18457 1.3125 0.197266 0.105957 1.01562 0.398438 -0.302734 2.67188 -0.134766 -2.96875 0.126953 -1.21094 -0.376953 -0.0932617 -0.8125 3.90625 -1.125 -2.01562 0.621094 -0.949219 1.23438 2.15625 -0.957031 
-0.137695 -0.388672 0.108887 0.00253296 -0.46875 -0.140625 0.162109 -0.675781 0.738281 -0.722656 -0.835938 -0.279297 -0.714844 -0.53125 0.871094 1.00781 0.333984 0.0698242 -1.10156 -0.957031 0.84375 -0.789062 0.816406 1.58594 -0.275391 -0.174805 0.507812 -0.578125 0.124512 -1.49219 0.609375 0.234375 -0.431641 -0.128906 0.660156 0.000797272 0.0279541 0.148438 -0.785156 -1.0625 -0.496094 0.0154419 0.402344 -0.104492 1.0625 -0.757812 -0.0424805 -0.824219 -0.523438 0.314453 0.182617 -0.324219 1.65625 0.875 1.10938 -0.25 -1.24219 0.703125 -1.11719 -0.859375 -0.0981445 2.125 -0.328125 1.21094 0.34375 0.139648 0.625 0.25 0.820312 -0.0424805 -0.0629883 0.644531 0.447266 -0.244141 0.376953 -0.351562 0.464844 0.503906 0.605469 0.0922852 -0.144531 0.241211 -0.519531 0.239258 0.617188 -0.145508 0.695312 -1.01562 0.78125 -0.832031 0.0466309 -0.828125 -0.142578 -1.1875 0.398438 0.605469 -0.378906 0.392578 0.0216064 1.27344 0.203125 0.65625 -0.486328 -0.6875 -0.820312 -0.417969 0.300781 -1.02344 0.148438 0.0439453 -2.01562 0.457031 0.554688 1.05469 1.00781 -0.542969 1.39062 -0.134766 -0.816406 0.0996094 -0.332031 0.894531 -1.70312 -0.150391 -0.451172 -0.490234 -1.14844 0.730469 
-0.699219 -0.439453 -0.0192871 0.3125 0.183594 0.179688 0.24707 0.304688 -0.34375 -0.0177002 0.691406 0.115723 -0.0415039 0.136719 -0.00753784 1.25781 0.447266 0.453125 -0.851562 0.515625 0.867188 -0.433594 -0.00292969 -0.100098 -0.0246582 -0.253906 0.138672 -0.213867 -0.149414 0.189453 0.330078 1.25781 0.0673828 0.351562 -0.519531 0.199219 -0.765625 0.339844 -0.0756836 -0.503906 -0.318359 -0.625 -0.384766 -0.0834961 0.308594 0.090332 -0.133789 0.289062 -0.644531 -0.474609 0.0742188 -0.550781 -0.269531 -0.972656 1.41406 -0.0898438 -1.375 -0.0854492 -0.427734 -0.558594 0.785156 -0.828125 0.707031 0.855469 0.200195 -0.515625 -0.388672 0.0307617 -0.145508 0.445312 -0.259766 0.408203 0.205078 0.143555 0.12793 -0.65625 0.412109 0.355469 0.211914 -0.738281 -0.158203 0.0986328 0.695312 0.122559 -0.182617 -0.486328 0.482422 -0.285156 -0.792969 0.285156 0.671875 -0.347656 -0.574219 0.470703 0.462891 0.472656 -0.139648 0.124512 -0.699219 0.125 0.181641 -0.173828 0.326172 0.371094 -0.667969 1.26562 0.404297 0.333984 -0.269531 0.332031 0.373047 -0.382812 0.0157471 1.14062 0.253906 1.27344 -0.398438 0.664062 0.275391 -0.449219 -0.00358582 0.457031 0.208008 -0.163086 1.47656 -0.765625 -0.648438 -0.214844 
3.07812 0.421875 0.392578 1 -0.949219 0.605469 0.570312 0.535156 -0.523438 0.457031 0.287109 -0.910156 -0.613281 0.0996094 0.439453 0.5 0.921875 -0.402344 -0.632812 -0.126953 -0.601562 0.417969 0.302734 0.180664 1.09375 -0.574219 0.451172 -0.292969 0.996094 -0.515625 0.324219 0.632812 0.302734 -0.239258 -0.34375 -0.230469 -0.675781 -0.458984 -0.714844 0.304688 -1.05469 -0.15625 -0.0351562 0.271484 0.116699 -0.164062 -0.396484 -0.773438 -0.710938 -0.271484 -0.12793 0.929688 1 0.21582 -0.206055 -0.232422 -0.0625 0.53125 -0.143555 -0.539062 -0.0344238 0.0480957 -0.800781 0.380859 0.423828 -1.21094 -0.102539 -0.245117 -0.328125 -0.22168 0.119629 -0.707031 0.25 -0.15918 -0.283203 0.394531 0.330078 -0.119629 -0.427734 0.245117 0.5 0.0224609 -0.804688 0.269531 -0.464844 -0.228516 1.16406 0.847656 0.753906 -0.253906 -0.166016 0.710938 0.241211 -0.0908203 1.04688 0.103516 -0.296875 -0.208984 -0.174805 -0.335938 -0.373047 -0.371094 -0.0288086 -0.482422 -0.847656 0.00866699 -0.333984 -0.0183105 -1 0.386719 -0.236328 -0.378906 -0.519531 -0.277344 0.761719 0.11377 0.496094 -0.59375 0.369141 -0.12793 0.929688 1.25781 -0.4375 0.515625 -0.263672 -0.398438 -0.384766 0.0524902 
-0.371094 0.0598145 0.128906 0.0030365 -0.267578 -0.116211 2.25 -0.257812 0.570312 0.367188 -0.519531 -0.201172 0.519531 -0.180664 0.527344 0.142578 -0.3125 0.133789 0.625 -0.126953 1.05469 0.0130005 -0.287109 -0.112793 0.5 0.6875 -1.10156 -0.192383 0.11377 0.328125 0.363281 0.134766 -0.402344 0.0422363 0.172852 0.410156 0.361328 0.0563965 0.168945 0.135742 0.065918 -0.166016 -0.488281 0.445312 -0.414062 -0.546875 0.104492 -0.291016 -0.09375 -0.439453 0.298828 -0.613281 -0.625 -0.183594 -0.925781 -0.466797 -1.11719 -0.0388184 -0.390625 -0.117188 0.765625 -0.241211 0.353516 0.347656 -1.23438 -0.263672 0.558594 -0.4375 -0.249023 0.126953 0.632812 0.271484 -0.84375 0.227539 0.261719 0.3125 -0.652344 0.0620117 0.332031 -0.349609 -0.601562 0.439453 -0.0186768 -0.0678711 -0.241211 0.34375 -0.753906 -0.188477 0.332031 -0.320312 -0.71875 1.125 -0.0105591 0.231445 -0.12793 0.667969 -0.181641 0.917969 0.820312 -0.261719 0.373047 0.125977 0.100586 0.3125 -0.0644531 0.443359 0.394531 0.097168 0.0397949 -0.261719 -0.710938 0.699219 -0.271484 1.46094 -0.431641 0.482422 -0.933594 -0.949219 0.0742188 0.178711 -0.875 0.147461 0.894531 0.367188 -0.628906 -1.19531 -1.08594 -0.785156 
-0.0791016 0.0478516 0.294922 -0.249023 -0.470703 0.103027 -0.585938 0.339844 -1.27344 0.445312 0.349609 0.0227051 -0.216797 0.380859 -1.88281 0.9375 0.15332 0.683594 -1.20312 -1.71094 -0.0317383 -0.179688 0.032959 1.27344 0.546875 -0.0339355 0.136719 -0.640625 -0.507812 0.738281 0.265625 0.328125 -0.554688 0.261719 0.304688 -0.0537109 0.104492 1.02344 0.359375 1.17188 0.466797 -0.578125 -0.816406 -0.605469 -0.335938 -0.279297 -0.980469 0.0732422 0.691406 0.542969 1.0625 1.875 0.835938 -0.289062 1.375 0.738281 -1.13281 0.527344 0.0668945 -0.148438 0.175781 0.914062 0.161133 0.578125 -0.789062 0.349609 0.128906 0.0490723 -0.216797 0.0996094 0.0229492 0.197266 0.4375 0.298828 0.730469 1.75 -0.03125 -0.114258 -1.38281 -0.523438 1.16406 0.472656 0.574219 -0.0864258 0.847656 -0.5 0.439453 -0.00421143 -0.341797 0.242188 0.369141 0.859375 -0.396484 0.644531 0.351562 0.09375 -0.578125 0.578125 0.220703 -0.318359 0.173828 0.382812 0.365234 0.511719 0.263672 0.566406 0.236328 0.84375 0.298828 -0.0378418 0.546875 0.75 0.0301514 0.460938 -0.376953 0.277344 -0.347656 -1.09375 1.6875 0.158203 0.225586 0.314453 1.79688 1.96094 -0.140625 0.0454102 1.07031 -0.441406 
0.357422 -0.283203 -0.390625 -0.431641 0.25 -0.734375 -0.503906 -0.671875 0.273438 1.34375 -0.287109 -0.478516 -0.351562 0.154297 -0.283203 -0.0717773 0.21875 0.318359 0.691406 0.0285645 -0.421875 0.488281 -0.0588379 -0.976562 0.0664062 0.734375 0.21582 -0.25 -0.304688 0.535156 0.12793 0.765625 1.17969 -0.0358887 0.132812 0.699219 0.0712891 0.458984 0.339844 0.445312 -0.380859 -0.59375 0.132812 0.507812 -0.0844727 0.0957031 -0.0183105 0.652344 0.189453 0.582031 0.248047 -0.116211 1.27344 0.0449219 0.0776367 0.558594 0.0561523 0.353516 0.0805664 -0.453125 -0.00540161 1.8125 -0.255859 -0.0595703 0.267578 0.777344 0.535156 -0.722656 -0.216797 0.394531 -0.249023 -0.675781 0.859375 -0.182617 -0.316406 0.0566406 0.0290527 -0.12793 -0.175781 0.519531 -0.0825195 -0.222656 0.648438 0.609375 -0.388672 -0.10498 0.652344 0.435547 -0.192383 0.227539 0.154297 1.39844 -0.539062 0.683594 -0.554688 -0.00860596 -0.0151367 -0.804688 0.0742188 -0.980469 -0.231445 0.101074 0.601562 0.773438 -0.170898 0.261719 1.35938 0.12793 0.289062 0.527344 -0.621094 -0.253906 -0.105469 0.0800781 -0.742188 0.664062 0.396484 -0.957031 0.0957031 -0.0727539 -1.14844 0.369141 1.03906 0.789062 -0.219727 0.0507812 1.07031 0.400391 
0.507812 0.308594 0.867188 0.613281 0.462891 0.115723 -0.0742188 0.839844 -0.427734 0.40625 -0.605469 -0.34375 -0.339844 -0.0629883 -0.550781 -1.02344 -0.777344 0.65625 0.22168 0.601562 -0.566406 0.914062 0.120605 -0.359375 -0.232422 0.154297 -0.429688 -0.453125 0.228516 0.188477 -0.503906 -0.566406 -0.0351562 0.0133667 0.585938 0.490234 -0.0966797 0.929688 0.412109 -0.146484 -0.0800781 -0.550781 -0.176758 0.205078 0.910156 -0.296875 -0.710938 -0.457031 -0.957031 0.402344 -0.310547 -0.863281 0.0810547 -0.0549316 -1.34375 -1.05469 -0.761719 -0.246094 0.542969 -1.41406 -0.149414 0.488281 0.243164 0.211914 -0.757812 0.316406 0.554688 0.108887 0.140625 -0.419922 -0.177734 -0.996094 0.53125 0.363281 0.0722656 -0.667969 0.539062 0.832031 -0.133789 -0.507812 0.519531 0.988281 0.417969 -0.554688 -0.289062 0.570312 0.0354004 0.0668945 0.139648 -0.175781 0.84375 1.05469 -0.0505371 0.371094 -0.371094 0.894531 0.273438 0.275391 -0.157227 -0.0463867 0.103516 -0.0541992 0.0375977 -0.484375 0.160156 0.609375 0.578125 -0.394531 -0.298828 -0.220703 -1.0625 -0.188477 -0.220703 -0.4375 -1.07031 -1.08594 -0.212891 0.847656 -0.652344 -0.410156 0.146484 0.660156 0.34375 -1.78125 -0.402344 0.0612793 0.0383301 -0.1875 
Tensor: shape[ 3 2 64 128 ] strides[ 16384 8192 128 1 ] dtype=BF16 device=MOORE:0
0.398438 0.0698242 -0.554688 -0.3125 -1.11719 -1.125 0.0336914 -0.263672 -1.0625 0.632812 0.414062 -0.84375 0.0961914 -0.332031 1.09375 0.535156 -0.203125 0.164062 -1.32031 -0.112793 0.208008 0.466797 0.0292969 0.104492 -0.384766 0.695312 -0.554688 0.394531 0.511719 -0.208008 -0.0786133 0.143555 -1.14844 0.103027 -0.542969 0.306641 -0.753906 -0.550781 -0.441406 0.0698242 0.632812 0.550781 0.275391 0.294922 0.695312 -0.373047 -0.765625 -0.972656 -0.296875 0.886719 0.287109 0.796875 -0.191406 1.08594 2.20312 0.503906 -1.1875 -0.283203 -2.34375 -0.601562 1.71875 -1.95312 -0.703125 2.78125 -0.0341797 -0.100586 -1.11719 -0.988281 -0.875 0.527344 -0.40625 0.357422 0.0583496 -0.419922 0.227539 -0.566406 -0.333984 -0.0339355 0.212891 -1.05469 -0.112305 1.46875 -0.0566406 -0.167969 0.828125 -0.117676 -0.71875 0.0917969 -0.542969 -0.496094 1.11719 0.347656 -0.949219 -0.349609 -0.147461 0.546875 0.341797 0.0164795 -0.213867 -0.361328 0.835938 0.220703 0.102051 0.253906 -0.753906 0.163086 -0.308594 0.0228271 0.271484 0.476562 0.824219 2.04688 0.441406 -0.373047 -0.722656 0.0117798 0.171875 0.839844 -0.878906 -1.67969 0.455078 -1 0.523438 1.86719 -1.5 -0.0844727 1.73438 -1.04688 
0 0 0 0 0 0 0 0 0 0 0 0 0 0 0 0 0 0 0 0 0 0 0 0 0 0 0 0 0 0 0 0 0 0 0 0 0 0 0 0 0 0 0 0 0 0 0 0 0 0 0 0 0 0 0 0 0 0 0 0 0 0 0 0 0 0 0 0 0 0 0 0 0 0 0 0 0 0 0 0 0 0 0 0 0 0 0 0 0 0 0 0 0 0 0 0 0 0 0 0 0 0 0 0 0 0 0 0 0 0 0 0 0 0 0 0 0 0 0 0 0 0 0 0 0 0 0 0 
0 0 0 0 0 0 0 0 0 0 0 0 0 0 0 0 0 0 0 0 0 0 0 0 0 0 0 0 0 0 0 0 0 0 0 0 0 0 0 0 0 0 0 0 0 0 0 0 0 0 0 0 0 0 0 0 0 0 0 0 0 0 0 0 0 0 0 0 0 0 0 0 0 0 0 0 0 0 0 0 0 0 0 0 0 0 0 0 0 0 0 0 0 0 0 0 0 0 0 0 0 0 0 0 0 0 0 0 0 0 0 0 0 0 0 0 0 0 0 0 0 0 0 0 0 0 0 0 
0 0 0 0 0 0 0 0 0 0 0 0 0 0 0 0 0 0 0 0 0 0 0 0 0 0 0 0 0 0 0 0 0 0 0 0 0 0 0 0 0 0 0 0 0 0 0 0 0 0 0 0 0 0 0 0 0 0 0 0 0 0 0 0 0 0 0 0 0 0 0 0 0 0 0 0 0 0 0 0 0 0 0 0 0 0 0 0 0 0 0 0 0 0 0 0 0 0 0 0 0 0 0 0 0 0 0 0 0 0 0 0 0 0 0 0 0 0 0 0 0 0 0 0 0 0 0 0 
0 0 0 0 0 0 0 0 0 0 0 0 0 0 0 0 0 0 0 0 0 0 0 0 0 0 0 0 0 0 0 0 0 0 0 0 0 0 0 0 0 0 0 0 0 0 0 0 0 0 0 0 0 0 0 0 0 0 0 0 0 0 0 0 0 0 0 0 0 0 0 0 0 0 0 0 0 0 0 0 0 0 0 0 0 0 0 0 0 0 0 0 0 0 0 0 0 0 0 0 0 0 0 0 0 0 0 0 0 0 0 0 0 0 0 0 0 0 0 0 0 0 0 0 0 0 0 0 
0 0 0 0 0 0 0 0 0 0 0 0 0 0 0 0 0 0 0 0 0 0 0 0 0 0 0 0 0 0 0 0 0 0 0 0 0 0 0 0 0 0 0 0 0 0 0 0 0 0 0 0 0 0 0 0 0 0 0 0 0 0 0 0 0 0 0 0 0 0 0 0 0 0 0 0 0 0 0 0 0 0 0 0 0 0 0 0 0 0 0 0 0 0 0 0 0 0 0 0 0 0 0 0 0 0 0 0 0 0 0 0 0 0 0 0 0 0 0 0 0 0 0 0 0 0 0 0 
0 0 0 0 0 0 0 0 0 0 0 0 0 0 0 0 0 0 0 0 0 0 0 0 0 0 0 0 0 0 0 0 0 0 0 0 0 0 0 0 0 0 0 0 0 0 0 0 0 0 0 0 0 0 0 0 0 0 0 0 0 0 0 0 0 0 0 0 0 0 0 0 0 0 0 0 0 0 0 0 0 0 0 0 0 0 0 0 0 0 0 0 0 0 0 0 0 0 0 0 0 0 0 0 0 0 0 0 0 0 0 0 0 0 0 0 0 0 0 0 0 0 0 0 0 0 0 0 
0 0 0 0 0 0 0 0 0 0 0 0 0 0 0 0 0 0 0 0 0 0 0 0 0 0 0 0 0 0 0 0 0 0 0 0 0 0 0 0 0 0 0 0 0 0 0 0 0 0 0 0 0 0 0 0 0 0 0 0 0 0 0 0 0 0 0 0 0 0 0 0 0 0 0 0 0 0 0 0 0 0 0 0 0 0 0 0 0 0 0 0 0 0 0 0 0 0 0 0 0 0 0 0 0 0 0 0 0 0 0 0 0 0 0 0 0 0 0 0 0 0 0 0 0 0 0 0 
0 0 0 0 0 0 0 0 0 0 0 0 0 0 0 0 0 0 0 0 0 0 0 0 0 0 0 0 0 0 0 0 0 0 0 0 0 0 0 0 0 0 0 0 0 0 0 0 0 0 0 0 0 0 0 0 0 0 0 0 0 0 0 0 0 0 0 0 0 0 0 0 0 0 0 0 0 0 0 0 0 0 0 0 0 0 0 0 0 0 0 0 0 0 0 0 0 0 0 0 0 0 0 0 0 0 0 0 0 0 0 0 0 0 0 0 0 0 0 0 0 0 0 0 0 0 0 0 
0 0 0 0 0 0 0 0 0 0 0 0 0 0 0 0 0 0 0 0 0 0 0 0 0 0 0 0 0 0 0 0 0 0 0 0 0 0 0 0 0 0 0 0 0 0 0 0 0 0 0 0 0 0 0 0 0 0 0 0 0 0 0 0 0 0 0 0 0 0 0 0 0 0 0 0 0 0 0 0 0 0 0 0 0 0 0 0 0 0 0 0 0 0 0 0 0 0 0 0 0 0 0 0 0 0 0 0 0 0 0 0 0 0 0 0 0 0 0 0 0 0 0 0 0 0 0 0 
0 0 0 0 0 0 0 0 0 0 0 0 0 0 0 0 0 0 0 0 0 0 0 0 0 0 0 0 0 0 0 0 0 0 0 0 0 0 0 0 0 0 0 0 0 0 0 0 0 0 0 0 0 0 0 0 0 0 0 0 0 0 0 0 0 0 0 0 0 0 0 0 0 0 0 0 0 0 0 0 0 0 0 0 0 0 0 0 0 0 0 0 0 0 0 0 0 0 0 0 0 0 0 0 0 0 0 0 0 0 0 0 0 0 0 0 0 0 0 0 0 0 0 0 0 0 0 0 
0 0 0 0 0 0 0 0 0 0 0 0 0 0 0 0 0 0 0 0 0 0 0 0 0 0 0 0 0 0 0 0 0 0 0 0 0 0 0 0 0 0 0 0 0 0 0 0 0 0 0 0 0 0 0 0 0 0 0 0 0 0 0 0 0 0 0 0 0 0 0 0 0 0 0 0 0 0 0 0 0 0 0 0 0 0 0 0 0 0 0 0 0 0 0 0 0 0 0 0 0 0 0 0 0 0 0 0 0 0 0 0 0 0 0 0 0 0 0 0 0 0 0 0 0 0 0 0 
0 0 0 0 0 0 0 0 0 0 0 0 0 0 0 0 0 0 0 0 0 0 0 0 0 0 0 0 0 0 0 0 0 0 0 0 0 0 0 0 0 0 0 0 0 0 0 0 0 0 0 0 0 0 0 0 0 0 0 0 0 0 0 0 0 0 0 0 0 0 0 0 0 0 0 0 0 0 0 0 0 0 0 0 0 0 0 0 0 0 0 0 0 0 0 0 0 0 0 0 0 0 0 0 0 0 0 0 0 0 0 0 0 0 0 0 0 0 0 0 0 0 0 0 0 0 0 0 
0 0 0 0 0 0 0 0 0 0 0 0 0 0 0 0 0 0 0 0 0 0 0 0 0 0 0 0 0 0 0 0 0 0 0 0 0 0 0 0 0 0 0 0 0 0 0 0 0 0 0 0 0 0 0 0 0 0 0 0 0 0 0 0 0 0 0 0 0 0 0 0 0 0 0 0 0 0 0 0 0 0 0 0 0 0 0 0 0 0 0 0 0 0 0 0 0 0 0 0 0 0 0 0 0 0 0 0 0 0 0 0 0 0 0 0 0 0 0 0 0 0 0 0 0 0 0 0 
0 0 0 0 0 0 0 0 0 0 0 0 0 0 0 0 0 0 0 0 0 0 0 0 0 0 0 0 0 0 0 0 0 0 0 0 0 0 0 0 0 0 0 0 0 0 0 0 0 0 0 0 0 0 0 0 0 0 0 0 0 0 0 0 0 0 0 0 0 0 0 0 0 0 0 0 0 0 0 0 0 0 0 0 0 0 0 0 0 0 0 0 0 0 0 0 0 0 0 0 0 0 0 0 0 0 0 0 0 0 0 0 0 0 0 0 0 0 0 0 0 0 0 0 0 0 0 0 
0 0 0 0 0 0 0 0 0 0 0 0 0 0 0 0 0 0 0 0 0 0 0 0 0 0 0 0 0 0 0 0 0 0 0 0 0 0 0 0 0 0 0 0 0 0 0 0 0 0 0 0 0 0 0 0 0 0 0 0 0 0 0 0 0 0 0 0 0 0 0 0 0 0 0 0 0 0 0 0 0 0 0 0 0 0 0 0 0 0 0 0 0 0 0 0 0 0 0 0 0 0 0 0 0 0 0 0 0 0 0 0 0 0 0 0 0 0 0 0 0 0 0 0 0 0 0 0 
0 0 0 0 0 0 0 0 0 0 0 0 0 0 0 0 0 0 0 0 0 0 0 0 0 0 0 0 0 0 0 0 0 0 0 0 0 0 0 0 0 0 0 0 0 0 0 0 0 0 0 0 0 0 0 0 0 0 0 0 0 0 0 0 0 0 0 0 0 0 0 0 0 0 0 0 0 0 0 0 0 0 0 0 0 0 0 0 0 0 0 0 0 0 0 0 0 0 0 0 0 0 0 0 0 0 0 0 0 0 0 0 0 0 0 0 0 0 0 0 0 0 0 0 0 0 0 0 
0 0 0 0 0 0 0 0 0 0 0 0 0 0 0 0 0 0 0 0 0 0 0 0 0 0 0 0 0 0 0 0 0 0 0 0 0 0 0 0 0 0 0 0 0 0 0 0 0 0 0 0 0 0 0 0 0 0 0 0 0 0 0 0 0 0 0 0 0 0 0 0 0 0 0 0 0 0 0 0 0 0 0 0 0 0 0 0 0 0 0 0 0 0 0 0 0 0 0 0 0 0 0 0 0 0 0 0 0 0 0 0 0 0 0 0 0 0 0 0 0 0 0 0 0 0 0 0 
0 0 0 0 0 0 0 0 0 0 0 0 0 0 0 0 0 0 0 0 0 0 0 0 0 0 0 0 0 0 0 0 0 0 0 0 0 0 0 0 0 0 0 0 0 0 0 0 0 0 0 0 0 0 0 0 0 0 0 0 0 0 0 0 0 0 0 0 0 0 0 0 0 0 0 0 0 0 0 0 0 0 0 0 0 0 0 0 0 0 0 0 0 0 0 0 0 0 0 0 0 0 0 0 0 0 0 0 0 0 0 0 0 0 0 0 0 0 0 0 0 0 0 0 0 0 0 0 
0 0 0 0 0 0 0 0 0 0 0 0 0 0 0 0 0 0 0 0 0 0 0 0 0 0 0 0 0 0 0 0 0 0 0 0 0 0 0 0 0 0 0 0 0 0 0 0 0 0 0 0 0 0 0 0 0 0 0 0 0 0 0 0 0 0 0 0 0 0 0 0 0 0 0 0 0 0 0 0 0 0 0 0 0 0 0 0 0 0 0 0 0 0 0 0 0 0 0 0 0 0 0 0 0 0 0 0 0 0 0 0 0 0 0 0 0 0 0 0 0 0 0 0 0 0 0 0 
0 0 0 0 0 0 0 0 0 0 0 0 0 0 0 0 0 0 0 0 0 0 0 0 0 0 0 0 0 0 0 0 0 0 0 0 0 0 0 0 0 0 0 0 0 0 0 0 0 0 0 0 0 0 0 0 0 0 0 0 0 0 0 0 0 0 0 0 0 0 0 0 0 0 0 0 0 0 0 0 0 0 0 0 0 0 0 0 0 0 0 0 0 0 0 0 0 0 0 0 0 0 0 0 0 0 0 0 0 0 0 0 0 0 0 0 0 0 0 0 0 0 0 0 0 0 0 0 
0 0 0 0 0 0 0 0 0 0 0 0 0 0 0 0 0 0 0 0 0 0 0 0 0 0 0 0 0 0 0 0 0 0 0 0 0 0 0 0 0 0 0 0 0 0 0 0 0 0 0 0 0 0 0 0 0 0 0 0 0 0 0 0 0 0 0 0 0 0 0 0 0 0 0 0 0 0 0 0 0 0 0 0 0 0 0 0 0 0 0 0 0 0 0 0 0 0 0 0 0 0 0 0 0 0 0 0 0 0 0 0 0 0 0 0 0 0 0 0 0 0 0 0 0 0 0 0 
0 0 0 0 0 0 0 0 0 0 0 0 0 0 0 0 0 0 0 0 0 0 0 0 0 0 0 0 0 0 0 0 0 0 0 0 0 0 0 0 0 0 0 0 0 0 0 0 0 0 0 0 0 0 0 0 0 0 0 0 0 0 0 0 0 0 0 0 0 0 0 0 0 0 0 0 0 0 0 0 0 0 0 0 0 0 0 0 0 0 0 0 0 0 0 0 0 0 0 0 0 0 0 0 0 0 0 0 0 0 0 0 0 0 0 0 0 0 0 0 0 0 0 0 0 0 0 0 
0 0 0 0 0 0 0 0 0 0 0 0 0 0 0 0 0 0 0 0 0 0 0 0 0 0 0 0 0 0 0 0 0 0 0 0 0 0 0 0 0 0 0 0 0 0 0 0 0 0 0 0 0 0 0 0 0 0 0 0 0 0 0 0 0 0 0 0 0 0 0 0 0 0 0 0 0 0 0 0 0 0 0 0 0 0 0 0 0 0 0 0 0 0 0 0 0 0 0 0 0 0 0 0 0 0 0 0 0 0 0 0 0 0 0 0 0 0 0 0 0 0 0 0 0 0 0 0 
0 0 0 0 0 0 0 0 0 0 0 0 0 0 0 0 0 0 0 0 0 0 0 0 0 0 0 0 0 0 0 0 0 0 0 0 0 0 0 0 0 0 0 0 0 0 0 0 0 0 0 0 0 0 0 0 0 0 0 0 0 0 0 0 0 0 0 0 0 0 0 0 0 0 0 0 0 0 0 0 0 0 0 0 0 0 0 0 0 0 0 0 0 0 0 0 0 0 0 0 0 0 0 0 0 0 0 0 0 0 0 0 0 0 0 0 0 0 0 0 0 0 0 0 0 0 0 0 
0 0 0 0 0 0 0 0 0 0 0 0 0 0 0 0 0 0 0 0 0 0 0 0 0 0 0 0 0 0 0 0 0 0 0 0 0 0 0 0 0 0 0 0 0 0 0 0 0 0 0 0 0 0 0 0 0 0 0 0 0 0 0 0 0 0 0 0 0 0 0 0 0 0 0 0 0 0 0 0 0 0 0 0 0 0 0 0 0 0 0 0 0 0 0 0 0 0 0 0 0 0 0 0 0 0 0 0 0 0 0 0 0 0 0 0 0 0 0 0 0 0 0 0 0 0 0 0 
0 0 0 0 0 0 0 0 0 0 0 0 0 0 0 0 0 0 0 0 0 0 0 0 0 0 0 0 0 0 0 0 0 0 0 0 0 0 0 0 0 0 0 0 0 0 0 0 0 0 0 0 0 0 0 0 0 0 0 0 0 0 0 0 0 0 0 0 0 0 0 0 0 0 0 0 0 0 0 0 0 0 0 0 0 0 0 0 0 0 0 0 0 0 0 0 0 0 0 0 0 0 0 0 0 0 0 0 0 0 0 0 0 0 0 0 0 0 0 0 0 0 0 0 0 0 0 0 
0 0 0 0 0 0 0 0 0 0 0 0 0 0 0 0 0 0 0 0 0 0 0 0 0 0 0 0 0 0 0 0 0 0 0 0 0 0 0 0 0 0 0 0 0 0 0 0 0 0 0 0 0 0 0 0 0 0 0 0 0 0 0 0 0 0 0 0 0 0 0 0 0 0 0 0 0 0 0 0 0 0 0 0 0 0 0 0 0 0 0 0 0 0 0 0 0 0 0 0 0 0 0 0 0 0 0 0 0 0 0 0 0 0 0 0 0 0 0 0 0 0 0 0 0 0 0 0 
0 0 0 0 0 0 0 0 0 0 0 0 0 0 0 0 0 0 0 0 0 0 0 0 0 0 0 0 0 0 0 0 0 0 0 0 0 0 0 0 0 0 0 0 0 0 0 0 0 0 0 0 0 0 0 0 0 0 0 0 0 0 0 0 0 0 0 0 0 0 0 0 0 0 0 0 0 0 0 0 0 0 0 0 0 0 0 0 0 0 0 0 0 0 0 0 0 0 0 0 0 0 0 0 0 0 0 0 0 0 0 0 0 0 0 0 0 0 0 0 0 0 0 0 0 0 0 0 
0 0 0 0 0 0 0 0 0 0 0 0 0 0 0 0 0 0 0 0 0 0 0 0 0 0 0 0 0 0 0 0 0 0 0 0 0 0 0 0 0 0 0 0 0 0 0 0 0 0 0 0 0 0 0 0 0 0 0 0 0 0 0 0 0 0 0 0 0 0 0 0 0 0 0 0 0 0 0 0 0 0 0 0 0 0 0 0 0 0 0 0 0 0 0 0 0 0 0 0 0 0 0 0 0 0 0 0 0 0 0 0 0 0 0 0 0 0 0 0 0 0 0 0 0 0 0 0 
0 0 0 0 0 0 0 0 0 0 0 0 0 0 0 0 0 0 0 0 0 0 0 0 0 0 0 0 0 0 0 0 0 0 0 0 0 0 0 0 0 0 0 0 0 0 0 0 0 0 0 0 0 0 0 0 0 0 0 0 0 0 0 0 0 0 0 0 0 0 0 0 0 0 0 0 0 0 0 0 0 0 0 0 0 0 0 0 0 0 0 0 0 0 0 0 0 0 0 0 0 0 0 0 0 0 0 0 0 0 0 0 0 0 0 0 0 0 0 0 0 0 0 0 0 0 0 0 
0 0 0 0 0 0 0 0 0 0 0 0 0 0 0 0 0 0 0 0 0 0 0 0 0 0 0 0 0 0 0 0 0 0 0 0 0 0 0 0 0 0 0 0 0 0 0 0 0 0 0 0 0 0 0 0 0 0 0 0 0 0 0 0 0 0 0 0 0 0 0 0 0 0 0 0 0 0 0 0 0 0 0 0 0 0 0 0 0 0 0 0 0 0 0 0 0 0 0 0 0 0 0 0 0 0 0 0 0 0 0 0 0 0 0 0 0 0 0 0 0 0 0 0 0 0 0 0 
0 0 0 0 0 0 0 0 0 0 0 0 0 0 0 0 0 0 0 0 0 0 0 0 0 0 0 0 0 0 0 0 0 0 0 0 0 0 0 0 0 0 0 0 0 0 0 0 0 0 0 0 0 0 0 0 0 0 0 0 0 0 0 0 0 0 0 0 0 0 0 0 0 0 0 0 0 0 0 0 0 0 0 0 0 0 0 0 0 0 0 0 0 0 0 0 0 0 0 0 0 0 0 0 0 0 0 0 0 0 0 0 0 0 0 0 0 0 0 0 0 0 0 0 0 0 0 0 
0 0 0 0 0 0 0 0 0 0 0 0 0 0 0 0 0 0 0 0 0 0 0 0 0 0 0 0 0 0 0 0 0 0 0 0 0 0 0 0 0 0 0 0 0 0 0 0 0 0 0 0 0 0 0 0 0 0 0 0 0 0 0 0 0 0 0 0 0 0 0 0 0 0 0 0 0 0 0 0 0 0 0 0 0 0 0 0 0 0 0 0 0 0 0 0 0 0 0 0 0 0 0 0 0 0 0 0 0 0 0 0 0 0 0 0 0 0 0 0 0 0 0 0 0 0 0 0 
0 0 0 0 0 0 0 0 0 0 0 0 0 0 0 0 0 0 0 0 0 0 0 0 0 0 0 0 0 0 0 0 0 0 0 0 0 0 0 0 0 0 0 0 0 0 0 0 0 0 0 0 0 0 0 0 0 0 0 0 0 0 0 0 0 0 0 0 0 0 0 0 0 0 0 0 0 0 0 0 0 0 0 0 0 0 0 0 0 0 0 0 0 0 0 0 0 0 0 0 0 0 0 0 0 0 0 0 0 0 0 0 0 0 0 0 0 0 0 0 0 0 0 0 0 0 0 0 
0 0 0 0 0 0 0 0 0 0 0 0 0 0 0 0 0 0 0 0 0 0 0 0 0 0 0 0 0 0 0 0 0 0 0 0 0 0 0 0 0 0 0 0 0 0 0 0 0 0 0 0 0 0 0 0 0 0 0 0 0 0 0 0 0 0 0 0 0 0 0 0 0 0 0 0 0 0 0 0 0 0 0 0 0 0 0 0 0 0 0 0 0 0 0 0 0 0 0 0 0 0 0 0 0 0 0 0 0 0 0 0 0 0 0 0 0 0 0 0 0 0 0 0 0 0 0 0 
0 0 0 0 0 0 0 0 0 0 0 0 0 0 0 0 0 0 0 0 0 0 0 0 0 0 0 0 0 0 0 0 0 0 0 0 0 0 0 0 0 0 0 0 0 0 0 0 0 0 0 0 0 0 0 0 0 0 0 0 0 0 0 0 0 0 0 0 0 0 0 0 0 0 0 0 0 0 0 0 0 0 0 0 0 0 0 0 0 0 0 0 0 0 0 0 0 0 0 0 0 0 0 0 0 0 0 0 0 0 0 0 0 0 0 0 0 0 0 0 0 0 0 0 0 0 0 0 
0 0 0 0 0 0 0 0 0 0 0 0 0 0 0 0 0 0 0 0 0 0 0 0 0 0 0 0 0 0 0 0 0 0 0 0 0 0 0 0 0 0 0 0 0 0 0 0 0 0 0 0 0 0 0 0 0 0 0 0 0 0 0 0 0 0 0 0 0 0 0 0 0 0 0 0 0 0 0 0 0 0 0 0 0 0 0 0 0 0 0 0 0 0 0 0 0 0 0 0 0 0 0 0 0 0 0 0 0 0 0 0 0 0 0 0 0 0 0 0 0 0 0 0 0 0 0 0 
0 0 0 0 0 0 0 0 0 0 0 0 0 0 0 0 0 0 0 0 0 0 0 0 0 0 0 0 0 0 0 0 0 0 0 0 0 0 0 0 0 0 0 0 0 0 0 0 0 0 0 0 0 0 0 0 0 0 0 0 0 0 0 0 0 0 0 0 0 0 0 0 0 0 0 0 0 0 0 0 0 0 0 0 0 0 0 0 0 0 0 0 0 0 0 0 0 0 0 0 0 0 0 0 0 0 0 0 0 0 0 0 0 0 0 0 0 0 0 0 0 0 0 0 0 0 0 0 
0 0 0 0 0 0 0 0 0 0 0 0 0 0 0 0 0 0 0 0 0 0 0 0 0 0 0 0 0 0 0 0 0 0 0 0 0 0 0 0 0 0 0 0 0 0 0 0 0 0 0 0 0 0 0 0 0 0 0 0 0 0 0 0 0 0 0 0 0 0 0 0 0 0 0 0 0 0 0 0 0 0 0 0 0 0 0 0 0 0 0 0 0 0 0 0 0 0 0 0 0 0 0 0 0 0 0 0 0 0 0 0 0 0 0 0 0 0 0 0 0 0 0 0 0 0 0 0 
0 0 0 0 0 0 0 0 0 0 0 0 0 0 0 0 0 0 0 0 0 0 0 0 0 0 0 0 0 0 0 0 0 0 0 0 0 0 0 0 0 0 0 0 0 0 0 0 0 0 0 0 0 0 0 0 0 0 0 0 0 0 0 0 0 0 0 0 0 0 0 0 0 0 0 0 0 0 0 0 0 0 0 0 0 0 0 0 0 0 0 0 0 0 0 0 0 0 0 0 0 0 0 0 0 0 0 0 0 0 0 0 0 0 0 0 0 0 0 0 0 0 0 0 0 0 0 0 
0 0 0 0 0 0 0 0 0 0 0 0 0 0 0 0 0 0 0 0 0 0 0 0 0 0 0 0 0 0 0 0 0 0 0 0 0 0 0 0 0 0 0 0 0 0 0 0 0 0 0 0 0 0 0 0 0 0 0 0 0 0 0 0 0 0 0 0 0 0 0 0 0 0 0 0 0 0 0 0 0 0 0 0 0 0 0 0 0 0 0 0 0 0 0 0 0 0 0 0 0 0 0 0 0 0 0 0 0 0 0 0 0 0 0 0 0 0 0 0 0 0 0 0 0 0 0 0 
0 0 0 0 0 0 0 0 0 0 0 0 0 0 0 0 0 0 0 0 0 0 0 0 0 0 0 0 0 0 0 0 0 0 0 0 0 0 0 0 0 0 0 0 0 0 0 0 0 0 0 0 0 0 0 0 0 0 0 0 0 0 0 0 0 0 0 0 0 0 0 0 0 0 0 0 0 0 0 0 0 0 0 0 0 0 0 0 0 0 0 0 0 0 0 0 0 0 0 0 0 0 0 0 0 0 0 0 0 0 0 0 0 0 0 0 0 0 0 0 0 0 0 0 0 0 0 0 
0 0 0 0 0 0 0 0 0 0 0 0 0 0 0 0 0 0 0 0 0 0 0 0 0 0 0 0 0 0 0 0 0 0 0 0 0 0 0 0 0 0 0 0 0 0 0 0 0 0 0 0 0 0 0 0 0 0 0 0 0 0 0 0 0 0 0 0 0 0 0 0 0 0 0 0 0 0 0 0 0 0 0 0 0 0 0 0 0 0 0 0 0 0 0 0 0 0 0 0 0 0 0 0 0 0 0 0 0 0 0 0 0 0 0 0 0 0 0 0 0 0 0 0 0 0 0 0 
0 0 0 0 0 0 0 0 0 0 0 0 0 0 0 0 0 0 0 0 0 0 0 0 0 0 0 0 0 0 0 0 0 0 0 0 0 0 0 0 0 0 0 0 0 0 0 0 0 0 0 0 0 0 0 0 0 0 0 0 0 0 0 0 0 0 0 0 0 0 0 0 0 0 0 0 0 0 0 0 0 0 0 0 0 0 0 0 0 0 0 0 0 0 0 0 0 0 0 0 0 0 0 0 0 0 0 0 0 0 0 0 0 0 0 0 0 0 0 0 0 0 0 0 0 0 0 0 
0 0 0 0 0 0 0 0 0 0 0 0 0 0 0 0 0 0 0 0 0 0 0 0 0 0 0 0 0 0 0 0 0 0 0 0 0 0 0 0 0 0 0 0 0 0 0 0 0 0 0 0 0 0 0 0 0 0 0 0 0 0 0 0 0 0 0 0 0 0 0 0 0 0 0 0 0 0 0 0 0 0 0 0 0 0 0 0 0 0 0 0 0 0 0 0 0 0 0 0 0 0 0 0 0 0 0 0 0 0 0 0 0 0 0 0 0 0 0 0 0 0 0 0 0 0 0 0 
0 0 0 0 0 0 0 0 0 0 0 0 0 0 0 0 0 0 0 0 0 0 0 0 0 0 0 0 0 0 0 0 0 0 0 0 0 0 0 0 0 0 0 0 0 0 0 0 0 0 0 0 0 0 0 0 0 0 0 0 0 0 0 0 0 0 0 0 0 0 0 0 0 0 0 0 0 0 0 0 0 0 0 0 0 0 0 0 0 0 0 0 0 0 0 0 0 0 0 0 0 0 0 0 0 0 0 0 0 0 0 0 0 0 0 0 0 0 0 0 0 0 0 0 0 0 0 0 
0 0 0 0 0 0 0 0 0 0 0 0 0 0 0 0 0 0 0 0 0 0 0 0 0 0 0 0 0 0 0 0 0 0 0 0 0 0 0 0 0 0 0 0 0 0 0 0 0 0 0 0 0 0 0 0 0 0 0 0 0 0 0 0 0 0 0 0 0 0 0 0 0 0 0 0 0 0 0 0 0 0 0 0 0 0 0 0 0 0 0 0 0 0 0 0 0 0 0 0 0 0 0 0 0 0 0 0 0 0 0 0 0 0 0 0 0 0 0 0 0 0 0 0 0 0 0 0 
0 0 0 0 0 0 0 0 0 0 0 0 0 0 0 0 0 0 0 0 0 0 0 0 0 0 0 0 0 0 0 0 0 0 0 0 0 0 0 0 0 0 0 0 0 0 0 0 0 0 0 0 0 0 0 0 0 0 0 0 0 0 0 0 0 0 0 0 0 0 0 0 0 0 0 0 0 0 0 0 0 0 0 0 0 0 0 0 0 0 0 0 0 0 0 0 0 0 0 0 0 0 0 0 0 0 0 0 0 0 0 0 0 0 0 0 0 0 0 0 0 0 0 0 0 0 0 0 
0 0 0 0 0 0 0 0 0 0 0 0 0 0 0 0 0 0 0 0 0 0 0 0 0 0 0 0 0 0 0 0 0 0 0 0 0 0 0 0 0 0 0 0 0 0 0 0 0 0 0 0 0 0 0 0 0 0 0 0 0 0 0 0 0 0 0 0 0 0 0 0 0 0 0 0 0 0 0 0 0 0 0 0 0 0 0 0 0 0 0 0 0 0 0 0 0 0 0 0 0 0 0 0 0 0 0 0 0 0 0 0 0 0 0 0 0 0 0 0 0 0 0 0 0 0 0 0 
0 0 0 0 0 0 0 0 0 0 0 0 0 0 0 0 0 0 0 0 0 0 0 0 0 0 0 0 0 0 0 0 0 0 0 0 0 0 0 0 0 0 0 0 0 0 0 0 0 0 0 0 0 0 0 0 0 0 0 0 0 0 0 0 0 0 0 0 0 0 0 0 0 0 0 0 0 0 0 0 0 0 0 0 0 0 0 0 0 0 0 0 0 0 0 0 0 0 0 0 0 0 0 0 0 0 0 0 0 0 0 0 0 0 0 0 0 0 0 0 0 0 0 0 0 0 0 0 
0 0 0 0 0 0 0 0 0 0 0 0 0 0 0 0 0 0 0 0 0 0 0 0 0 0 0 0 0 0 0 0 0 0 0 0 0 0 0 0 0 0 0 0 0 0 0 0 0 0 0 0 0 0 0 0 0 0 0 0 0 0 0 0 0 0 0 0 0 0 0 0 0 0 0 0 0 0 0 0 0 0 0 0 0 0 0 0 0 0 0 0 0 0 0 0 0 0 0 0 0 0 0 0 0 0 0 0 0 0 0 0 0 0 0 0 0 0 0 0 0 0 0 0 0 0 0 0 
0 0 0 0 0 0 0 0 0 0 0 0 0 0 0 0 0 0 0 0 0 0 0 0 0 0 0 0 0 0 0 0 0 0 0 0 0 0 0 0 0 0 0 0 0 0 0 0 0 0 0 0 0 0 0 0 0 0 0 0 0 0 0 0 0 0 0 0 0 0 0 0 0 0 0 0 0 0 0 0 0 0 0 0 0 0 0 0 0 0 0 0 0 0 0 0 0 0 0 0 0 0 0 0 0 0 0 0 0 0 0 0 0 0 0 0 0 0 0 0 0 0 0 0 0 0 0 0 
0 0 0 0 0 0 0 0 0 0 0 0 0 0 0 0 0 0 0 0 0 0 0 0 0 0 0 0 0 0 0 0 0 0 0 0 0 0 0 0 0 0 0 0 0 0 0 0 0 0 0 0 0 0 0 0 0 0 0 0 0 0 0 0 0 0 0 0 0 0 0 0 0 0 0 0 0 0 0 0 0 0 0 0 0 0 0 0 0 0 0 0 0 0 0 0 0 0 0 0 0 0 0 0 0 0 0 0 0 0 0 0 0 0 0 0 0 0 0 0 0 0 0 0 0 0 0 0 
0 0 0 0 0 0 0 0 0 0 0 0 0 0 0 0 0 0 0 0 0 0 0 0 0 0 0 0 0 0 0 0 0 0 0 0 0 0 0 0 0 0 0 0 0 0 0 0 0 0 0 0 0 0 0 0 0 0 0 0 0 0 0 0 0 0 0 0 0 0 0 0 0 0 0 0 0 0 0 0 0 0 0 0 0 0 0 0 0 0 0 0 0 0 0 0 0 0 0 0 0 0 0 0 0 0 0 0 0 0 0 0 0 0 0 0 0 0 0 0 0 0 0 0 0 0 0 0 
0 0 0 0 0 0 0 0 0 0 0 0 0 0 0 0 0 0 0 0 0 0 0 0 0 0 0 0 0 0 0 0 0 0 0 0 0 0 0 0 0 0 0 0 0 0 0 0 0 0 0 0 0 0 0 0 0 0 0 0 0 0 0 0 0 0 0 0 0 0 0 0 0 0 0 0 0 0 0 0 0 0 0 0 0 0 0 0 0 0 0 0 0 0 0 0 0 0 0 0 0 0 0 0 0 0 0 0 0 0 0 0 0 0 0 0 0 0 0 0 0 0 0 0 0 0 0 0 
0 0 0 0 0 0 0 0 0 0 0 0 0 0 0 0 0 0 0 0 0 0 0 0 0 0 0 0 0 0 0 0 0 0 0 0 0 0 0 0 0 0 0 0 0 0 0 0 0 0 0 0 0 0 0 0 0 0 0 0 0 0 0 0 0 0 0 0 0 0 0 0 0 0 0 0 0 0 0 0 0 0 0 0 0 0 0 0 0 0 0 0 0 0 0 0 0 0 0 0 0 0 0 0 0 0 0 0 0 0 0 0 0 0 0 0 0 0 0 0 0 0 0 0 0 0 0 0 
0 0 0 0 0 0 0 0 0 0 0 0 0 0 0 0 0 0 0 0 0 0 0 0 0 0 0 0 0 0 0 0 0 0 0 0 0 0 0 0 0 0 0 0 0 0 0 0 0 0 0 0 0 0 0 0 0 0 0 0 0 0 0 0 0 0 0 0 0 0 0 0 0 0 0 0 0 0 0 0 0 0 0 0 0 0 0 0 0 0 0 0 0 0 0 0 0 0 0 0 0 0 0 0 0 0 0 0 0 0 0 0 0 0 0 0 0 0 0 0 0 0 0 0 0 0 0 0 
0 0 0 0 0 0 0 0 0 0 0 0 0 0 0 0 0 0 0 0 0 0 0 0 0 0 0 0 0 0 0 0 0 0 0 0 0 0 0 0 0 0 0 0 0 0 0 0 0 0 0 0 0 0 0 0 0 0 0 0 0 0 0 0 0 0 0 0 0 0 0 0 0 0 0 0 0 0 0 0 0 0 0 0 0 0 0 0 0 0 0 0 0 0 0 0 0 0 0 0 0 0 0 0 0 0 0 0 0 0 0 0 0 0 0 0 0 0 0 0 0 0 0 0 0 0 0 0 
0 0 0 0 0 0 0 0 0 0 0 0 0 0 0 0 0 0 0 0 0 0 0 0 0 0 0 0 0 0 0 0 0 0 0 0 0 0 0 0 0 0 0 0 0 0 0 0 0 0 0 0 0 0 0 0 0 0 0 0 0 0 0 0 0 0 0 0 0 0 0 0 0 0 0 0 0 0 0 0 0 0 0 0 0 0 0 0 0 0 0 0 0 0 0 0 0 0 0 0 0 0 0 0 0 0 0 0 0 0 0 0 0 0 0 0 0 0 0 0 0 0 0 0 0 0 0 0 
0 0 0 0 0 0 0 0 0 0 0 0 0 0 0 0 0 0 0 0 0 0 0 0 0 0 0 0 0 0 0 0 0 0 0 0 0 0 0 0 0 0 0 0 0 0 0 0 0 0 0 0 0 0 0 0 0 0 0 0 0 0 0 0 0 0 0 0 0 0 0 0 0 0 0 0 0 0 0 0 0 0 0 0 0 0 0 0 0 0 0 0 0 0 0 0 0 0 0 0 0 0 0 0 0 0 0 0 0 0 0 0 0 0 0 0 0 0 0 0 0 0 0 0 0 0 0 0 
0 0 0 0 0 0 0 0 0 0 0 0 0 0 0 0 0 0 0 0 0 0 0 0 0 0 0 0 0 0 0 0 0 0 0 0 0 0 0 0 0 0 0 0 0 0 0 0 0 0 0 0 0 0 0 0 0 0 0 0 0 0 0 0 0 0 0 0 0 0 0 0 0 0 0 0 0 0 0 0 0 0 0 0 0 0 0 0 0 0 0 0 0 0 0 0 0 0 0 0 0 0 0 0 0 0 0 0 0 0 0 0 0 0 0 0 0 0 0 0 0 0 0 0 0 0 0 0 
0 0 0 0 0 0 0 0 0 0 0 0 0 0 0 0 0 0 0 0 0 0 0 0 0 0 0 0 0 0 0 0 0 0 0 0 0 0 0 0 0 0 0 0 0 0 0 0 0 0 0 0 0 0 0 0 0 0 0 0 0 0 0 0 0 0 0 0 0 0 0 0 0 0 0 0 0 0 0 0 0 0 0 0 0 0 0 0 0 0 0 0 0 0 0 0 0 0 0 0 0 0 0 0 0 0 0 0 0 0 0 0 0 0 0 0 0 0 0 0 0 0 0 0 0 0 0 0 
0 0 0 0 0 0 0 0 0 0 0 0 0 0 0 0 0 0 0 0 0 0 0 0 0 0 0 0 0 0 0 0 0 0 0 0 0 0 0 0 0 0 0 0 0 0 0 0 0 0 0 0 0 0 0 0 0 0 0 0 0 0 0 0 0 0 0 0 0 0 0 0 0 0 0 0 0 0 0 0 0 0 0 0 0 0 0 0 0 0 0 0 0 0 0 0 0 0 0 0 0 0 0 0 0 0 0 0 0 0 0 0 0 0 0 0 0 0 0 0 0 0 0 0 0 0 0 0 
0.227539 -1.46094 -0.125 0.00309753 0.259766 1.20312 -0.115234 0.209961 0.139648 -0.0170898 0.361328 1.04688 1.00781 -0.230469 -0.00494385 -0.382812 -0.112305 -0.875 -0.417969 0.419922 -0.359375 0.652344 0.0306396 0.617188 0.00209045 -0.443359 -0.114746 0.384766 -0.917969 -0.192383 0.240234 -0.617188 -0.194336 -0.392578 -0.0981445 0.421875 0.632812 -0.0196533 0.306641 -0.0776367 0.245117 -0.460938 0.416016 -0.484375 -0.785156 0.470703 -0.679688 -0.785156 0.65625 1.76562 0.0142212 0.46875 0.4375 -0.0358887 -0.12793 -0.746094 1.11719 0.699219 -1.47656 1.26562 1.78125 -0.185547 1.50781 0.445312 0.384766 0.394531 0.416016 0.0634766 -0.683594 -0.539062 0.691406 -0.527344 0.074707 0.172852 -0.398438 0.115723 -1.44531 -0.917969 0.652344 0.722656 -0.507812 0.447266 -1.11719 -0.59375 0.255859 -0.0510254 -0.24707 0.318359 1.05469 -1.13281 0.378906 -0.621094 0.333984 -0.574219 0.167969 0.306641 -0.410156 0.972656 -0.00958252 0.429688 -0.476562 1.38281 -0.273438 0.328125 -0.00296021 0.208984 -0.237305 -0.404297 0.357422 0.59375 -0.273438 0.0708008 -0.625 0.894531 -0.349609 -0.578125 -0.914062 -1.73438 -0.118164 1.47656 0.326172 0.636719 -0.351562 -0.130859 1 -1.125 -0.601562 0.691406 
0 0 0 0 0 0 0 0 0 0 0 0 0 0 0 0 0 0 0 0 0 0 0 0 0 0 0 0 0 0 0 0 0 0 0 0 0 0 0 0 0 0 0 0 0 0 0 0 0 0 0 0 0 0 0 0 0 0 0 0 0 0 0 0 0 0 0 0 0 0 0 0 0 0 0 0 0 0 0 0 0 0 0 0 0 0 0 0 0 0 0 0 0 0 0 0 0 0 0 0 0 0 0 0 0 0 0 0 0 0 0 0 0 0 0 0 0 0 0 0 0 0 0 0 0 0 0 0 
0 0 0 0 0 0 0 0 0 0 0 0 0 0 0 0 0 0 0 0 0 0 0 0 0 0 0 0 0 0 0 0 0 0 0 0 0 0 0 0 0 0 0 0 0 0 0 0 0 0 0 0 0 0 0 0 0 0 0 0 0 0 0 0 0 0 0 0 0 0 0 0 0 0 0 0 0 0 0 0 0 0 0 0 0 0 0 0 0 0 0 0 0 0 0 0 0 0 0 0 0 0 0 0 0 0 0 0 0 0 0 0 0 0 0 0 0 0 0 0 0 0 0 0 0 0 0 0 
0 0 0 0 0 0 0 0 0 0 0 0 0 0 0 0 0 0 0 0 0 0 0 0 0 0 0 0 0 0 0 0 0 0 0 0 0 0 0 0 0 0 0 0 0 0 0 0 0 0 0 0 0 0 0 0 0 0 0 0 0 0 0 0 0 0 0 0 0 0 0 0 0 0 0 0 0 0 0 0 0 0 0 0 0 0 0 0 0 0 0 0 0 0 0 0 0 0 0 0 0 0 0 0 0 0 0 0 0 0 0 0 0 0 0 0 0 0 0 0 0 0 0 0 0 0 0 0 
0 0 0 0 0 0 0 0 0 0 0 0 0 0 0 0 0 0 0 0 0 0 0 0 0 0 0 0 0 0 0 0 0 0 0 0 0 0 0 0 0 0 0 0 0 0 0 0 0 0 0 0 0 0 0 0 0 0 0 0 0 0 0 0 0 0 0 0 0 0 0 0 0 0 0 0 0 0 0 0 0 0 0 0 0 0 0 0 0 0 0 0 0 0 0 0 0 0 0 0 0 0 0 0 0 0 0 0 0 0 0 0 0 0 0 0 0 0 0 0 0 0 0 0 0 0 0 0 
0 0 0 0 0 0 0 0 0 0 0 0 0 0 0 0 0 0 0 0 0 0 0 0 0 0 0 0 0 0 0 0 0 0 0 0 0 0 0 0 0 0 0 0 0 0 0 0 0 0 0 0 0 0 0 0 0 0 0 0 0 0 0 0 0 0 0 0 0 0 0 0 0 0 0 0 0 0 0 0 0 0 0 0 0 0 0 0 0 0 0 0 0 0 0 0 0 0 0 0 0 0 0 0 0 0 0 0 0 0 0 0 0 0 0 0 0 0 0 0 0 0 0 0 0 0 0 0 
0 0 0 0 0 0 0 0 0 0 0 0 0 0 0 0 0 0 0 0 0 0 0 0 0 0 0 0 0 0 0 0 0 0 0 0 0 0 0 0 0 0 0 0 0 0 0 0 0 0 0 0 0 0 0 0 0 0 0 0 0 0 0 0 0 0 0 0 0 0 0 0 0 0 0 0 0 0 0 0 0 0 0 0 0 0 0 0 0 0 0 0 0 0 0 0 0 0 0 0 0 0 0 0 0 0 0 0 0 0 0 0 0 0 0 0 0 0 0 0 0 0 0 0 0 0 0 0 
0 0 0 0 0 0 0 0 0 0 0 0 0 0 0 0 0 0 0 0 0 0 0 0 0 0 0 0 0 0 0 0 0 0 0 0 0 0 0 0 0 0 0 0 0 0 0 0 0 0 0 0 0 0 0 0 0 0 0 0 0 0 0 0 0 0 0 0 0 0 0 0 0 0 0 0 0 0 0 0 0 0 0 0 0 0 0 0 0 0 0 0 0 0 0 0 0 0 0 0 0 0 0 0 0 0 0 0 0 0 0 0 0 0 0 0 0 0 0 0 0 0 0 0 0 0 0 0 
0 0 0 0 0 0 0 0 0 0 0 0 0 0 0 0 0 0 0 0 0 0 0 0 0 0 0 0 0 0 0 0 0 0 0 0 0 0 0 0 0 0 0 0 0 0 0 0 0 0 0 0 0 0 0 0 0 0 0 0 0 0 0 0 0 0 0 0 0 0 0 0 0 0 0 0 0 0 0 0 0 0 0 0 0 0 0 0 0 0 0 0 0 0 0 0 0 0 0 0 0 0 0 0 0 0 0 0 0 0 0 0 0 0 0 0 0 0 0 0 0 0 0 0 0 0 0 0 
0 0 0 0 0 0 0 0 0 0 0 0 0 0 0 0 0 0 0 0 0 0 0 0 0 0 0 0 0 0 0 0 0 0 0 0 0 0 0 0 0 0 0 0 0 0 0 0 0 0 0 0 0 0 0 0 0 0 0 0 0 0 0 0 0 0 0 0 0 0 0 0 0 0 0 0 0 0 0 0 0 0 0 0 0 0 0 0 0 0 0 0 0 0 0 0 0 0 0 0 0 0 0 0 0 0 0 0 0 0 0 0 0 0 0 0 0 0 0 0 0 0 0 0 0 0 0 0 
0 0 0 0 0 0 0 0 0 0 0 0 0 0 0 0 0 0 0 0 0 0 0 0 0 0 0 0 0 0 0 0 0 0 0 0 0 0 0 0 0 0 0 0 0 0 0 0 0 0 0 0 0 0 0 0 0 0 0 0 0 0 0 0 0 0 0 0 0 0 0 0 0 0 0 0 0 0 0 0 0 0 0 0 0 0 0 0 0 0 0 0 0 0 0 0 0 0 0 0 0 0 0 0 0 0 0 0 0 0 0 0 0 0 0 0 0 0 0 0 0 0 0 0 0 0 0 0 
0 0 0 0 0 0 0 0 0 0 0 0 0 0 0 0 0 0 0 0 0 0 0 0 0 0 0 0 0 0 0 0 0 0 0 0 0 0 0 0 0 0 0 0 0 0 0 0 0 0 0 0 0 0 0 0 0 0 0 0 0 0 0 0 0 0 0 0 0 0 0 0 0 0 0 0 0 0 0 0 0 0 0 0 0 0 0 0 0 0 0 0 0 0 0 0 0 0 0 0 0 0 0 0 0 0 0 0 0 0 0 0 0 0 0 0 0 0 0 0 0 0 0 0 0 0 0 0 
0 0 0 0 0 0 0 0 0 0 0 0 0 0 0 0 0 0 0 0 0 0 0 0 0 0 0 0 0 0 0 0 0 0 0 0 0 0 0 0 0 0 0 0 0 0 0 0 0 0 0 0 0 0 0 0 0 0 0 0 0 0 0 0 0 0 0 0 0 0 0 0 0 0 0 0 0 0 0 0 0 0 0 0 0 0 0 0 0 0 0 0 0 0 0 0 0 0 0 0 0 0 0 0 0 0 0 0 0 0 0 0 0 0 0 0 0 0 0 0 0 0 0 0 0 0 0 0 
0 0 0 0 0 0 0 0 0 0 0 0 0 0 0 0 0 0 0 0 0 0 0 0 0 0 0 0 0 0 0 0 0 0 0 0 0 0 0 0 0 0 0 0 0 0 0 0 0 0 0 0 0 0 0 0 0 0 0 0 0 0 0 0 0 0 0 0 0 0 0 0 0 0 0 0 0 0 0 0 0 0 0 0 0 0 0 0 0 0 0 0 0 0 0 0 0 0 0 0 0 0 0 0 0 0 0 0 0 0 0 0 0 0 0 0 0 0 0 0 0 0 0 0 0 0 0 0 
0 0 0 0 0 0 0 0 0 0 0 0 0 0 0 0 0 0 0 0 0 0 0 0 0 0 0 0 0 0 0 0 0 0 0 0 0 0 0 0 0 0 0 0 0 0 0 0 0 0 0 0 0 0 0 0 0 0 0 0 0 0 0 0 0 0 0 0 0 0 0 0 0 0 0 0 0 0 0 0 0 0 0 0 0 0 0 0 0 0 0 0 0 0 0 0 0 0 0 0 0 0 0 0 0 0 0 0 0 0 0 0 0 0 0 0 0 0 0 0 0 0 0 0 0 0 0 0 
0 0 0 0 0 0 0 0 0 0 0 0 0 0 0 0 0 0 0 0 0 0 0 0 0 0 0 0 0 0 0 0 0 0 0 0 0 0 0 0 0 0 0 0 0 0 0 0 0 0 0 0 0 0 0 0 0 0 0 0 0 0 0 0 0 0 0 0 0 0 0 0 0 0 0 0 0 0 0 0 0 0 0 0 0 0 0 0 0 0 0 0 0 0 0 0 0 0 0 0 0 0 0 0 0 0 0 0 0 0 0 0 0 0 0 0 0 0 0 0 0 0 0 0 0 0 0 0 
0 0 0 0 0 0 0 0 0 0 0 0 0 0 0 0 0 0 0 0 0 0 0 0 0 0 0 0 0 0 0 0 0 0 0 0 0 0 0 0 0 0 0 0 0 0 0 0 0 0 0 0 0 0 0 0 0 0 0 0 0 0 0 0 0 0 0 0 0 0 0 0 0 0 0 0 0 0 0 0 0 0 0 0 0 0 0 0 0 0 0 0 0 0 0 0 0 0 0 0 0 0 0 0 0 0 0 0 0 0 0 0 0 0 0 0 0 0 0 0 0 0 0 0 0 0 0 0 
0 0 0 0 0 0 0 0 0 0 0 0 0 0 0 0 0 0 0 0 0 0 0 0 0 0 0 0 0 0 0 0 0 0 0 0 0 0 0 0 0 0 0 0 0 0 0 0 0 0 0 0 0 0 0 0 0 0 0 0 0 0 0 0 0 0 0 0 0 0 0 0 0 0 0 0 0 0 0 0 0 0 0 0 0 0 0 0 0 0 0 0 0 0 0 0 0 0 0 0 0 0 0 0 0 0 0 0 0 0 0 0 0 0 0 0 0 0 0 0 0 0 0 0 0 0 0 0 
0 0 0 0 0 0 0 0 0 0 0 0 0 0 0 0 0 0 0 0 0 0 0 0 0 0 0 0 0 0 0 0 0 0 0 0 0 0 0 0 0 0 0 0 0 0 0 0 0 0 0 0 0 0 0 0 0 0 0 0 0 0 0 0 0 0 0 0 0 0 0 0 0 0 0 0 0 0 0 0 0 0 0 0 0 0 0 0 0 0 0 0 0 0 0 0 0 0 0 0 0 0 0 0 0 0 0 0 0 0 0 0 0 0 0 0 0 0 0 0 0 0 0 0 0 0 0 0 
0 0 0 0 0 0 0 0 0 0 0 0 0 0 0 0 0 0 0 0 0 0 0 0 0 0 0 0 0 0 0 0 0 0 0 0 0 0 0 0 0 0 0 0 0 0 0 0 0 0 0 0 0 0 0 0 0 0 0 0 0 0 0 0 0 0 0 0 0 0 0 0 0 0 0 0 0 0 0 0 0 0 0 0 0 0 0 0 0 0 0 0 0 0 0 0 0 0 0 0 0 0 0 0 0 0 0 0 0 0 0 0 0 0 0 0 0 0 0 0 0 0 0 0 0 0 0 0 
0 0 0 0 0 0 0 0 0 0 0 0 0 0 0 0 0 0 0 0 0 0 0 0 0 0 0 0 0 0 0 0 0 0 0 0 0 0 0 0 0 0 0 0 0 0 0 0 0 0 0 0 0 0 0 0 0 0 0 0 0 0 0 0 0 0 0 0 0 0 0 0 0 0 0 0 0 0 0 0 0 0 0 0 0 0 0 0 0 0 0 0 0 0 0 0 0 0 0 0 0 0 0 0 0 0 0 0 0 0 0 0 0 0 0 0 0 0 0 0 0 0 0 0 0 0 0 0 
0 0 0 0 0 0 0 0 0 0 0 0 0 0 0 0 0 0 0 0 0 0 0 0 0 0 0 0 0 0 0 0 0 0 0 0 0 0 0 0 0 0 0 0 0 0 0 0 0 0 0 0 0 0 0 0 0 0 0 0 0 0 0 0 0 0 0 0 0 0 0 0 0 0 0 0 0 0 0 0 0 0 0 0 0 0 0 0 0 0 0 0 0 0 0 0 0 0 0 0 0 0 0 0 0 0 0 0 0 0 0 0 0 0 0 0 0 0 0 0 0 0 0 0 0 0 0 0 
0 0 0 0 0 0 0 0 0 0 0 0 0 0 0 0 0 0 0 0 0 0 0 0 0 0 0 0 0 0 0 0 0 0 0 0 0 0 0 0 0 0 0 0 0 0 0 0 0 0 0 0 0 0 0 0 0 0 0 0 0 0 0 0 0 0 0 0 0 0 0 0 0 0 0 0 0 0 0 0 0 0 0 0 0 0 0 0 0 0 0 0 0 0 0 0 0 0 0 0 0 0 0 0 0 0 0 0 0 0 0 0 0 0 0 0 0 0 0 0 0 0 0 0 0 0 0 0 
0 0 0 0 0 0 0 0 0 0 0 0 0 0 0 0 0 0 0 0 0 0 0 0 0 0 0 0 0 0 0 0 0 0 0 0 0 0 0 0 0 0 0 0 0 0 0 0 0 0 0 0 0 0 0 0 0 0 0 0 0 0 0 0 0 0 0 0 0 0 0 0 0 0 0 0 0 0 0 0 0 0 0 0 0 0 0 0 0 0 0 0 0 0 0 0 0 0 0 0 0 0 0 0 0 0 0 0 0 0 0 0 0 0 0 0 0 0 0 0 0 0 0 0 0 0 0 0 
0 0 0 0 0 0 0 0 0 0 0 0 0 0 0 0 0 0 0 0 0 0 0 0 0 0 0 0 0 0 0 0 0 0 0 0 0 0 0 0 0 0 0 0 0 0 0 0 0 0 0 0 0 0 0 0 0 0 0 0 0 0 0 0 0 0 0 0 0 0 0 0 0 0 0 0 0 0 0 0 0 0 0 0 0 0 0 0 0 0 0 0 0 0 0 0 0 0 0 0 0 0 0 0 0 0 0 0 0 0 0 0 0 0 0 0 0 0 0 0 0 0 0 0 0 0 0 0 
0 0 0 0 0 0 0 0 0 0 0 0 0 0 0 0 0 0 0 0 0 0 0 0 0 0 0 0 0 0 0 0 0 0 0 0 0 0 0 0 0 0 0 0 0 0 0 0 0 0 0 0 0 0 0 0 0 0 0 0 0 0 0 0 0 0 0 0 0 0 0 0 0 0 0 0 0 0 0 0 0 0 0 0 0 0 0 0 0 0 0 0 0 0 0 0 0 0 0 0 0 0 0 0 0 0 0 0 0 0 0 0 0 0 0 0 0 0 0 0 0 0 0 0 0 0 0 0 
0 0 0 0 0 0 0 0 0 0 0 0 0 0 0 0 0 0 0 0 0 0 0 0 0 0 0 0 0 0 0 0 0 0 0 0 0 0 0 0 0 0 0 0 0 0 0 0 0 0 0 0 0 0 0 0 0 0 0 0 0 0 0 0 0 0 0 0 0 0 0 0 0 0 0 0 0 0 0 0 0 0 0 0 0 0 0 0 0 0 0 0 0 0 0 0 0 0 0 0 0 0 0 0 0 0 0 0 0 0 0 0 0 0 0 0 0 0 0 0 0 0 0 0 0 0 0 0 
0 0 0 0 0 0 0 0 0 0 0 0 0 0 0 0 0 0 0 0 0 0 0 0 0 0 0 0 0 0 0 0 0 0 0 0 0 0 0 0 0 0 0 0 0 0 0 0 0 0 0 0 0 0 0 0 0 0 0 0 0 0 0 0 0 0 0 0 0 0 0 0 0 0 0 0 0 0 0 0 0 0 0 0 0 0 0 0 0 0 0 0 0 0 0 0 0 0 0 0 0 0 0 0 0 0 0 0 0 0 0 0 0 0 0 0 0 0 0 0 0 0 0 0 0 0 0 0 
0 0 0 0 0 0 0 0 0 0 0 0 0 0 0 0 0 0 0 0 0 0 0 0 0 0 0 0 0 0 0 0 0 0 0 0 0 0 0 0 0 0 0 0 0 0 0 0 0 0 0 0 0 0 0 0 0 0 0 0 0 0 0 0 0 0 0 0 0 0 0 0 0 0 0 0 0 0 0 0 0 0 0 0 0 0 0 0 0 0 0 0 0 0 0 0 0 0 0 0 0 0 0 0 0 0 0 0 0 0 0 0 0 0 0 0 0 0 0 0 0 0 0 0 0 0 0 0 
0 0 0 0 0 0 0 0 0 0 0 0 0 0 0 0 0 0 0 0 0 0 0 0 0 0 0 0 0 0 0 0 0 0 0 0 0 0 0 0 0 0 0 0 0 0 0 0 0 0 0 0 0 0 0 0 0 0 0 0 0 0 0 0 0 0 0 0 0 0 0 0 0 0 0 0 0 0 0 0 0 0 0 0 0 0 0 0 0 0 0 0 0 0 0 0 0 0 0 0 0 0 0 0 0 0 0 0 0 0 0 0 0 0 0 0 0 0 0 0 0 0 0 0 0 0 0 0 
0 0 0 0 0 0 0 0 0 0 0 0 0 0 0 0 0 0 0 0 0 0 0 0 0 0 0 0 0 0 0 0 0 0 0 0 0 0 0 0 0 0 0 0 0 0 0 0 0 0 0 0 0 0 0 0 0 0 0 0 0 0 0 0 0 0 0 0 0 0 0 0 0 0 0 0 0 0 0 0 0 0 0 0 0 0 0 0 0 0 0 0 0 0 0 0 0 0 0 0 0 0 0 0 0 0 0 0 0 0 0 0 0 0 0 0 0 0 0 0 0 0 0 0 0 0 0 0 
0 0 0 0 0 0 0 0 0 0 0 0 0 0 0 0 0 0 0 0 0 0 0 0 0 0 0 0 0 0 0 0 0 0 0 0 0 0 0 0 0 0 0 0 0 0 0 0 0 0 0 0 0 0 0 0 0 0 0 0 0 0 0 0 0 0 0 0 0 0 0 0 0 0 0 0 0 0 0 0 0 0 0 0 0 0 0 0 0 0 0 0 0 0 0 0 0 0 0 0 0 0 0 0 0 0 0 0 0 0 0 0 0 0 0 0 0 0 0 0 0 0 0 0 0 0 0 0 
0 0 0 0 0 0 0 0 0 0 0 0 0 0 0 0 0 0 0 0 0 0 0 0 0 0 0 0 0 0 0 0 0 0 0 0 0 0 0 0 0 0 0 0 0 0 0 0 0 0 0 0 0 0 0 0 0 0 0 0 0 0 0 0 0 0 0 0 0 0 0 0 0 0 0 0 0 0 0 0 0 0 0 0 0 0 0 0 0 0 0 0 0 0 0 0 0 0 0 0 0 0 0 0 0 0 0 0 0 0 0 0 0 0 0 0 0 0 0 0 0 0 0 0 0 0 0 0 
0 0 0 0 0 0 0 0 0 0 0 0 0 0 0 0 0 0 0 0 0 0 0 0 0 0 0 0 0 0 0 0 0 0 0 0 0 0 0 0 0 0 0 0 0 0 0 0 0 0 0 0 0 0 0 0 0 0 0 0 0 0 0 0 0 0 0 0 0 0 0 0 0 0 0 0 0 0 0 0 0 0 0 0 0 0 0 0 0 0 0 0 0 0 0 0 0 0 0 0 0 0 0 0 0 0 0 0 0 0 0 0 0 0 0 0 0 0 0 0 0 0 0 0 0 0 0 0 
0 0 0 0 0 0 0 0 0 0 0 0 0 0 0 0 0 0 0 0 0 0 0 0 0 0 0 0 0 0 0 0 0 0 0 0 0 0 0 0 0 0 0 0 0 0 0 0 0 0 0 0 0 0 0 0 0 0 0 0 0 0 0 0 0 0 0 0 0 0 0 0 0 0 0 0 0 0 0 0 0 0 0 0 0 0 0 0 0 0 0 0 0 0 0 0 0 0 0 0 0 0 0 0 0 0 0 0 0 0 0 0 0 0 0 0 0 0 0 0 0 0 0 0 0 0 0 0 
0 0 0 0 0 0 0 0 0 0 0 0 0 0 0 0 0 0 0 0 0 0 0 0 0 0 0 0 0 0 0 0 0 0 0 0 0 0 0 0 0 0 0 0 0 0 0 0 0 0 0 0 0 0 0 0 0 0 0 0 0 0 0 0 0 0 0 0 0 0 0 0 0 0 0 0 0 0 0 0 0 0 0 0 0 0 0 0 0 0 0 0 0 0 0 0 0 0 0 0 0 0 0 0 0 0 0 0 0 0 0 0 0 0 0 0 0 0 0 0 0 0 0 0 0 0 0 0 
0 0 0 0 0 0 0 0 0 0 0 0 0 0 0 0 0 0 0 0 0 0 0 0 0 0 0 0 0 0 0 0 0 0 0 0 0 0 0 0 0 0 0 0 0 0 0 0 0 0 0 0 0 0 0 0 0 0 0 0 0 0 0 0 0 0 0 0 0 0 0 0 0 0 0 0 0 0 0 0 0 0 0 0 0 0 0 0 0 0 0 0 0 0 0 0 0 0 0 0 0 0 0 0 0 0 0 0 0 0 0 0 0 0 0 0 0 0 0 0 0 0 0 0 0 0 0 0 
0 0 0 0 0 0 0 0 0 0 0 0 0 0 0 0 0 0 0 0 0 0 0 0 0 0 0 0 0 0 0 0 0 0 0 0 0 0 0 0 0 0 0 0 0 0 0 0 0 0 0 0 0 0 0 0 0 0 0 0 0 0 0 0 0 0 0 0 0 0 0 0 0 0 0 0 0 0 0 0 0 0 0 0 0 0 0 0 0 0 0 0 0 0 0 0 0 0 0 0 0 0 0 0 0 0 0 0 0 0 0 0 0 0 0 0 0 0 0 0 0 0 0 0 0 0 0 0 
0 0 0 0 0 0 0 0 0 0 0 0 0 0 0 0 0 0 0 0 0 0 0 0 0 0 0 0 0 0 0 0 0 0 0 0 0 0 0 0 0 0 0 0 0 0 0 0 0 0 0 0 0 0 0 0 0 0 0 0 0 0 0 0 0 0 0 0 0 0 0 0 0 0 0 0 0 0 0 0 0 0 0 0 0 0 0 0 0 0 0 0 0 0 0 0 0 0 0 0 0 0 0 0 0 0 0 0 0 0 0 0 0 0 0 0 0 0 0 0 0 0 0 0 0 0 0 0 
0 0 0 0 0 0 0 0 0 0 0 0 0 0 0 0 0 0 0 0 0 0 0 0 0 0 0 0 0 0 0 0 0 0 0 0 0 0 0 0 0 0 0 0 0 0 0 0 0 0 0 0 0 0 0 0 0 0 0 0 0 0 0 0 0 0 0 0 0 0 0 0 0 0 0 0 0 0 0 0 0 0 0 0 0 0 0 0 0 0 0 0 0 0 0 0 0 0 0 0 0 0 0 0 0 0 0 0 0 0 0 0 0 0 0 0 0 0 0 0 0 0 0 0 0 0 0 0 
0 0 0 0 0 0 0 0 0 0 0 0 0 0 0 0 0 0 0 0 0 0 0 0 0 0 0 0 0 0 0 0 0 0 0 0 0 0 0 0 0 0 0 0 0 0 0 0 0 0 0 0 0 0 0 0 0 0 0 0 0 0 0 0 0 0 0 0 0 0 0 0 0 0 0 0 0 0 0 0 0 0 0 0 0 0 0 0 0 0 0 0 0 0 0 0 0 0 0 0 0 0 0 0 0 0 0 0 0 0 0 0 0 0 0 0 0 0 0 0 0 0 0 0 0 0 0 0 
0 0 0 0 0 0 0 0 0 0 0 0 0 0 0 0 0 0 0 0 0 0 0 0 0 0 0 0 0 0 0 0 0 0 0 0 0 0 0 0 0 0 0 0 0 0 0 0 0 0 0 0 0 0 0 0 0 0 0 0 0 0 0 0 0 0 0 0 0 0 0 0 0 0 0 0 0 0 0 0 0 0 0 0 0 0 0 0 0 0 0 0 0 0 0 0 0 0 0 0 0 0 0 0 0 0 0 0 0 0 0 0 0 0 0 0 0 0 0 0 0 0 0 0 0 0 0 0 
0 0 0 0 0 0 0 0 0 0 0 0 0 0 0 0 0 0 0 0 0 0 0 0 0 0 0 0 0 0 0 0 0 0 0 0 0 0 0 0 0 0 0 0 0 0 0 0 0 0 0 0 0 0 0 0 0 0 0 0 0 0 0 0 0 0 0 0 0 0 0 0 0 0 0 0 0 0 0 0 0 0 0 0 0 0 0 0 0 0 0 0 0 0 0 0 0 0 0 0 0 0 0 0 0 0 0 0 0 0 0 0 0 0 0 0 0 0 0 0 0 0 0 0 0 0 0 0 
0 0 0 0 0 0 0 0 0 0 0 0 0 0 0 0 0 0 0 0 0 0 0 0 0 0 0 0 0 0 0 0 0 0 0 0 0 0 0 0 0 0 0 0 0 0 0 0 0 0 0 0 0 0 0 0 0 0 0 0 0 0 0 0 0 0 0 0 0 0 0 0 0 0 0 0 0 0 0 0 0 0 0 0 0 0 0 0 0 0 0 0 0 0 0 0 0 0 0 0 0 0 0 0 0 0 0 0 0 0 0 0 0 0 0 0 0 0 0 0 0 0 0 0 0 0 0 0 
0 0 0 0 0 0 0 0 0 0 0 0 0 0 0 0 0 0 0 0 0 0 0 0 0 0 0 0 0 0 0 0 0 0 0 0 0 0 0 0 0 0 0 0 0 0 0 0 0 0 0 0 0 0 0 0 0 0 0 0 0 0 0 0 0 0 0 0 0 0 0 0 0 0 0 0 0 0 0 0 0 0 0 0 0 0 0 0 0 0 0 0 0 0 0 0 0 0 0 0 0 0 0 0 0 0 0 0 0 0 0 0 0 0 0 0 0 0 0 0 0 0 0 0 0 0 0 0 
0 0 0 0 0 0 0 0 0 0 0 0 0 0 0 0 0 0 0 0 0 0 0 0 0 0 0 0 0 0 0 0 0 0 0 0 0 0 0 0 0 0 0 0 0 0 0 0 0 0 0 0 0 0 0 0 0 0 0 0 0 0 0 0 0 0 0 0 0 0 0 0 0 0 0 0 0 0 0 0 0 0 0 0 0 0 0 0 0 0 0 0 0 0 0 0 0 0 0 0 0 0 0 0 0 0 0 0 0 0 0 0 0 0 0 0 0 0 0 0 0 0 0 0 0 0 0 0 
0 0 0 0 0 0 0 0 0 0 0 0 0 0 0 0 0 0 0 0 0 0 0 0 0 0 0 0 0 0 0 0 0 0 0 0 0 0 0 0 0 0 0 0 0 0 0 0 0 0 0 0 0 0 0 0 0 0 0 0 0 0 0 0 0 0 0 0 0 0 0 0 0 0 0 0 0 0 0 0 0 0 0 0 0 0 0 0 0 0 0 0 0 0 0 0 0 0 0 0 0 0 0 0 0 0 0 0 0 0 0 0 0 0 0 0 0 0 0 0 0 0 0 0 0 0 0 0 
0 0 0 0 0 0 0 0 0 0 0 0 0 0 0 0 0 0 0 0 0 0 0 0 0 0 0 0 0 0 0 0 0 0 0 0 0 0 0 0 0 0 0 0 0 0 0 0 0 0 0 0 0 0 0 0 0 0 0 0 0 0 0 0 0 0 0 0 0 0 0 0 0 0 0 0 0 0 0 0 0 0 0 0 0 0 0 0 0 0 0 0 0 0 0 0 0 0 0 0 0 0 0 0 0 0 0 0 0 0 0 0 0 0 0 0 0 0 0 0 0 0 0 0 0 0 0 0 
0 0 0 0 0 0 0 0 0 0 0 0 0 0 0 0 0 0 0 0 0 0 0 0 0 0 0 0 0 0 0 0 0 0 0 0 0 0 0 0 0 0 0 0 0 0 0 0 0 0 0 0 0 0 0 0 0 0 0 0 0 0 0 0 0 0 0 0 0 0 0 0 0 0 0 0 0 0 0 0 0 0 0 0 0 0 0 0 0 0 0 0 0 0 0 0 0 0 0 0 0 0 0 0 0 0 0 0 0 0 0 0 0 0 0 0 0 0 0 0 0 0 0 0 0 0 0 0 
0 0 0 0 0 0 0 0 0 0 0 0 0 0 0 0 0 0 0 0 0 0 0 0 0 0 0 0 0 0 0 0 0 0 0 0 0 0 0 0 0 0 0 0 0 0 0 0 0 0 0 0 0 0 0 0 0 0 0 0 0 0 0 0 0 0 0 0 0 0 0 0 0 0 0 0 0 0 0 0 0 0 0 0 0 0 0 0 0 0 0 0 0 0 0 0 0 0 0 0 0 0 0 0 0 0 0 0 0 0 0 0 0 0 0 0 0 0 0 0 0 0 0 0 0 0 0 0 
0 0 0 0 0 0 0 0 0 0 0 0 0 0 0 0 0 0 0 0 0 0 0 0 0 0 0 0 0 0 0 0 0 0 0 0 0 0 0 0 0 0 0 0 0 0 0 0 0 0 0 0 0 0 0 0 0 0 0 0 0 0 0 0 0 0 0 0 0 0 0 0 0 0 0 0 0 0 0 0 0 0 0 0 0 0 0 0 0 0 0 0 0 0 0 0 0 0 0 0 0 0 0 0 0 0 0 0 0 0 0 0 0 0 0 0 0 0 0 0 0 0 0 0 0 0 0 0 
0 0 0 0 0 0 0 0 0 0 0 0 0 0 0 0 0 0 0 0 0 0 0 0 0 0 0 0 0 0 0 0 0 0 0 0 0 0 0 0 0 0 0 0 0 0 0 0 0 0 0 0 0 0 0 0 0 0 0 0 0 0 0 0 0 0 0 0 0 0 0 0 0 0 0 0 0 0 0 0 0 0 0 0 0 0 0 0 0 0 0 0 0 0 0 0 0 0 0 0 0 0 0 0 0 0 0 0 0 0 0 0 0 0 0 0 0 0 0 0 0 0 0 0 0 0 0 0 
0 0 0 0 0 0 0 0 0 0 0 0 0 0 0 0 0 0 0 0 0 0 0 0 0 0 0 0 0 0 0 0 0 0 0 0 0 0 0 0 0 0 0 0 0 0 0 0 0 0 0 0 0 0 0 0 0 0 0 0 0 0 0 0 0 0 0 0 0 0 0 0 0 0 0 0 0 0 0 0 0 0 0 0 0 0 0 0 0 0 0 0 0 0 0 0 0 0 0 0 0 0 0 0 0 0 0 0 0 0 0 0 0 0 0 0 0 0 0 0 0 0 0 0 0 0 0 0 
0 0 0 0 0 0 0 0 0 0 0 0 0 0 0 0 0 0 0 0 0 0 0 0 0 0 0 0 0 0 0 0 0 0 0 0 0 0 0 0 0 0 0 0 0 0 0 0 0 0 0 0 0 0 0 0 0 0 0 0 0 0 0 0 0 0 0 0 0 0 0 0 0 0 0 0 0 0 0 0 0 0 0 0 0 0 0 0 0 0 0 0 0 0 0 0 0 0 0 0 0 0 0 0 0 0 0 0 0 0 0 0 0 0 0 0 0 0 0 0 0 0 0 0 0 0 0 0 
0 0 0 0 0 0 0 0 0 0 0 0 0 0 0 0 0 0 0 0 0 0 0 0 0 0 0 0 0 0 0 0 0 0 0 0 0 0 0 0 0 0 0 0 0 0 0 0 0 0 0 0 0 0 0 0 0 0 0 0 0 0 0 0 0 0 0 0 0 0 0 0 0 0 0 0 0 0 0 0 0 0 0 0 0 0 0 0 0 0 0 0 0 0 0 0 0 0 0 0 0 0 0 0 0 0 0 0 0 0 0 0 0 0 0 0 0 0 0 0 0 0 0 0 0 0 0 0 
0 0 0 0 0 0 0 0 0 0 0 0 0 0 0 0 0 0 0 0 0 0 0 0 0 0 0 0 0 0 0 0 0 0 0 0 0 0 0 0 0 0 0 0 0 0 0 0 0 0 0 0 0 0 0 0 0 0 0 0 0 0 0 0 0 0 0 0 0 0 0 0 0 0 0 0 0 0 0 0 0 0 0 0 0 0 0 0 0 0 0 0 0 0 0 0 0 0 0 0 0 0 0 0 0 0 0 0 0 0 0 0 0 0 0 0 0 0 0 0 0 0 0 0 0 0 0 0 
0 0 0 0 0 0 0 0 0 0 0 0 0 0 0 0 0 0 0 0 0 0 0 0 0 0 0 0 0 0 0 0 0 0 0 0 0 0 0 0 0 0 0 0 0 0 0 0 0 0 0 0 0 0 0 0 0 0 0 0 0 0 0 0 0 0 0 0 0 0 0 0 0 0 0 0 0 0 0 0 0 0 0 0 0 0 0 0 0 0 0 0 0 0 0 0 0 0 0 0 0 0 0 0 0 0 0 0 0 0 0 0 0 0 0 0 0 0 0 0 0 0 0 0 0 0 0 0 
0 0 0 0 0 0 0 0 0 0 0 0 0 0 0 0 0 0 0 0 0 0 0 0 0 0 0 0 0 0 0 0 0 0 0 0 0 0 0 0 0 0 0 0 0 0 0 0 0 0 0 0 0 0 0 0 0 0 0 0 0 0 0 0 0 0 0 0 0 0 0 0 0 0 0 0 0 0 0 0 0 0 0 0 0 0 0 0 0 0 0 0 0 0 0 0 0 0 0 0 0 0 0 0 0 0 0 0 0 0 0 0 0 0 0 0 0 0 0 0 0 0 0 0 0 0 0 0 
0 0 0 0 0 0 0 0 0 0 0 0 0 0 0 0 0 0 0 0 0 0 0 0 0 0 0 0 0 0 0 0 0 0 0 0 0 0 0 0 0 0 0 0 0 0 0 0 0 0 0 0 0 0 0 0 0 0 0 0 0 0 0 0 0 0 0 0 0 0 0 0 0 0 0 0 0 0 0 0 0 0 0 0 0 0 0 0 0 0 0 0 0 0 0 0 0 0 0 0 0 0 0 0 0 0 0 0 0 0 0 0 0 0 0 0 0 0 0 0 0 0 0 0 0 0 0 0 
0 0 0 0 0 0 0 0 0 0 0 0 0 0 0 0 0 0 0 0 0 0 0 0 0 0 0 0 0 0 0 0 0 0 0 0 0 0 0 0 0 0 0 0 0 0 0 0 0 0 0 0 0 0 0 0 0 0 0 0 0 0 0 0 0 0 0 0 0 0 0 0 0 0 0 0 0 0 0 0 0 0 0 0 0 0 0 0 0 0 0 0 0 0 0 0 0 0 0 0 0 0 0 0 0 0 0 0 0 0 0 0 0 0 0 0 0 0 0 0 0 0 0 0 0 0 0 0 
0 0 0 0 0 0 0 0 0 0 0 0 0 0 0 0 0 0 0 0 0 0 0 0 0 0 0 0 0 0 0 0 0 0 0 0 0 0 0 0 0 0 0 0 0 0 0 0 0 0 0 0 0 0 0 0 0 0 0 0 0 0 0 0 0 0 0 0 0 0 0 0 0 0 0 0 0 0 0 0 0 0 0 0 0 0 0 0 0 0 0 0 0 0 0 0 0 0 0 0 0 0 0 0 0 0 0 0 0 0 0 0 0 0 0 0 0 0 0 0 0 0 0 0 0 0 0 0 
0 0 0 0 0 0 0 0 0 0 0 0 0 0 0 0 0 0 0 0 0 0 0 0 0 0 0 0 0 0 0 0 0 0 0 0 0 0 0 0 0 0 0 0 0 0 0 0 0 0 0 0 0 0 0 0 0 0 0 0 0 0 0 0 0 0 0 0 0 0 0 0 0 0 0 0 0 0 0 0 0 0 0 0 0 0 0 0 0 0 0 0 0 0 0 0 0 0 0 0 0 0 0 0 0 0 0 0 0 0 0 0 0 0 0 0 0 0 0 0 0 0 0 0 0 0 0 0 
0 0 0 0 0 0 0 0 0 0 0 0 0 0 0 0 0 0 0 0 0 0 0 0 0 0 0 0 0 0 0 0 0 0 0 0 0 0 0 0 0 0 0 0 0 0 0 0 0 0 0 0 0 0 0 0 0 0 0 0 0 0 0 0 0 0 0 0 0 0 0 0 0 0 0 0 0 0 0 0 0 0 0 0 0 0 0 0 0 0 0 0 0 0 0 0 0 0 0 0 0 0 0 0 0 0 0 0 0 0 0 0 0 0 0 0 0 0 0 0 0 0 0 0 0 0 0 0 
0 0 0 0 0 0 0 0 0 0 0 0 0 0 0 0 0 0 0 0 0 0 0 0 0 0 0 0 0 0 0 0 0 0 0 0 0 0 0 0 0 0 0 0 0 0 0 0 0 0 0 0 0 0 0 0 0 0 0 0 0 0 0 0 0 0 0 0 0 0 0 0 0 0 0 0 0 0 0 0 0 0 0 0 0 0 0 0 0 0 0 0 0 0 0 0 0 0 0 0 0 0 0 0 0 0 0 0 0 0 0 0 0 0 0 0 0 0 0 0 0 0 0 0 0 0 0 0 
0 0 0 0 0 0 0 0 0 0 0 0 0 0 0 0 0 0 0 0 0 0 0 0 0 0 0 0 0 0 0 0 0 0 0 0 0 0 0 0 0 0 0 0 0 0 0 0 0 0 0 0 0 0 0 0 0 0 0 0 0 0 0 0 0 0 0 0 0 0 0 0 0 0 0 0 0 0 0 0 0 0 0 0 0 0 0 0 0 0 0 0 0 0 0 0 0 0 0 0 0 0 0 0 0 0 0 0 0 0 0 0 0 0 0 0 0 0 0 0 0 0 0 0 0 0 0 0 
0 0 0 0 0 0 0 0 0 0 0 0 0 0 0 0 0 0 0 0 0 0 0 0 0 0 0 0 0 0 0 0 0 0 0 0 0 0 0 0 0 0 0 0 0 0 0 0 0 0 0 0 0 0 0 0 0 0 0 0 0 0 0 0 0 0 0 0 0 0 0 0 0 0 0 0 0 0 0 0 0 0 0 0 0 0 0 0 0 0 0 0 0 0 0 0 0 0 0 0 0 0 0 0 0 0 0 0 0 0 0 0 0 0 0 0 0 0 0 0 0 0 0 0 0 0 0 0 
0 0 0 0 0 0 0 0 0 0 0 0 0 0 0 0 0 0 0 0 0 0 0 0 0 0 0 0 0 0 0 0 0 0 0 0 0 0 0 0 0 0 0 0 0 0 0 0 0 0 0 0 0 0 0 0 0 0 0 0 0 0 0 0 0 0 0 0 0 0 0 0 0 0 0 0 0 0 0 0 0 0 0 0 0 0 0 0 0 0 0 0 0 0 0 0 0 0 0 0 0 0 0 0 0 0 0 0 0 0 0 0 0 0 0 0 0 0 0 0 0 0 0 0 0 0 0 0 
0 0 0 0 0 0 0 0 0 0 0 0 0 0 0 0 0 0 0 0 0 0 0 0 0 0 0 0 0 0 0 0 0 0 0 0 0 0 0 0 0 0 0 0 0 0 0 0 0 0 0 0 0 0 0 0 0 0 0 0 0 0 0 0 0 0 0 0 0 0 0 0 0 0 0 0 0 0 0 0 0 0 0 0 0 0 0 0 0 0 0 0 0 0 0 0 0 0 0 0 0 0 0 0 0 0 0 0 0 0 0 0 0 0 0 0 0 0 0 0 0 0 0 0 0 0 0 0 
0 0 0 0 0 0 0 0 0 0 0 0 0 0 0 0 0 0 0 0 0 0 0 0 0 0 0 0 0 0 0 0 0 0 0 0 0 0 0 0 0 0 0 0 0 0 0 0 0 0 0 0 0 0 0 0 0 0 0 0 0 0 0 0 0 0 0 0 0 0 0 0 0 0 0 0 0 0 0 0 0 0 0 0 0 0 0 0 0 0 0 0 0 0 0 0 0 0 0 0 0 0 0 0 0 0 0 0 0 0 0 0 0 0 0 0 0 0 0 0 0 0 0 0 0 0 0 0 
0 0 0 0 0 0 0 0 0 0 0 0 0 0 0 0 0 0 0 0 0 0 0 0 0 0 0 0 0 0 0 0 0 0 0 0 0 0 0 0 0 0 0 0 0 0 0 0 0 0 0 0 0 0 0 0 0 0 0 0 0 0 0 0 0 0 0 0 0 0 0 0 0 0 0 0 0 0 0 0 0 0 0 0 0 0 0 0 0 0 0 0 0 0 0 0 0 0 0 0 0 0 0 0 0 0 0 0 0 0 0 0 0 0 0 0 0 0 0 0 0 0 0 0 0 0 0 0 
0 0 0 0 0 0 0 0 0 0 0 0 0 0 0 0 0 0 0 0 0 0 0 0 0 0 0 0 0 0 0 0 0 0 0 0 0 0 0 0 0 0 0 0 0 0 0 0 0 0 0 0 0 0 0 0 0 0 0 0 0 0 0 0 0 0 0 0 0 0 0 0 0 0 0 0 0 0 0 0 0 0 0 0 0 0 0 0 0 0 0 0 0 0 0 0 0 0 0 0 0 0 0 0 0 0 0 0 0 0 0 0 0 0 0 0 0 0 0 0 0 0 0 0 0 0 0 0 
0 0 0 0 0 0 0 0 0 0 0 0 0 0 0 0 0 0 0 0 0 0 0 0 0 0 0 0 0 0 0 0 0 0 0 0 0 0 0 0 0 0 0 0 0 0 0 0 0 0 0 0 0 0 0 0 0 0 0 0 0 0 0 0 0 0 0 0 0 0 0 0 0 0 0 0 0 0 0 0 0 0 0 0 0 0 0 0 0 0 0 0 0 0 0 0 0 0 0 0 0 0 0 0 0 0 0 0 0 0 0 0 0 0 0 0 0 0 0 0 0 0 0 0 0 0 0 0 
0 0 0 0 0 0 0 0 0 0 0 0 0 0 0 0 0 0 0 0 0 0 0 0 0 0 0 0 0 0 0 0 0 0 0 0 0 0 0 0 0 0 0 0 0 0 0 0 0 0 0 0 0 0 0 0 0 0 0 0 0 0 0 0 0 0 0 0 0 0 0 0 0 0 0 0 0 0 0 0 0 0 0 0 0 0 0 0 0 0 0 0 0 0 0 0 0 0 0 0 0 0 0 0 0 0 0 0 0 0 0 0 0 0 0 0 0 0 0 0 0 0 0 0 0 0 0 0 
0 0 0 0 0 0 0 0 0 0 0 0 0 0 0 0 0 0 0 0 0 0 0 0 0 0 0 0 0 0 0 0 0 0 0 0 0 0 0 0 0 0 0 0 0 0 0 0 0 0 0 0 0 0 0 0 0 0 0 0 0 0 0 0 0 0 0 0 0 0 0 0 0 0 0 0 0 0 0 0 0 0 0 0 0 0 0 0 0 0 0 0 0 0 0 0 0 0 0 0 0 0 0 0 0 0 0 0 0 0 0 0 0 0 0 0 0 0 0 0 0 0 0 0 0 0 0 0 
0 0 0 0 0 0 0 0 0 0 0 0 0 0 0 0 0 0 0 0 0 0 0 0 0 0 0 0 0 0 0 0 0 0 0 0 0 0 0 0 0 0 0 0 0 0 0 0 0 0 0 0 0 0 0 0 0 0 0 0 0 0 0 0 0 0 0 0 0 0 0 0 0 0 0 0 0 0 0 0 0 0 0 0 0 0 0 0 0 0 0 0 0 0 0 0 0 0 0 0 0 0 0 0 0 0 0 0 0 0 0 0 0 0 0 0 0 0 0 0 0 0 0 0 0 0 0 0 
0 0 0 0 0 0 0 0 0 0 0 0 0 0 0 0 0 0 0 0 0 0 0 0 0 0 0 0 0 0 0 0 0 0 0 0 0 0 0 0 0 0 0 0 0 0 0 0 0 0 0 0 0 0 0 0 0 0 0 0 0 0 0 0 0 0 0 0 0 0 0 0 0 0 0 0 0 0 0 0 0 0 0 0 0 0 0 0 0 0 0 0 0 0 0 0 0 0 0 0 0 0 0 0 0 0 0 0 0 0 0 0 0 0 0 0 0 0 0 0 0 0 0 0 0 0 0 0 
0 0 0 0 0 0 0 0 0 0 0 0 0 0 0 0 0 0 0 0 0 0 0 0 0 0 0 0 0 0 0 0 0 0 0 0 0 0 0 0 0 0 0 0 0 0 0 0 0 0 0 0 0 0 0 0 0 0 0 0 0 0 0 0 0 0 0 0 0 0 0 0 0 0 0 0 0 0 0 0 0 0 0 0 0 0 0 0 0 0 0 0 0 0 0 0 0 0 0 0 0 0 0 0 0 0 0 0 0 0 0 0 0 0 0 0 0 0 0 0 0 0 0 0 0 0 0 0 
0 0 0 0 0 0 0 0 0 0 0 0 0 0 0 0 0 0 0 0 0 0 0 0 0 0 0 0 0 0 0 0 0 0 0 0 0 0 0 0 0 0 0 0 0 0 0 0 0 0 0 0 0 0 0 0 0 0 0 0 0 0 0 0 0 0 0 0 0 0 0 0 0 0 0 0 0 0 0 0 0 0 0 0 0 0 0 0 0 0 0 0 0 0 0 0 0 0 0 0 0 0 0 0 0 0 0 0 0 0 0 0 0 0 0 0 0 0 0 0 0 0 0 0 0 0 0 0 
0 0 0 0 0 0 0 0 0 0 0 0 0 0 0 0 0 0 0 0 0 0 0 0 0 0 0 0 0 0 0 0 0 0 0 0 0 0 0 0 0 0 0 0 0 0 0 0 0 0 0 0 0 0 0 0 0 0 0 0 0 0 0 0 0 0 0 0 0 0 0 0 0 0 0 0 0 0 0 0 0 0 0 0 0 0 0 0 0 0 0 0 0 0 0 0 0 0 0 0 0 0 0 0 0 0 0 0 0 0 0 0 0 0 0 0 0 0 0 0 0 0 0 0 0 0 0 0 
0 0 0 0 0 0 0 0 0 0 0 0 0 0 0 0 0 0 0 0 0 0 0 0 0 0 0 0 0 0 0 0 0 0 0 0 0 0 0 0 0 0 0 0 0 0 0 0 0 0 0 0 0 0 0 0 0 0 0 0 0 0 0 0 0 0 0 0 0 0 0 0 0 0 0 0 0 0 0 0 0 0 0 0 0 0 0 0 0 0 0 0 0 0 0 0 0 0 0 0 0 0 0 0 0 0 0 0 0 0 0 0 0 0 0 0 0 0 0 0 0 0 0 0 0 0 0 0 
0 0 0 0 0 0 0 0 0 0 0 0 0 0 0 0 0 0 0 0 0 0 0 0 0 0 0 0 0 0 0 0 0 0 0 0 0 0 0 0 0 0 0 0 0 0 0 0 0 0 0 0 0 0 0 0 0 0 0 0 0 0 0 0 0 0 0 0 0 0 0 0 0 0 0 0 0 0 0 0 0 0 0 0 0 0 0 0 0 0 0 0 0 0 0 0 0 0 0 0 0 0 0 0 0 0 0 0 0 0 0 0 0 0 0 0 0 0 0 0 0 0 0 0 0 0 0 0 
0 0 0 0 0 0 0 0 0 0 0 0 0 0 0 0 0 0 0 0 0 0 0 0 0 0 0 0 0 0 0 0 0 0 0 0 0 0 0 0 0 0 0 0 0 0 0 0 0 0 0 0 0 0 0 0 0 0 0 0 0 0 0 0 0 0 0 0 0 0 0 0 0 0 0 0 0 0 0 0 0 0 0 0 0 0 0 0 0 0 0 0 0 0 0 0 0 0 0 0 0 0 0 0 0 0 0 0 0 0 0 0 0 0 0 0 0 0 0 0 0 0 0 0 0 0 0 0 
0 0 0 0 0 0 0 0 0 0 0 0 0 0 0 0 0 0 0 0 0 0 0 0 0 0 0 0 0 0 0 0 0 0 0 0 0 0 0 0 0 0 0 0 0 0 0 0 0 0 0 0 0 0 0 0 0 0 0 0 0 0 0 0 0 0 0 0 0 0 0 0 0 0 0 0 0 0 0 0 0 0 0 0 0 0 0 0 0 0 0 0 0 0 0 0 0 0 0 0 0 0 0 0 0 0 0 0 0 0 0 0 0 0 0 0 0 0 0 0 0 0 0 0 0 0 0 0 
0 0 0 0 0 0 0 0 0 0 0 0 0 0 0 0 0 0 0 0 0 0 0 0 0 0 0 0 0 0 0 0 0 0 0 0 0 0 0 0 0 0 0 0 0 0 0 0 0 0 0 0 0 0 0 0 0 0 0 0 0 0 0 0 0 0 0 0 0 0 0 0 0 0 0 0 0 0 0 0 0 0 0 0 0 0 0 0 0 0 0 0 0 0 0 0 0 0 0 0 0 0 0 0 0 0 0 0 0 0 0 0 0 0 0 0 0 0 0 0 0 0 0 0 0 0 0 0 
0 0 0 0 0 0 0 0 0 0 0 0 0 0 0 0 0 0 0 0 0 0 0 0 0 0 0 0 0 0 0 0 0 0 0 0 0 0 0 0 0 0 0 0 0 0 0 0 0 0 0 0 0 0 0 0 0 0 0 0 0 0 0 0 0 0 0 0 0 0 0 0 0 0 0 0 0 0 0 0 0 0 0 0 0 0 0 0 0 0 0 0 0 0 0 0 0 0 0 0 0 0 0 0 0 0 0 0 0 0 0 0 0 0 0 0 0 0 0 0 0 0 0 0 0 0 0 0 
0 0 0 0 0 0 0 0 0 0 0 0 0 0 0 0 0 0 0 0 0 0 0 0 0 0 0 0 0 0 0 0 0 0 0 0 0 0 0 0 0 0 0 0 0 0 0 0 0 0 0 0 0 0 0 0 0 0 0 0 0 0 0 0 0 0 0 0 0 0 0 0 0 0 0 0 0 0 0 0 0 0 0 0 0 0 0 0 0 0 0 0 0 0 0 0 0 0 0 0 0 0 0 0 0 0 0 0 0 0 0 0 0 0 0 0 0 0 0 0 0 0 0 0 0 0 0 0 
0 0 0 0 0 0 0 0 0 0 0 0 0 0 0 0 0 0 0 0 0 0 0 0 0 0 0 0 0 0 0 0 0 0 0 0 0 0 0 0 0 0 0 0 0 0 0 0 0 0 0 0 0 0 0 0 0 0 0 0 0 0 0 0 0 0 0 0 0 0 0 0 0 0 0 0 0 0 0 0 0 0 0 0 0 0 0 0 0 0 0 0 0 0 0 0 0 0 0 0 0 0 0 0 0 0 0 0 0 0 0 0 0 0 0 0 0 0 0 0 0 0 0 0 0 0 0 0 
0 0 0 0 0 0 0 0 0 0 0 0 0 0 0 0 0 0 0 0 0 0 0 0 0 0 0 0 0 0 0 0 0 0 0 0 0 0 0 0 0 0 0 0 0 0 0 0 0 0 0 0 0 0 0 0 0 0 0 0 0 0 0 0 0 0 0 0 0 0 0 0 0 0 0 0 0 0 0 0 0 0 0 0 0 0 0 0 0 0 0 0 0 0 0 0 0 0 0 0 0 0 0 0 0 0 0 0 0 0 0 0 0 0 0 0 0 0 0 0 0 0 0 0 0 0 0 0 
0 0 0 0 0 0 0 0 0 0 0 0 0 0 0 0 0 0 0 0 0 0 0 0 0 0 0 0 0 0 0 0 0 0 0 0 0 0 0 0 0 0 0 0 0 0 0 0 0 0 0 0 0 0 0 0 0 0 0 0 0 0 0 0 0 0 0 0 0 0 0 0 0 0 0 0 0 0 0 0 0 0 0 0 0 0 0 0 0 0 0 0 0 0 0 0 0 0 0 0 0 0 0 0 0 0 0 0 0 0 0 0 0 0 0 0 0 0 0 0 0 0 0 0 0 0 0 0 
0 0 0 0 0 0 0 0 0 0 0 0 0 0 0 0 0 0 0 0 0 0 0 0 0 0 0 0 0 0 0 0 0 0 0 0 0 0 0 0 0 0 0 0 0 0 0 0 0 0 0 0 0 0 0 0 0 0 0 0 0 0 0 0 0 0 0 0 0 0 0 0 0 0 0 0 0 0 0 0 0 0 0 0 0 0 0 0 0 0 0 0 0 0 0 0 0 0 0 0 0 0 0 0 0 0 0 0 0 0 0 0 0 0 0 0 0 0 0 0 0 0 0 0 0 0 0 0 
0 0 0 0 0 0 0 0 0 0 0 0 0 0 0 0 0 0 0 0 0 0 0 0 0 0 0 0 0 0 0 0 0 0 0 0 0 0 0 0 0 0 0 0 0 0 0 0 0 0 0 0 0 0 0 0 0 0 0 0 0 0 0 0 0 0 0 0 0 0 0 0 0 0 0 0 0 0 0 0 0 0 0 0 0 0 0 0 0 0 0 0 0 0 0 0 0 0 0 0 0 0 0 0 0 0 0 0 0 0 0 0 0 0 0 0 0 0 0 0 0 0 0 0 0 0 0 0 
0 0 0 0 0 0 0 0 0 0 0 0 0 0 0 0 0 0 0 0 0 0 0 0 0 0 0 0 0 0 0 0 0 0 0 0 0 0 0 0 0 0 0 0 0 0 0 0 0 0 0 0 0 0 0 0 0 0 0 0 0 0 0 0 0 0 0 0 0 0 0 0 0 0 0 0 0 0 0 0 0 0 0 0 0 0 0 0 0 0 0 0 0 0 0 0 0 0 0 0 0 0 0 0 0 0 0 0 0 0 0 0 0 0 0 0 0 0 0 0 0 0 0 0 0 0 0 0 
0 0 0 0 0 0 0 0 0 0 0 0 0 0 0 0 0 0 0 0 0 0 0 0 0 0 0 0 0 0 0 0 0 0 0 0 0 0 0 0 0 0 0 0 0 0 0 0 0 0 0 0 0 0 0 0 0 0 0 0 0 0 0 0 0 0 0 0 0 0 0 0 0 0 0 0 0 0 0 0 0 0 0 0 0 0 0 0 0 0 0 0 0 0 0 0 0 0 0 0 0 0 0 0 0 0 0 0 0 0 0 0 0 0 0 0 0 0 0 0 0 0 0 0 0 0 0 0 
0 0 0 0 0 0 0 0 0 0 0 0 0 0 0 0 0 0 0 0 0 0 0 0 0 0 0 0 0 0 0 0 0 0 0 0 0 0 0 0 0 0 0 0 0 0 0 0 0 0 0 0 0 0 0 0 0 0 0 0 0 0 0 0 0 0 0 0 0 0 0 0 0 0 0 0 0 0 0 0 0 0 0 0 0 0 0 0 0 0 0 0 0 0 0 0 0 0 0 0 0 0 0 0 0 0 0 0 0 0 0 0 0 0 0 0 0 0 0 0 0 0 0 0 0 0 0 0 
0 0 0 0 0 0 0 0 0 0 0 0 0 0 0 0 0 0 0 0 0 0 0 0 0 0 0 0 0 0 0 0 0 0 0 0 0 0 0 0 0 0 0 0 0 0 0 0 0 0 0 0 0 0 0 0 0 0 0 0 0 0 0 0 0 0 0 0 0 0 0 0 0 0 0 0 0 0 0 0 0 0 0 0 0 0 0 0 0 0 0 0 0 0 0 0 0 0 0 0 0 0 0 0 0 0 0 0 0 0 0 0 0 0 0 0 0 0 0 0 0 0 0 0 0 0 0 0 
0 0 0 0 0 0 0 0 0 0 0 0 0 0 0 0 0 0 0 0 0 0 0 0 0 0 0 0 0 0 0 0 0 0 0 0 0 0 0 0 0 0 0 0 0 0 0 0 0 0 0 0 0 0 0 0 0 0 0 0 0 0 0 0 0 0 0 0 0 0 0 0 0 0 0 0 0 0 0 0 0 0 0 0 0 0 0 0 0 0 0 0 0 0 0 0 0 0 0 0 0 0 0 0 0 0 0 0 0 0 0 0 0 0 0 0 0 0 0 0 0 0 0 0 0 0 0 0 
0 0 0 0 0 0 0 0 0 0 0 0 0 0 0 0 0 0 0 0 0 0 0 0 0 0 0 0 0 0 0 0 0 0 0 0 0 0 0 0 0 0 0 0 0 0 0 0 0 0 0 0 0 0 0 0 0 0 0 0 0 0 0 0 0 0 0 0 0 0 0 0 0 0 0 0 0 0 0 0 0 0 0 0 0 0 0 0 0 0 0 0 0 0 0 0 0 0 0 0 0 0 0 0 0 0 0 0 0 0 0 0 0 0 0 0 0 0 0 0 0 0 0 0 0 0 0 0 
0 0 0 0 0 0 0 0 0 0 0 0 0 0 0 0 0 0 0 0 0 0 0 0 0 0 0 0 0 0 0 0 0 0 0 0 0 0 0 0 0 0 0 0 0 0 0 0 0 0 0 0 0 0 0 0 0 0 0 0 0 0 0 0 0 0 0 0 0 0 0 0 0 0 0 0 0 0 0 0 0 0 0 0 0 0 0 0 0 0 0 0 0 0 0 0 0 0 0 0 0 0 0 0 0 0 0 0 0 0 0 0 0 0 0 0 0 0 0 0 0 0 0 0 0 0 0 0 
0 0 0 0 0 0 0 0 0 0 0 0 0 0 0 0 0 0 0 0 0 0 0 0 0 0 0 0 0 0 0 0 0 0 0 0 0 0 0 0 0 0 0 0 0 0 0 0 0 0 0 0 0 0 0 0 0 0 0 0 0 0 0 0 0 0 0 0 0 0 0 0 0 0 0 0 0 0 0 0 0 0 0 0 0 0 0 0 0 0 0 0 0 0 0 0 0 0 0 0 0 0 0 0 0 0 0 0 0 0 0 0 0 0 0 0 0 0 0 0 0 0 0 0 0 0 0 0 
0 0 0 0 0 0 0 0 0 0 0 0 0 0 0 0 0 0 0 0 0 0 0 0 0 0 0 0 0 0 0 0 0 0 0 0 0 0 0 0 0 0 0 0 0 0 0 0 0 0 0 0 0 0 0 0 0 0 0 0 0 0 0 0 0 0 0 0 0 0 0 0 0 0 0 0 0 0 0 0 0 0 0 0 0 0 0 0 0 0 0 0 0 0 0 0 0 0 0 0 0 0 0 0 0 0 0 0 0 0 0 0 0 0 0 0 0 0 0 0 0 0 0 0 0 0 0 0 
0 0 0 0 0 0 0 0 0 0 0 0 0 0 0 0 0 0 0 0 0 0 0 0 0 0 0 0 0 0 0 0 0 0 0 0 0 0 0 0 0 0 0 0 0 0 0 0 0 0 0 0 0 0 0 0 0 0 0 0 0 0 0 0 0 0 0 0 0 0 0 0 0 0 0 0 0 0 0 0 0 0 0 0 0 0 0 0 0 0 0 0 0 0 0 0 0 0 0 0 0 0 0 0 0 0 0 0 0 0 0 0 0 0 0 0 0 0 0 0 0 0 0 0 0 0 0 0 
0 0 0 0 0 0 0 0 0 0 0 0 0 0 0 0 0 0 0 0 0 0 0 0 0 0 0 0 0 0 0 0 0 0 0 0 0 0 0 0 0 0 0 0 0 0 0 0 0 0 0 0 0 0 0 0 0 0 0 0 0 0 0 0 0 0 0 0 0 0 0 0 0 0 0 0 0 0 0 0 0 0 0 0 0 0 0 0 0 0 0 0 0 0 0 0 0 0 0 0 0 0 0 0 0 0 0 0 0 0 0 0 0 0 0 0 0 0 0 0 0 0 0 0 0 0 0 0 
0 0 0 0 0 0 0 0 0 0 0 0 0 0 0 0 0 0 0 0 0 0 0 0 0 0 0 0 0 0 0 0 0 0 0 0 0 0 0 0 0 0 0 0 0 0 0 0 0 0 0 0 0 0 0 0 0 0 0 0 0 0 0 0 0 0 0 0 0 0 0 0 0 0 0 0 0 0 0 0 0 0 0 0 0 0 0 0 0 0 0 0 0 0 0 0 0 0 0 0 0 0 0 0 0 0 0 0 0 0 0 0 0 0 0 0 0 0 0 0 0 0 0 0 0 0 0 0 
0 0 0 0 0 0 0 0 0 0 0 0 0 0 0 0 0 0 0 0 0 0 0 0 0 0 0 0 0 0 0 0 0 0 0 0 0 0 0 0 0 0 0 0 0 0 0 0 0 0 0 0 0 0 0 0 0 0 0 0 0 0 0 0 0 0 0 0 0 0 0 0 0 0 0 0 0 0 0 0 0 0 0 0 0 0 0 0 0 0 0 0 0 0 0 0 0 0 0 0 0 0 0 0 0 0 0 0 0 0 0 0 0 0 0 0 0 0 0 0 0 0 0 0 0 0 0 0 
0 0 0 0 0 0 0 0 0 0 0 0 0 0 0 0 0 0 0 0 0 0 0 0 0 0 0 0 0 0 0 0 0 0 0 0 0 0 0 0 0 0 0 0 0 0 0 0 0 0 0 0 0 0 0 0 0 0 0 0 0 0 0 0 0 0 0 0 0 0 0 0 0 0 0 0 0 0 0 0 0 0 0 0 0 0 0 0 0 0 0 0 0 0 0 0 0 0 0 0 0 0 0 0 0 0 0 0 0 0 0 0 0 0 0 0 0 0 0 0 0 0 0 0 0 0 0 0 
0 0 0 0 0 0 0 0 0 0 0 0 0 0 0 0 0 0 0 0 0 0 0 0 0 0 0 0 0 0 0 0 0 0 0 0 0 0 0 0 0 0 0 0 0 0 0 0 0 0 0 0 0 0 0 0 0 0 0 0 0 0 0 0 0 0 0 0 0 0 0 0 0 0 0 0 0 0 0 0 0 0 0 0 0 0 0 0 0 0 0 0 0 0 0 0 0 0 0 0 0 0 0 0 0 0 0 0 0 0 0 0 0 0 0 0 0 0 0 0 0 0 0 0 0 0 0 0 
0 0 0 0 0 0 0 0 0 0 0 0 0 0 0 0 0 0 0 0 0 0 0 0 0 0 0 0 0 0 0 0 0 0 0 0 0 0 0 0 0 0 0 0 0 0 0 0 0 0 0 0 0 0 0 0 0 0 0 0 0 0 0 0 0 0 0 0 0 0 0 0 0 0 0 0 0 0 0 0 0 0 0 0 0 0 0 0 0 0 0 0 0 0 0 0 0 0 0 0 0 0 0 0 0 0 0 0 0 0 0 0 0 0 0 0 0 0 0 0 0 0 0 0 0 0 0 0 
0 0 0 0 0 0 0 0 0 0 0 0 0 0 0 0 0 0 0 0 0 0 0 0 0 0 0 0 0 0 0 0 0 0 0 0 0 0 0 0 0 0 0 0 0 0 0 0 0 0 0 0 0 0 0 0 0 0 0 0 0 0 0 0 0 0 0 0 0 0 0 0 0 0 0 0 0 0 0 0 0 0 0 0 0 0 0 0 0 0 0 0 0 0 0 0 0 0 0 0 0 0 0 0 0 0 0 0 0 0 0 0 0 0 0 0 0 0 0 0 0 0 0 0 0 0 0 0 
0 0 0 0 0 0 0 0 0 0 0 0 0 0 0 0 0 0 0 0 0 0 0 0 0 0 0 0 0 0 0 0 0 0 0 0 0 0 0 0 0 0 0 0 0 0 0 0 0 0 0 0 0 0 0 0 0 0 0 0 0 0 0 0 0 0 0 0 0 0 0 0 0 0 0 0 0 0 0 0 0 0 0 0 0 0 0 0 0 0 0 0 0 0 0 0 0 0 0 0 0 0 0 0 0 0 0 0 0 0 0 0 0 0 0 0 0 0 0 0 0 0 0 0 0 0 0 0 
0 0 0 0 0 0 0 0 0 0 0 0 0 0 0 0 0 0 0 0 0 0 0 0 0 0 0 0 0 0 0 0 0 0 0 0 0 0 0 0 0 0 0 0 0 0 0 0 0 0 0 0 0 0 0 0 0 0 0 0 0 0 0 0 0 0 0 0 0 0 0 0 0 0 0 0 0 0 0 0 0 0 0 0 0 0 0 0 0 0 0 0 0 0 0 0 0 0 0 0 0 0 0 0 0 0 0 0 0 0 0 0 0 0 0 0 0 0 0 0 0 0 0 0 0 0 0 0 
0 0 0 0 0 0 0 0 0 0 0 0 0 0 0 0 0 0 0 0 0 0 0 0 0 0 0 0 0 0 0 0 0 0 0 0 0 0 0 0 0 0 0 0 0 0 0 0 0 0 0 0 0 0 0 0 0 0 0 0 0 0 0 0 0 0 0 0 0 0 0 0 0 0 0 0 0 0 0 0 0 0 0 0 0 0 0 0 0 0 0 0 0 0 0 0 0 0 0 0 0 0 0 0 0 0 0 0 0 0 0 0 0 0 0 0 0 0 0 0 0 0 0 0 0 0 0 0 
0 0 0 0 0 0 0 0 0 0 0 0 0 0 0 0 0 0 0 0 0 0 0 0 0 0 0 0 0 0 0 0 0 0 0 0 0 0 0 0 0 0 0 0 0 0 0 0 0 0 0 0 0 0 0 0 0 0 0 0 0 0 0 0 0 0 0 0 0 0 0 0 0 0 0 0 0 0 0 0 0 0 0 0 0 0 0 0 0 0 0 0 0 0 0 0 0 0 0 0 0 0 0 0 0 0 0 0 0 0 0 0 0 0 0 0 0 0 0 0 0 0 0 0 0 0 0 0 
0 0 0 0 0 0 0 0 0 0 0 0 0 0 0 0 0 0 0 0 0 0 0 0 0 0 0 0 0 0 0 0 0 0 0 0 0 0 0 0 0 0 0 0 0 0 0 0 0 0 0 0 0 0 0 0 0 0 0 0 0 0 0 0 0 0 0 0 0 0 0 0 0 0 0 0 0 0 0 0 0 0 0 0 0 0 0 0 0 0 0 0 0 0 0 0 0 0 0 0 0 0 0 0 0 0 0 0 0 0 0 0 0 0 0 0 0 0 0 0 0 0 0 0 0 0 0 0 
0 0 0 0 0 0 0 0 0 0 0 0 0 0 0 0 0 0 0 0 0 0 0 0 0 0 0 0 0 0 0 0 0 0 0 0 0 0 0 0 0 0 0 0 0 0 0 0 0 0 0 0 0 0 0 0 0 0 0 0 0 0 0 0 0 0 0 0 0 0 0 0 0 0 0 0 0 0 0 0 0 0 0 0 0 0 0 0 0 0 0 0 0 0 0 0 0 0 0 0 0 0 0 0 0 0 0 0 0 0 0 0 0 0 0 0 0 0 0 0 0 0 0 0 0 0 0 0 
0 0 0 0 0 0 0 0 0 0 0 0 0 0 0 0 0 0 0 0 0 0 0 0 0 0 0 0 0 0 0 0 0 0 0 0 0 0 0 0 0 0 0 0 0 0 0 0 0 0 0 0 0 0 0 0 0 0 0 0 0 0 0 0 0 0 0 0 0 0 0 0 0 0 0 0 0 0 0 0 0 0 0 0 0 0 0 0 0 0 0 0 0 0 0 0 0 0 0 0 0 0 0 0 0 0 0 0 0 0 0 0 0 0 0 0 0 0 0 0 0 0 0 0 0 0 0 0 
0 0 0 0 0 0 0 0 0 0 0 0 0 0 0 0 0 0 0 0 0 0 0 0 0 0 0 0 0 0 0 0 0 0 0 0 0 0 0 0 0 0 0 0 0 0 0 0 0 0 0 0 0 0 0 0 0 0 0 0 0 0 0 0 0 0 0 0 0 0 0 0 0 0 0 0 0 0 0 0 0 0 0 0 0 0 0 0 0 0 0 0 0 0 0 0 0 0 0 0 0 0 0 0 0 0 0 0 0 0 0 0 0 0 0 0 0 0 0 0 0 0 0 0 0 0 0 0 
0 0 0 0 0 0 0 0 0 0 0 0 0 0 0 0 0 0 0 0 0 0 0 0 0 0 0 0 0 0 0 0 0 0 0 0 0 0 0 0 0 0 0 0 0 0 0 0 0 0 0 0 0 0 0 0 0 0 0 0 0 0 0 0 0 0 0 0 0 0 0 0 0 0 0 0 0 0 0 0 0 0 0 0 0 0 0 0 0 0 0 0 0 0 0 0 0 0 0 0 0 0 0 0 0 0 0 0 0 0 0 0 0 0 0 0 0 0 0 0 0 0 0 0 0 0 0 0 
0 0 0 0 0 0 0 0 0 0 0 0 0 0 0 0 0 0 0 0 0 0 0 0 0 0 0 0 0 0 0 0 0 0 0 0 0 0 0 0 0 0 0 0 0 0 0 0 0 0 0 0 0 0 0 0 0 0 0 0 0 0 0 0 0 0 0 0 0 0 0 0 0 0 0 0 0 0 0 0 0 0 0 0 0 0 0 0 0 0 0 0 0 0 0 0 0 0 0 0 0 0 0 0 0 0 0 0 0 0 0 0 0 0 0 0 0 0 0 0 0 0 0 0 0 0 0 0 
0 0 0 0 0 0 0 0 0 0 0 0 0 0 0 0 0 0 0 0 0 0 0 0 0 0 0 0 0 0 0 0 0 0 0 0 0 0 0 0 0 0 0 0 0 0 0 0 0 0 0 0 0 0 0 0 0 0 0 0 0 0 0 0 0 0 0 0 0 0 0 0 0 0 0 0 0 0 0 0 0 0 0 0 0 0 0 0 0 0 0 0 0 0 0 0 0 0 0 0 0 0 0 0 0 0 0 0 0 0 0 0 0 0 0 0 0 0 0 0 0 0 0 0 0 0 0 0 
0 0 0 0 0 0 0 0 0 0 0 0 0 0 0 0 0 0 0 0 0 0 0 0 0 0 0 0 0 0 0 0 0 0 0 0 0 0 0 0 0 0 0 0 0 0 0 0 0 0 0 0 0 0 0 0 0 0 0 0 0 0 0 0 0 0 0 0 0 0 0 0 0 0 0 0 0 0 0 0 0 0 0 0 0 0 0 0 0 0 0 0 0 0 0 0 0 0 0 0 0 0 0 0 0 0 0 0 0 0 0 0 0 0 0 0 0 0 0 0 0 0 0 0 0 0 0 0 
0 0 0 0 0 0 0 0 0 0 0 0 0 0 0 0 0 0 0 0 0 0 0 0 0 0 0 0 0 0 0 0 0 0 0 0 0 0 0 0 0 0 0 0 0 0 0 0 0 0 0 0 0 0 0 0 0 0 0 0 0 0 0 0 0 0 0 0 0 0 0 0 0 0 0 0 0 0 0 0 0 0 0 0 0 0 0 0 0 0 0 0 0 0 0 0 0 0 0 0 0 0 0 0 0 0 0 0 0 0 0 0 0 0 0 0 0 0 0 0 0 0 0 0 0 0 0 0 
0 0 0 0 0 0 0 0 0 0 0 0 0 0 0 0 0 0 0 0 0 0 0 0 0 0 0 0 0 0 0 0 0 0 0 0 0 0 0 0 0 0 0 0 0 0 0 0 0 0 0 0 0 0 0 0 0 0 0 0 0 0 0 0 0 0 0 0 0 0 0 0 0 0 0 0 0 0 0 0 0 0 0 0 0 0 0 0 0 0 0 0 0 0 0 0 0 0 0 0 0 0 0 0 0 0 0 0 0 0 0 0 0 0 0 0 0 0 0 0 0 0 0 0 0 0 0 0 
0 0 0 0 0 0 0 0 0 0 0 0 0 0 0 0 0 0 0 0 0 0 0 0 0 0 0 0 0 0 0 0 0 0 0 0 0 0 0 0 0 0 0 0 0 0 0 0 0 0 0 0 0 0 0 0 0 0 0 0 0 0 0 0 0 0 0 0 0 0 0 0 0 0 0 0 0 0 0 0 0 0 0 0 0 0 0 0 0 0 0 0 0 0 0 0 0 0 0 0 0 0 0 0 0 0 0 0 0 0 0 0 0 0 0 0 0 0 0 0 0 0 0 0 0 0 0 0 
0 0 0 0 0 0 0 0 0 0 0 0 0 0 0 0 0 0 0 0 0 0 0 0 0 0 0 0 0 0 0 0 0 0 0 0 0 0 0 0 0 0 0 0 0 0 0 0 0 0 0 0 0 0 0 0 0 0 0 0 0 0 0 0 0 0 0 0 0 0 0 0 0 0 0 0 0 0 0 0 0 0 0 0 0 0 0 0 0 0 0 0 0 0 0 0 0 0 0 0 0 0 0 0 0 0 0 0 0 0 0 0 0 0 0 0 0 0 0 0 0 0 0 0 0 0 0 0 
0 0 0 0 0 0 0 0 0 0 0 0 0 0 0 0 0 0 0 0 0 0 0 0 0 0 0 0 0 0 0 0 0 0 0 0 0 0 0 0 0 0 0 0 0 0 0 0 0 0 0 0 0 0 0 0 0 0 0 0 0 0 0 0 0 0 0 0 0 0 0 0 0 0 0 0 0 0 0 0 0 0 0 0 0 0 0 0 0 0 0 0 0 0 0 0 0 0 0 0 0 0 0 0 0 0 0 0 0 0 0 0 0 0 0 0 0 0 0 0 0 0 0 0 0 0 0 0 
0 0 0 0 0 0 0 0 0 0 0 0 0 0 0 0 0 0 0 0 0 0 0 0 0 0 0 0 0 0 0 0 0 0 0 0 0 0 0 0 0 0 0 0 0 0 0 0 0 0 0 0 0 0 0 0 0 0 0 0 0 0 0 0 0 0 0 0 0 0 0 0 0 0 0 0 0 0 0 0 0 0 0 0 0 0 0 0 0 0 0 0 0 0 0 0 0 0 0 0 0 0 0 0 0 0 0 0 0 0 0 0 0 0 0 0 0 0 0 0 0 0 0 0 0 0 0 0 
0 0 0 0 0 0 0 0 0 0 0 0 0 0 0 0 0 0 0 0 0 0 0 0 0 0 0 0 0 0 0 0 0 0 0 0 0 0 0 0 0 0 0 0 0 0 0 0 0 0 0 0 0 0 0 0 0 0 0 0 0 0 0 0 0 0 0 0 0 0 0 0 0 0 0 0 0 0 0 0 0 0 0 0 0 0 0 0 0 0 0 0 0 0 0 0 0 0 0 0 0 0 0 0 0 0 0 0 0 0 0 0 0 0 0 0 0 0 0 0 0 0 0 0 0 0 0 0 
0 0 0 0 0 0 0 0 0 0 0 0 0 0 0 0 0 0 0 0 0 0 0 0 0 0 0 0 0 0 0 0 0 0 0 0 0 0 0 0 0 0 0 0 0 0 0 0 0 0 0 0 0 0 0 0 0 0 0 0 0 0 0 0 0 0 0 0 0 0 0 0 0 0 0 0 0 0 0 0 0 0 0 0 0 0 0 0 0 0 0 0 0 0 0 0 0 0 0 0 0 0 0 0 0 0 0 0 0 0 0 0 0 0 0 0 0 0 0 0 0 0 0 0 0 0 0 0 
0 0 0 0 0 0 0 0 0 0 0 0 0 0 0 0 0 0 0 0 0 0 0 0 0 0 0 0 0 0 0 0 0 0 0 0 0 0 0 0 0 0 0 0 0 0 0 0 0 0 0 0 0 0 0 0 0 0 0 0 0 0 0 0 0 0 0 0 0 0 0 0 0 0 0 0 0 0 0 0 0 0 0 0 0 0 0 0 0 0 0 0 0 0 0 0 0 0 0 0 0 0 0 0 0 0 0 0 0 0 0 0 0 0 0 0 0 0 0 0 0 0 0 0 0 0 0 0 
0 0 0 0 0 0 0 0 0 0 0 0 0 0 0 0 0 0 0 0 0 0 0 0 0 0 0 0 0 0 0 0 0 0 0 0 0 0 0 0 0 0 0 0 0 0 0 0 0 0 0 0 0 0 0 0 0 0 0 0 0 0 0 0 0 0 0 0 0 0 0 0 0 0 0 0 0 0 0 0 0 0 0 0 0 0 0 0 0 0 0 0 0 0 0 0 0 0 0 0 0 0 0 0 0 0 0 0 0 0 0 0 0 0 0 0 0 0 0 0 0 0 0 0 0 0 0 0 
0 0 0 0 0 0 0 0 0 0 0 0 0 0 0 0 0 0 0 0 0 0 0 0 0 0 0 0 0 0 0 0 0 0 0 0 0 0 0 0 0 0 0 0 0 0 0 0 0 0 0 0 0 0 0 0 0 0 0 0 0 0 0 0 0 0 0 0 0 0 0 0 0 0 0 0 0 0 0 0 0 0 0 0 0 0 0 0 0 0 0 0 0 0 0 0 0 0 0 0 0 0 0 0 0 0 0 0 0 0 0 0 0 0 0 0 0 0 0 0 0 0 0 0 0 0 0 0 
0 0 0 0 0 0 0 0 0 0 0 0 0 0 0 0 0 0 0 0 0 0 0 0 0 0 0 0 0 0 0 0 0 0 0 0 0 0 0 0 0 0 0 0 0 0 0 0 0 0 0 0 0 0 0 0 0 0 0 0 0 0 0 0 0 0 0 0 0 0 0 0 0 0 0 0 0 0 0 0 0 0 0 0 0 0 0 0 0 0 0 0 0 0 0 0 0 0 0 0 0 0 0 0 0 0 0 0 0 0 0 0 0 0 0 0 0 0 0 0 0 0 0 0 0 0 0 0 
0 0 0 0 0 0 0 0 0 0 0 0 0 0 0 0 0 0 0 0 0 0 0 0 0 0 0 0 0 0 0 0 0 0 0 0 0 0 0 0 0 0 0 0 0 0 0 0 0 0 0 0 0 0 0 0 0 0 0 0 0 0 0 0 0 0 0 0 0 0 0 0 0 0 0 0 0 0 0 0 0 0 0 0 0 0 0 0 0 0 0 0 0 0 0 0 0 0 0 0 0 0 0 0 0 0 0 0 0 0 0 0 0 0 0 0 0 0 0 0 0 0 0 0 0 0 0 0 
0 0 0 0 0 0 0 0 0 0 0 0 0 0 0 0 0 0 0 0 0 0 0 0 0 0 0 0 0 0 0 0 0 0 0 0 0 0 0 0 0 0 0 0 0 0 0 0 0 0 0 0 0 0 0 0 0 0 0 0 0 0 0 0 0 0 0 0 0 0 0 0 0 0 0 0 0 0 0 0 0 0 0 0 0 0 0 0 0 0 0 0 0 0 0 0 0 0 0 0 0 0 0 0 0 0 0 0 0 0 0 0 0 0 0 0 0 0 0 0 0 0 0 0 0 0 0 0 
0 0 0 0 0 0 0 0 0 0 0 0 0 0 0 0 0 0 0 0 0 0 0 0 0 0 0 0 0 0 0 0 0 0 0 0 0 0 0 0 0 0 0 0 0 0 0 0 0 0 0 0 0 0 0 0 0 0 0 0 0 0 0 0 0 0 0 0 0 0 0 0 0 0 0 0 0 0 0 0 0 0 0 0 0 0 0 0 0 0 0 0 0 0 0 0 0 0 0 0 0 0 0 0 0 0 0 0 0 0 0 0 0 0 0 0 0 0 0 0 0 0 0 0 0 0 0 0 
0 0 0 0 0 0 0 0 0 0 0 0 0 0 0 0 0 0 0 0 0 0 0 0 0 0 0 0 0 0 0 0 0 0 0 0 0 0 0 0 0 0 0 0 0 0 0 0 0 0 0 0 0 0 0 0 0 0 0 0 0 0 0 0 0 0 0 0 0 0 0 0 0 0 0 0 0 0 0 0 0 0 0 0 0 0 0 0 0 0 0 0 0 0 0 0 0 0 0 0 0 0 0 0 0 0 0 0 0 0 0 0 0 0 0 0 0 0 0 0 0 0 0 0 0 0 0 0 
0 0 0 0 0 0 0 0 0 0 0 0 0 0 0 0 0 0 0 0 0 0 0 0 0 0 0 0 0 0 0 0 0 0 0 0 0 0 0 0 0 0 0 0 0 0 0 0 0 0 0 0 0 0 0 0 0 0 0 0 0 0 0 0 0 0 0 0 0 0 0 0 0 0 0 0 0 0 0 0 0 0 0 0 0 0 0 0 0 0 0 0 0 0 0 0 0 0 0 0 0 0 0 0 0 0 0 0 0 0 0 0 0 0 0 0 0 0 0 0 0 0 0 0 0 0 0 0 
0 0 0 0 0 0 0 0 0 0 0 0 0 0 0 0 0 0 0 0 0 0 0 0 0 0 0 0 0 0 0 0 0 0 0 0 0 0 0 0 0 0 0 0 0 0 0 0 0 0 0 0 0 0 0 0 0 0 0 0 0 0 0 0 0 0 0 0 0 0 0 0 0 0 0 0 0 0 0 0 0 0 0 0 0 0 0 0 0 0 0 0 0 0 0 0 0 0 0 0 0 0 0 0 0 0 0 0 0 0 0 0 0 0 0 0 0 0 0 0 0 0 0 0 0 0 0 0 
0 0 0 0 0 0 0 0 0 0 0 0 0 0 0 0 0 0 0 0 0 0 0 0 0 0 0 0 0 0 0 0 0 0 0 0 0 0 0 0 0 0 0 0 0 0 0 0 0 0 0 0 0 0 0 0 0 0 0 0 0 0 0 0 0 0 0 0 0 0 0 0 0 0 0 0 0 0 0 0 0 0 0 0 0 0 0 0 0 0 0 0 0 0 0 0 0 0 0 0 0 0 0 0 0 0 0 0 0 0 0 0 0 0 0 0 0 0 0 0 0 0 0 0 0 0 0 0 
0 0 0 0 0 0 0 0 0 0 0 0 0 0 0 0 0 0 0 0 0 0 0 0 0 0 0 0 0 0 0 0 0 0 0 0 0 0 0 0 0 0 0 0 0 0 0 0 0 0 0 0 0 0 0 0 0 0 0 0 0 0 0 0 0 0 0 0 0 0 0 0 0 0 0 0 0 0 0 0 0 0 0 0 0 0 0 0 0 0 0 0 0 0 0 0 0 0 0 0 0 0 0 0 0 0 0 0 0 0 0 0 0 0 0 0 0 0 0 0 0 0 0 0 0 0 0 0 
0 0 0 0 0 0 0 0 0 0 0 0 0 0 0 0 0 0 0 0 0 0 0 0 0 0 0 0 0 0 0 0 0 0 0 0 0 0 0 0 0 0 0 0 0 0 0 0 0 0 0 0 0 0 0 0 0 0 0 0 0 0 0 0 0 0 0 0 0 0 0 0 0 0 0 0 0 0 0 0 0 0 0 0 0 0 0 0 0 0 0 0 0 0 0 0 0 0 0 0 0 0 0 0 0 0 0 0 0 0 0 0 0 0 0 0 0 0 0 0 0 0 0 0 0 0 0 0 
0 0 0 0 0 0 0 0 0 0 0 0 0 0 0 0 0 0 0 0 0 0 0 0 0 0 0 0 0 0 0 0 0 0 0 0 0 0 0 0 0 0 0 0 0 0 0 0 0 0 0 0 0 0 0 0 0 0 0 0 0 0 0 0 0 0 0 0 0 0 0 0 0 0 0 0 0 0 0 0 0 0 0 0 0 0 0 0 0 0 0 0 0 0 0 0 0 0 0 0 0 0 0 0 0 0 0 0 0 0 0 0 0 0 0 0 0 0 0 0 0 0 0 0 0 0 0 0 
0 0 0 0 0 0 0 0 0 0 0 0 0 0 0 0 0 0 0 0 0 0 0 0 0 0 0 0 0 0 0 0 0 0 0 0 0 0 0 0 0 0 0 0 0 0 0 0 0 0 0 0 0 0 0 0 0 0 0 0 0 0 0 0 0 0 0 0 0 0 0 0 0 0 0 0 0 0 0 0 0 0 0 0 0 0 0 0 0 0 0 0 0 0 0 0 0 0 0 0 0 0 0 0 0 0 0 0 0 0 0 0 0 0 0 0 0 0 0 0 0 0 0 0 0 0 0 0 
0 0 0 0 0 0 0 0 0 0 0 0 0 0 0 0 0 0 0 0 0 0 0 0 0 0 0 0 0 0 0 0 0 0 0 0 0 0 0 0 0 0 0 0 0 0 0 0 0 0 0 0 0 0 0 0 0 0 0 0 0 0 0 0 0 0 0 0 0 0 0 0 0 0 0 0 0 0 0 0 0 0 0 0 0 0 0 0 0 0 0 0 0 0 0 0 0 0 0 0 0 0 0 0 0 0 0 0 0 0 0 0 0 0 0 0 0 0 0 0 0 0 0 0 0 0 0 0 
0 0 0 0 0 0 0 0 0 0 0 0 0 0 0 0 0 0 0 0 0 0 0 0 0 0 0 0 0 0 0 0 0 0 0 0 0 0 0 0 0 0 0 0 0 0 0 0 0 0 0 0 0 0 0 0 0 0 0 0 0 0 0 0 0 0 0 0 0 0 0 0 0 0 0 0 0 0 0 0 0 0 0 0 0 0 0 0 0 0 0 0 0 0 0 0 0 0 0 0 0 0 0 0 0 0 0 0 0 0 0 0 0 0 0 0 0 0 0 0 0 0 0 0 0 0 0 0 
0 0 0 0 0 0 0 0 0 0 0 0 0 0 0 0 0 0 0 0 0 0 0 0 0 0 0 0 0 0 0 0 0 0 0 0 0 0 0 0 0 0 0 0 0 0 0 0 0 0 0 0 0 0 0 0 0 0 0 0 0 0 0 0 0 0 0 0 0 0 0 0 0 0 0 0 0 0 0 0 0 0 0 0 0 0 0 0 0 0 0 0 0 0 0 0 0 0 0 0 0 0 0 0 0 0 0 0 0 0 0 0 0 0 0 0 0 0 0 0 0 0 0 0 0 0 0 0 
0 0 0 0 0 0 0 0 0 0 0 0 0 0 0 0 0 0 0 0 0 0 0 0 0 0 0 0 0 0 0 0 0 0 0 0 0 0 0 0 0 0 0 0 0 0 0 0 0 0 0 0 0 0 0 0 0 0 0 0 0 0 0 0 0 0 0 0 0 0 0 0 0 0 0 0 0 0 0 0 0 0 0 0 0 0 0 0 0 0 0 0 0 0 0 0 0 0 0 0 0 0 0 0 0 0 0 0 0 0 0 0 0 0 0 0 0 0 0 0 0 0 0 0 0 0 0 0 
0 0 0 0 0 0 0 0 0 0 0 0 0 0 0 0 0 0 0 0 0 0 0 0 0 0 0 0 0 0 0 0 0 0 0 0 0 0 0 0 0 0 0 0 0 0 0 0 0 0 0 0 0 0 0 0 0 0 0 0 0 0 0 0 0 0 0 0 0 0 0 0 0 0 0 0 0 0 0 0 0 0 0 0 0 0 0 0 0 0 0 0 0 0 0 0 0 0 0 0 0 0 0 0 0 0 0 0 0 0 0 0 0 0 0 0 0 0 0 0 0 0 0 0 0 0 0 0 
0 0 0 0 0 0 0 0 0 0 0 0 0 0 0 0 0 0 0 0 0 0 0 0 0 0 0 0 0 0 0 0 0 0 0 0 0 0 0 0 0 0 0 0 0 0 0 0 0 0 0 0 0 0 0 0 0 0 0 0 0 0 0 0 0 0 0 0 0 0 0 0 0 0 0 0 0 0 0 0 0 0 0 0 0 0 0 0 0 0 0 0 0 0 0 0 0 0 0 0 0 0 0 0 0 0 0 0 0 0 0 0 0 0 0 0 0 0 0 0 0 0 0 0 0 0 0 0 
0 0 0 0 0 0 0 0 0 0 0 0 0 0 0 0 0 0 0 0 0 0 0 0 0 0 0 0 0 0 0 0 0 0 0 0 0 0 0 0 0 0 0 0 0 0 0 0 0 0 0 0 0 0 0 0 0 0 0 0 0 0 0 0 0 0 0 0 0 0 0 0 0 0 0 0 0 0 0 0 0 0 0 0 0 0 0 0 0 0 0 0 0 0 0 0 0 0 0 0 0 0 0 0 0 0 0 0 0 0 0 0 0 0 0 0 0 0 0 0 0 0 0 0 0 0 0 0 
0 0 0 0 0 0 0 0 0 0 0 0 0 0 0 0 0 0 0 0 0 0 0 0 0 0 0 0 0 0 0 0 0 0 0 0 0 0 0 0 0 0 0 0 0 0 0 0 0 0 0 0 0 0 0 0 0 0 0 0 0 0 0 0 0 0 0 0 0 0 0 0 0 0 0 0 0 0 0 0 0 0 0 0 0 0 0 0 0 0 0 0 0 0 0 0 0 0 0 0 0 0 0 0 0 0 0 0 0 0 0 0 0 0 0 0 0 0 0 0 0 0 0 0 0 0 0 0 
0 0 0 0 0 0 0 0 0 0 0 0 0 0 0 0 0 0 0 0 0 0 0 0 0 0 0 0 0 0 0 0 0 0 0 0 0 0 0 0 0 0 0 0 0 0 0 0 0 0 0 0 0 0 0 0 0 0 0 0 0 0 0 0 0 0 0 0 0 0 0 0 0 0 0 0 0 0 0 0 0 0 0 0 0 0 0 0 0 0 0 0 0 0 0 0 0 0 0 0 0 0 0 0 0 0 0 0 0 0 0 0 0 0 0 0 0 0 0 0 0 0 0 0 0 0 0 0 
0 0 0 0 0 0 0 0 0 0 0 0 0 0 0 0 0 0 0 0 0 0 0 0 0 0 0 0 0 0 0 0 0 0 0 0 0 0 0 0 0 0 0 0 0 0 0 0 0 0 0 0 0 0 0 0 0 0 0 0 0 0 0 0 0 0 0 0 0 0 0 0 0 0 0 0 0 0 0 0 0 0 0 0 0 0 0 0 0 0 0 0 0 0 0 0 0 0 0 0 0 0 0 0 0 0 0 0 0 0 0 0 0 0 0 0 0 0 0 0 0 0 0 0 0 0 0 0 
0 0 0 0 0 0 0 0 0 0 0 0 0 0 0 0 0 0 0 0 0 0 0 0 0 0 0 0 0 0 0 0 0 0 0 0 0 0 0 0 0 0 0 0 0 0 0 0 0 0 0 0 0 0 0 0 0 0 0 0 0 0 0 0 0 0 0 0 0 0 0 0 0 0 0 0 0 0 0 0 0 0 0 0 0 0 0 0 0 0 0 0 0 0 0 0 0 0 0 0 0 0 0 0 0 0 0 0 0 0 0 0 0 0 0 0 0 0 0 0 0 0 0 0 0 0 0 0 
0 0 0 0 0 0 0 0 0 0 0 0 0 0 0 0 0 0 0 0 0 0 0 0 0 0 0 0 0 0 0 0 0 0 0 0 0 0 0 0 0 0 0 0 0 0 0 0 0 0 0 0 0 0 0 0 0 0 0 0 0 0 0 0 0 0 0 0 0 0 0 0 0 0 0 0 0 0 0 0 0 0 0 0 0 0 0 0 0 0 0 0 0 0 0 0 0 0 0 0 0 0 0 0 0 0 0 0 0 0 0 0 0 0 0 0 0 0 0 0 0 0 0 0 0 0 0 0 
0 0 0 0 0 0 0 0 0 0 0 0 0 0 0 0 0 0 0 0 0 0 0 0 0 0 0 0 0 0 0 0 0 0 0 0 0 0 0 0 0 0 0 0 0 0 0 0 0 0 0 0 0 0 0 0 0 0 0 0 0 0 0 0 0 0 0 0 0 0 0 0 0 0 0 0 0 0 0 0 0 0 0 0 0 0 0 0 0 0 0 0 0 0 0 0 0 0 0 0 0 0 0 0 0 0 0 0 0 0 0 0 0 0 0 0 0 0 0 0 0 0 0 0 0 0 0 0 
0 0 0 0 0 0 0 0 0 0 0 0 0 0 0 0 0 0 0 0 0 0 0 0 0 0 0 0 0 0 0 0 0 0 0 0 0 0 0 0 0 0 0 0 0 0 0 0 0 0 0 0 0 0 0 0 0 0 0 0 0 0 0 0 0 0 0 0 0 0 0 0 0 0 0 0 0 0 0 0 0 0 0 0 0 0 0 0 0 0 0 0 0 0 0 0 0 0 0 0 0 0 0 0 0 0 0 0 0 0 0 0 0 0 0 0 0 0 0 0 0 0 0 0 0 0 0 0 
0 0 0 0 0 0 0 0 0 0 0 0 0 0 0 0 0 0 0 0 0 0 0 0 0 0 0 0 0 0 0 0 0 0 0 0 0 0 0 0 0 0 0 0 0 0 0 0 0 0 0 0 0 0 0 0 0 0 0 0 0 0 0 0 0 0 0 0 0 0 0 0 0 0 0 0 0 0 0 0 0 0 0 0 0 0 0 0 0 0 0 0 0 0 0 0 0 0 0 0 0 0 0 0 0 0 0 0 0 0 0 0 0 0 0 0 0 0 0 0 0 0 0 0 0 0 0 0 
0 0 0 0 0 0 0 0 0 0 0 0 0 0 0 0 0 0 0 0 0 0 0 0 0 0 0 0 0 0 0 0 0 0 0 0 0 0 0 0 0 0 0 0 0 0 0 0 0 0 0 0 0 0 0 0 0 0 0 0 0 0 0 0 0 0 0 0 0 0 0 0 0 0 0 0 0 0 0 0 0 0 0 0 0 0 0 0 0 0 0 0 0 0 0 0 0 0 0 0 0 0 0 0 0 0 0 0 0 0 0 0 0 0 0 0 0 0 0 0 0 0 0 0 0 0 0 0 
0 0 0 0 0 0 0 0 0 0 0 0 0 0 0 0 0 0 0 0 0 0 0 0 0 0 0 0 0 0 0 0 0 0 0 0 0 0 0 0 0 0 0 0 0 0 0 0 0 0 0 0 0 0 0 0 0 0 0 0 0 0 0 0 0 0 0 0 0 0 0 0 0 0 0 0 0 0 0 0 0 0 0 0 0 0 0 0 0 0 0 0 0 0 0 0 0 0 0 0 0 0 0 0 0 0 0 0 0 0 0 0 0 0 0 0 0 0 0 0 0 0 0 0 0 0 0 0 
0 0 0 0 0 0 0 0 0 0 0 0 0 0 0 0 0 0 0 0 0 0 0 0 0 0 0 0 0 0 0 0 0 0 0 0 0 0 0 0 0 0 0 0 0 0 0 0 0 0 0 0 0 0 0 0 0 0 0 0 0 0 0 0 0 0 0 0 0 0 0 0 0 0 0 0 0 0 0 0 0 0 0 0 0 0 0 0 0 0 0 0 0 0 0 0 0 0 0 0 0 0 0 0 0 0 0 0 0 0 0 0 0 0 0 0 0 0 0 0 0 0 0 0 0 0 0 0 
0 0 0 0 0 0 0 0 0 0 0 0 0 0 0 0 0 0 0 0 0 0 0 0 0 0 0 0 0 0 0 0 0 0 0 0 0 0 0 0 0 0 0 0 0 0 0 0 0 0 0 0 0 0 0 0 0 0 0 0 0 0 0 0 0 0 0 0 0 0 0 0 0 0 0 0 0 0 0 0 0 0 0 0 0 0 0 0 0 0 0 0 0 0 0 0 0 0 0 0 0 0 0 0 0 0 0 0 0 0 0 0 0 0 0 0 0 0 0 0 0 0 0 0 0 0 0 0 
0 0 0 0 0 0 0 0 0 0 0 0 0 0 0 0 0 0 0 0 0 0 0 0 0 0 0 0 0 0 0 0 0 0 0 0 0 0 0 0 0 0 0 0 0 0 0 0 0 0 0 0 0 0 0 0 0 0 0 0 0 0 0 0 0 0 0 0 0 0 0 0 0 0 0 0 0 0 0 0 0 0 0 0 0 0 0 0 0 0 0 0 0 0 0 0 0 0 0 0 0 0 0 0 0 0 0 0 0 0 0 0 0 0 0 0 0 0 0 0 0 0 0 0 0 0 0 0 
0 0 0 0 0 0 0 0 0 0 0 0 0 0 0 0 0 0 0 0 0 0 0 0 0 0 0 0 0 0 0 0 0 0 0 0 0 0 0 0 0 0 0 0 0 0 0 0 0 0 0 0 0 0 0 0 0 0 0 0 0 0 0 0 0 0 0 0 0 0 0 0 0 0 0 0 0 0 0 0 0 0 0 0 0 0 0 0 0 0 0 0 0 0 0 0 0 0 0 0 0 0 0 0 0 0 0 0 0 0 0 0 0 0 0 0 0 0 0 0 0 0 0 0 0 0 0 0 
0 0 0 0 0 0 0 0 0 0 0 0 0 0 0 0 0 0 0 0 0 0 0 0 0 0 0 0 0 0 0 0 0 0 0 0 0 0 0 0 0 0 0 0 0 0 0 0 0 0 0 0 0 0 0 0 0 0 0 0 0 0 0 0 0 0 0 0 0 0 0 0 0 0 0 0 0 0 0 0 0 0 0 0 0 0 0 0 0 0 0 0 0 0 0 0 0 0 0 0 0 0 0 0 0 0 0 0 0 0 0 0 0 0 0 0 0 0 0 0 0 0 0 0 0 0 0 0 
0 0 0 0 0 0 0 0 0 0 0 0 0 0 0 0 0 0 0 0 0 0 0 0 0 0 0 0 0 0 0 0 0 0 0 0 0 0 0 0 0 0 0 0 0 0 0 0 0 0 0 0 0 0 0 0 0 0 0 0 0 0 0 0 0 0 0 0 0 0 0 0 0 0 0 0 0 0 0 0 0 0 0 0 0 0 0 0 0 0 0 0 0 0 0 0 0 0 0 0 0 0 0 0 0 0 0 0 0 0 0 0 0 0 0 0 0 0 0 0 0 0 0 0 0 0 0 0 
0 0 0 0 0 0 0 0 0 0 0 0 0 0 0 0 0 0 0 0 0 0 0 0 0 0 0 0 0 0 0 0 0 0 0 0 0 0 0 0 0 0 0 0 0 0 0 0 0 0 0 0 0 0 0 0 0 0 0 0 0 0 0 0 0 0 0 0 0 0 0 0 0 0 0 0 0 0 0 0 0 0 0 0 0 0 0 0 0 0 0 0 0 0 0 0 0 0 0 0 0 0 0 0 0 0 0 0 0 0 0 0 0 0 0 0 0 0 0 0 0 0 0 0 0 0 0 0 
0 0 0 0 0 0 0 0 0 0 0 0 0 0 0 0 0 0 0 0 0 0 0 0 0 0 0 0 0 0 0 0 0 0 0 0 0 0 0 0 0 0 0 0 0 0 0 0 0 0 0 0 0 0 0 0 0 0 0 0 0 0 0 0 0 0 0 0 0 0 0 0 0 0 0 0 0 0 0 0 0 0 0 0 0 0 0 0 0 0 0 0 0 0 0 0 0 0 0 0 0 0 0 0 0 0 0 0 0 0 0 0 0 0 0 0 0 0 0 0 0 0 0 0 0 0 0 0 
0 0 0 0 0 0 0 0 0 0 0 0 0 0 0 0 0 0 0 0 0 0 0 0 0 0 0 0 0 0 0 0 0 0 0 0 0 0 0 0 0 0 0 0 0 0 0 0 0 0 0 0 0 0 0 0 0 0 0 0 0 0 0 0 0 0 0 0 0 0 0 0 0 0 0 0 0 0 0 0 0 0 0 0 0 0 0 0 0 0 0 0 0 0 0 0 0 0 0 0 0 0 0 0 0 0 0 0 0 0 0 0 0 0 0 0 0 0 0 0 0 0 0 0 0 0 0 0 
0 0 0 0 0 0 0 0 0 0 0 0 0 0 0 0 0 0 0 0 0 0 0 0 0 0 0 0 0 0 0 0 0 0 0 0 0 0 0 0 0 0 0 0 0 0 0 0 0 0 0 0 0 0 0 0 0 0 0 0 0 0 0 0 0 0 0 0 0 0 0 0 0 0 0 0 0 0 0 0 0 0 0 0 0 0 0 0 0 0 0 0 0 0 0 0 0 0 0 0 0 0 0 0 0 0 0 0 0 0 0 0 0 0 0 0 0 0 0 0 0 0 0 0 0 0 0 0 
0 0 0 0 0 0 0 0 0 0 0 0 0 0 0 0 0 0 0 0 0 0 0 0 0 0 0 0 0 0 0 0 0 0 0 0 0 0 0 0 0 0 0 0 0 0 0 0 0 0 0 0 0 0 0 0 0 0 0 0 0 0 0 0 0 0 0 0 0 0 0 0 0 0 0 0 0 0 0 0 0 0 0 0 0 0 0 0 0 0 0 0 0 0 0 0 0 0 0 0 0 0 0 0 0 0 0 0 0 0 0 0 0 0 0 0 0 0 0 0 0 0 0 0 0 0 0 0 
0 0 0 0 0 0 0 0 0 0 0 0 0 0 0 0 0 0 0 0 0 0 0 0 0 0 0 0 0 0 0 0 0 0 0 0 0 0 0 0 0 0 0 0 0 0 0 0 0 0 0 0 0 0 0 0 0 0 0 0 0 0 0 0 0 0 0 0 0 0 0 0 0 0 0 0 0 0 0 0 0 0 0 0 0 0 0 0 0 0 0 0 0 0 0 0 0 0 0 0 0 0 0 0 0 0 0 0 0 0 0 0 0 0 0 0 0 0 0 0 0 0 0 0 0 0 0 0 
0 0 0 0 0 0 0 0 0 0 0 0 0 0 0 0 0 0 0 0 0 0 0 0 0 0 0 0 0 0 0 0 0 0 0 0 0 0 0 0 0 0 0 0 0 0 0 0 0 0 0 0 0 0 0 0 0 0 0 0 0 0 0 0 0 0 0 0 0 0 0 0 0 0 0 0 0 0 0 0 0 0 0 0 0 0 0 0 0 0 0 0 0 0 0 0 0 0 0 0 0 0 0 0 0 0 0 0 0 0 0 0 0 0 0 0 0 0 0 0 0 0 0 0 0 0 0 0 
0 0 0 0 0 0 0 0 0 0 0 0 0 0 0 0 0 0 0 0 0 0 0 0 0 0 0 0 0 0 0 0 0 0 0 0 0 0 0 0 0 0 0 0 0 0 0 0 0 0 0 0 0 0 0 0 0 0 0 0 0 0 0 0 0 0 0 0 0 0 0 0 0 0 0 0 0 0 0 0 0 0 0 0 0 0 0 0 0 0 0 0 0 0 0 0 0 0 0 0 0 0 0 0 0 0 0 0 0 0 0 0 0 0 0 0 0 0 0 0 0 0 0 0 0 0 0 0 
0 0 0 0 0 0 0 0 0 0 0 0 0 0 0 0 0 0 0 0 0 0 0 0 0 0 0 0 0 0 0 0 0 0 0 0 0 0 0 0 0 0 0 0 0 0 0 0 0 0 0 0 0 0 0 0 0 0 0 0 0 0 0 0 0 0 0 0 0 0 0 0 0 0 0 0 0 0 0 0 0 0 0 0 0 0 0 0 0 0 0 0 0 0 0 0 0 0 0 0 0 0 0 0 0 0 0 0 0 0 0 0 0 0 0 0 0 0 0 0 0 0 0 0 0 0 0 0 
0 0 0 0 0 0 0 0 0 0 0 0 0 0 0 0 0 0 0 0 0 0 0 0 0 0 0 0 0 0 0 0 0 0 0 0 0 0 0 0 0 0 0 0 0 0 0 0 0 0 0 0 0 0 0 0 0 0 0 0 0 0 0 0 0 0 0 0 0 0 0 0 0 0 0 0 0 0 0 0 0 0 0 0 0 0 0 0 0 0 0 0 0 0 0 0 0 0 0 0 0 0 0 0 0 0 0 0 0 0 0 0 0 0 0 0 0 0 0 0 0 0 0 0 0 0 0 0 
0 0 0 0 0 0 0 0 0 0 0 0 0 0 0 0 0 0 0 0 0 0 0 0 0 0 0 0 0 0 0 0 0 0 0 0 0 0 0 0 0 0 0 0 0 0 0 0 0 0 0 0 0 0 0 0 0 0 0 0 0 0 0 0 0 0 0 0 0 0 0 0 0 0 0 0 0 0 0 0 0 0 0 0 0 0 0 0 0 0 0 0 0 0 0 0 0 0 0 0 0 0 0 0 0 0 0 0 0 0 0 0 0 0 0 0 0 0 0 0 0 0 0 0 0 0 0 0 
0 0 0 0 0 0 0 0 0 0 0 0 0 0 0 0 0 0 0 0 0 0 0 0 0 0 0 0 0 0 0 0 0 0 0 0 0 0 0 0 0 0 0 0 0 0 0 0 0 0 0 0 0 0 0 0 0 0 0 0 0 0 0 0 0 0 0 0 0 0 0 0 0 0 0 0 0 0 0 0 0 0 0 0 0 0 0 0 0 0 0 0 0 0 0 0 0 0 0 0 0 0 0 0 0 0 0 0 0 0 0 0 0 0 0 0 0 0 0 0 0 0 0 0 0 0 0 0 
0 0 0 0 0 0 0 0 0 0 0 0 0 0 0 0 0 0 0 0 0 0 0 0 0 0 0 0 0 0 0 0 0 0 0 0 0 0 0 0 0 0 0 0 0 0 0 0 0 0 0 0 0 0 0 0 0 0 0 0 0 0 0 0 0 0 0 0 0 0 0 0 0 0 0 0 0 0 0 0 0 0 0 0 0 0 0 0 0 0 0 0 0 0 0 0 0 0 0 0 0 0 0 0 0 0 0 0 0 0 0 0 0 0 0 0 0 0 0 0 0 0 0 0 0 0 0 0 
0 0 0 0 0 0 0 0 0 0 0 0 0 0 0 0 0 0 0 0 0 0 0 0 0 0 0 0 0 0 0 0 0 0 0 0 0 0 0 0 0 0 0 0 0 0 0 0 0 0 0 0 0 0 0 0 0 0 0 0 0 0 0 0 0 0 0 0 0 0 0 0 0 0 0 0 0 0 0 0 0 0 0 0 0 0 0 0 0 0 0 0 0 0 0 0 0 0 0 0 0 0 0 0 0 0 0 0 0 0 0 0 0 0 0 0 0 0 0 0 0 0 0 0 0 0 0 0 
0 0 0 0 0 0 0 0 0 0 0 0 0 0 0 0 0 0 0 0 0 0 0 0 0 0 0 0 0 0 0 0 0 0 0 0 0 0 0 0 0 0 0 0 0 0 0 0 0 0 0 0 0 0 0 0 0 0 0 0 0 0 0 0 0 0 0 0 0 0 0 0 0 0 0 0 0 0 0 0 0 0 0 0 0 0 0 0 0 0 0 0 0 0 0 0 0 0 0 0 0 0 0 0 0 0 0 0 0 0 0 0 0 0 0 0 0 0 0 0 0 0 0 0 0 0 0 0 
0 0 0 0 0 0 0 0 0 0 0 0 0 0 0 0 0 0 0 0 0 0 0 0 0 0 0 0 0 0 0 0 0 0 0 0 0 0 0 0 0 0 0 0 0 0 0 0 0 0 0 0 0 0 0 0 0 0 0 0 0 0 0 0 0 0 0 0 0 0 0 0 0 0 0 0 0 0 0 0 0 0 0 0 0 0 0 0 0 0 0 0 0 0 0 0 0 0 0 0 0 0 0 0 0 0 0 0 0 0 0 0 0 0 0 0 0 0 0 0 0 0 0 0 0 0 0 0 
0 0 0 0 0 0 0 0 0 0 0 0 0 0 0 0 0 0 0 0 0 0 0 0 0 0 0 0 0 0 0 0 0 0 0 0 0 0 0 0 0 0 0 0 0 0 0 0 0 0 0 0 0 0 0 0 0 0 0 0 0 0 0 0 0 0 0 0 0 0 0 0 0 0 0 0 0 0 0 0 0 0 0 0 0 0 0 0 0 0 0 0 0 0 0 0 0 0 0 0 0 0 0 0 0 0 0 0 0 0 0 0 0 0 0 0 0 0 0 0 0 0 0 0 0 0 0 0 
0 0 0 0 0 0 0 0 0 0 0 0 0 0 0 0 0 0 0 0 0 0 0 0 0 0 0 0 0 0 0 0 0 0 0 0 0 0 0 0 0 0 0 0 0 0 0 0 0 0 0 0 0 0 0 0 0 0 0 0 0 0 0 0 0 0 0 0 0 0 0 0 0 0 0 0 0 0 0 0 0 0 0 0 0 0 0 0 0 0 0 0 0 0 0 0 0 0 0 0 0 0 0 0 0 0 0 0 0 0 0 0 0 0 0 0 0 0 0 0 0 0 0 0 0 0 0 0 
0 0 0 0 0 0 0 0 0 0 0 0 0 0 0 0 0 0 0 0 0 0 0 0 0 0 0 0 0 0 0 0 0 0 0 0 0 0 0 0 0 0 0 0 0 0 0 0 0 0 0 0 0 0 0 0 0 0 0 0 0 0 0 0 0 0 0 0 0 0 0 0 0 0 0 0 0 0 0 0 0 0 0 0 0 0 0 0 0 0 0 0 0 0 0 0 0 0 0 0 0 0 0 0 0 0 0 0 0 0 0 0 0 0 0 0 0 0 0 0 0 0 0 0 0 0 0 0 
0 0 0 0 0 0 0 0 0 0 0 0 0 0 0 0 0 0 0 0 0 0 0 0 0 0 0 0 0 0 0 0 0 0 0 0 0 0 0 0 0 0 0 0 0 0 0 0 0 0 0 0 0 0 0 0 0 0 0 0 0 0 0 0 0 0 0 0 0 0 0 0 0 0 0 0 0 0 0 0 0 0 0 0 0 0 0 0 0 0 0 0 0 0 0 0 0 0 0 0 0 0 0 0 0 0 0 0 0 0 0 0 0 0 0 0 0 0 0 0 0 0 0 0 0 0 0 0 
0 0 0 0 0 0 0 0 0 0 0 0 0 0 0 0 0 0 0 0 0 0 0 0 0 0 0 0 0 0 0 0 0 0 0 0 0 0 0 0 0 0 0 0 0 0 0 0 0 0 0 0 0 0 0 0 0 0 0 0 0 0 0 0 0 0 0 0 0 0 0 0 0 0 0 0 0 0 0 0 0 0 0 0 0 0 0 0 0 0 0 0 0 0 0 0 0 0 0 0 0 0 0 0 0 0 0 0 0 0 0 0 0 0 0 0 0 0 0 0 0 0 0 0 0 0 0 0 
0 0 0 0 0 0 0 0 0 0 0 0 0 0 0 0 0 0 0 0 0 0 0 0 0 0 0 0 0 0 0 0 0 0 0 0 0 0 0 0 0 0 0 0 0 0 0 0 0 0 0 0 0 0 0 0 0 0 0 0 0 0 0 0 0 0 0 0 0 0 0 0 0 0 0 0 0 0 0 0 0 0 0 0 0 0 0 0 0 0 0 0 0 0 0 0 0 0 0 0 0 0 0 0 0 0 0 0 0 0 0 0 0 0 0 0 0 0 0 0 0 0 0 0 0 0 0 0 
0 0 0 0 0 0 0 0 0 0 0 0 0 0 0 0 0 0 0 0 0 0 0 0 0 0 0 0 0 0 0 0 0 0 0 0 0 0 0 0 0 0 0 0 0 0 0 0 0 0 0 0 0 0 0 0 0 0 0 0 0 0 0 0 0 0 0 0 0 0 0 0 0 0 0 0 0 0 0 0 0 0 0 0 0 0 0 0 0 0 0 0 0 0 0 0 0 0 0 0 0 0 0 0 0 0 0 0 0 0 0 0 0 0 0 0 0 0 0 0 0 0 0 0 0 0 0 0 
0 0 0 0 0 0 0 0 0 0 0 0 0 0 0 0 0 0 0 0 0 0 0 0 0 0 0 0 0 0 0 0 0 0 0 0 0 0 0 0 0 0 0 0 0 0 0 0 0 0 0 0 0 0 0 0 0 0 0 0 0 0 0 0 0 0 0 0 0 0 0 0 0 0 0 0 0 0 0 0 0 0 0 0 0 0 0 0 0 0 0 0 0 0 0 0 0 0 0 0 0 0 0 0 0 0 0 0 0 0 0 0 0 0 0 0 0 0 0 0 0 0 0 0 0 0 0 0 
0 0 0 0 0 0 0 0 0 0 0 0 0 0 0 0 0 0 0 0 0 0 0 0 0 0 0 0 0 0 0 0 0 0 0 0 0 0 0 0 0 0 0 0 0 0 0 0 0 0 0 0 0 0 0 0 0 0 0 0 0 0 0 0 0 0 0 0 0 0 0 0 0 0 0 0 0 0 0 0 0 0 0 0 0 0 0 0 0 0 0 0 0 0 0 0 0 0 0 0 0 0 0 0 0 0 0 0 0 0 0 0 0 0 0 0 0 0 0 0 0 0 0 0 0 0 0 0 
0 0 0 0 0 0 0 0 0 0 0 0 0 0 0 0 0 0 0 0 0 0 0 0 0 0 0 0 0 0 0 0 0 0 0 0 0 0 0 0 0 0 0 0 0 0 0 0 0 0 0 0 0 0 0 0 0 0 0 0 0 0 0 0 0 0 0 0 0 0 0 0 0 0 0 0 0 0 0 0 0 0 0 0 0 0 0 0 0 0 0 0 0 0 0 0 0 0 0 0 0 0 0 0 0 0 0 0 0 0 0 0 0 0 0 0 0 0 0 0 0 0 0 0 0 0 0 0 
0 0 0 0 0 0 0 0 0 0 0 0 0 0 0 0 0 0 0 0 0 0 0 0 0 0 0 0 0 0 0 0 0 0 0 0 0 0 0 0 0 0 0 0 0 0 0 0 0 0 0 0 0 0 0 0 0 0 0 0 0 0 0 0 0 0 0 0 0 0 0 0 0 0 0 0 0 0 0 0 0 0 0 0 0 0 0 0 0 0 0 0 0 0 0 0 0 0 0 0 0 0 0 0 0 0 0 0 0 0 0 0 0 0 0 0 0 0 0 0 0 0 0 0 0 0 0 0 
0 0 0 0 0 0 0 0 0 0 0 0 0 0 0 0 0 0 0 0 0 0 0 0 0 0 0 0 0 0 0 0 0 0 0 0 0 0 0 0 0 0 0 0 0 0 0 0 0 0 0 0 0 0 0 0 0 0 0 0 0 0 0 0 0 0 0 0 0 0 0 0 0 0 0 0 0 0 0 0 0 0 0 0 0 0 0 0 0 0 0 0 0 0 0 0 0 0 0 0 0 0 0 0 0 0 0 0 0 0 0 0 0 0 0 0 0 0 0 0 0 0 0 0 0 0 0 0 
0 0 0 0 0 0 0 0 0 0 0 0 0 0 0 0 0 0 0 0 0 0 0 0 0 0 0 0 0 0 0 0 0 0 0 0 0 0 0 0 0 0 0 0 0 0 0 0 0 0 0 0 0 0 0 0 0 0 0 0 0 0 0 0 0 0 0 0 0 0 0 0 0 0 0 0 0 0 0 0 0 0 0 0 0 0 0 0 0 0 0 0 0 0 0 0 0 0 0 0 0 0 0 0 0 0 0 0 0 0 0 0 0 0 0 0 0 0 0 0 0 0 0 0 0 0 0 0 
0 0 0 0 0 0 0 0 0 0 0 0 0 0 0 0 0 0 0 0 0 0 0 0 0 0 0 0 0 0 0 0 0 0 0 0 0 0 0 0 0 0 0 0 0 0 0 0 0 0 0 0 0 0 0 0 0 0 0 0 0 0 0 0 0 0 0 0 0 0 0 0 0 0 0 0 0 0 0 0 0 0 0 0 0 0 0 0 0 0 0 0 0 0 0 0 0 0 0 0 0 0 0 0 0 0 0 0 0 0 0 0 0 0 0 0 0 0 0 0 0 0 0 0 0 0 0 0 
0 0 0 0 0 0 0 0 0 0 0 0 0 0 0 0 0 0 0 0 0 0 0 0 0 0 0 0 0 0 0 0 0 0 0 0 0 0 0 0 0 0 0 0 0 0 0 0 0 0 0 0 0 0 0 0 0 0 0 0 0 0 0 0 0 0 0 0 0 0 0 0 0 0 0 0 0 0 0 0 0 0 0 0 0 0 0 0 0 0 0 0 0 0 0 0 0 0 0 0 0 0 0 0 0 0 0 0 0 0 0 0 0 0 0 0 0 0 0 0 0 0 0 0 0 0 0 0 
0 0 0 0 0 0 0 0 0 0 0 0 0 0 0 0 0 0 0 0 0 0 0 0 0 0 0 0 0 0 0 0 0 0 0 0 0 0 0 0 0 0 0 0 0 0 0 0 0 0 0 0 0 0 0 0 0 0 0 0 0 0 0 0 0 0 0 0 0 0 0 0 0 0 0 0 0 0 0 0 0 0 0 0 0 0 0 0 0 0 0 0 0 0 0 0 0 0 0 0 0 0 0 0 0 0 0 0 0 0 0 0 0 0 0 0 0 0 0 0 0 0 0 0 0 0 0 0 
0 0 0 0 0 0 0 0 0 0 0 0 0 0 0 0 0 0 0 0 0 0 0 0 0 0 0 0 0 0 0 0 0 0 0 0 0 0 0 0 0 0 0 0 0 0 0 0 0 0 0 0 0 0 0 0 0 0 0 0 0 0 0 0 0 0 0 0 0 0 0 0 0 0 0 0 0 0 0 0 0 0 0 0 0 0 0 0 0 0 0 0 0 0 0 0 0 0 0 0 0 0 0 0 0 0 0 0 0 0 0 0 0 0 0 0 0 0 0 0 0 0 0 0 0 0 0 0 
0 0 0 0 0 0 0 0 0 0 0 0 0 0 0 0 0 0 0 0 0 0 0 0 0 0 0 0 0 0 0 0 0 0 0 0 0 0 0 0 0 0 0 0 0 0 0 0 0 0 0 0 0 0 0 0 0 0 0 0 0 0 0 0 0 0 0 0 0 0 0 0 0 0 0 0 0 0 0 0 0 0 0 0 0 0 0 0 0 0 0 0 0 0 0 0 0 0 0 0 0 0 0 0 0 0 0 0 0 0 0 0 0 0 0 0 0 0 0 0 0 0 0 0 0 0 0 0 
0 0 0 0 0 0 0 0 0 0 0 0 0 0 0 0 0 0 0 0 0 0 0 0 0 0 0 0 0 0 0 0 0 0 0 0 0 0 0 0 0 0 0 0 0 0 0 0 0 0 0 0 0 0 0 0 0 0 0 0 0 0 0 0 0 0 0 0 0 0 0 0 0 0 0 0 0 0 0 0 0 0 0 0 0 0 0 0 0 0 0 0 0 0 0 0 0 0 0 0 0 0 0 0 0 0 0 0 0 0 0 0 0 0 0 0 0 0 0 0 0 0 0 0 0 0 0 0 
0 0 0 0 0 0 0 0 0 0 0 0 0 0 0 0 0 0 0 0 0 0 0 0 0 0 0 0 0 0 0 0 0 0 0 0 0 0 0 0 0 0 0 0 0 0 0 0 0 0 0 0 0 0 0 0 0 0 0 0 0 0 0 0 0 0 0 0 0 0 0 0 0 0 0 0 0 0 0 0 0 0 0 0 0 0 0 0 0 0 0 0 0 0 0 0 0 0 0 0 0 0 0 0 0 0 0 0 0 0 0 0 0 0 0 0 0 0 0 0 0 0 0 0 0 0 0 0 
0 0 0 0 0 0 0 0 0 0 0 0 0 0 0 0 0 0 0 0 0 0 0 0 0 0 0 0 0 0 0 0 0 0 0 0 0 0 0 0 0 0 0 0 0 0 0 0 0 0 0 0 0 0 0 0 0 0 0 0 0 0 0 0 0 0 0 0 0 0 0 0 0 0 0 0 0 0 0 0 0 0 0 0 0 0 0 0 0 0 0 0 0 0 0 0 0 0 0 0 0 0 0 0 0 0 0 0 0 0 0 0 0 0 0 0 0 0 0 0 0 0 0 0 0 0 0 0 
0 0 0 0 0 0 0 0 0 0 0 0 0 0 0 0 0 0 0 0 0 0 0 0 0 0 0 0 0 0 0 0 0 0 0 0 0 0 0 0 0 0 0 0 0 0 0 0 0 0 0 0 0 0 0 0 0 0 0 0 0 0 0 0 0 0 0 0 0 0 0 0 0 0 0 0 0 0 0 0 0 0 0 0 0 0 0 0 0 0 0 0 0 0 0 0 0 0 0 0 0 0 0 0 0 0 0 0 0 0 0 0 0 0 0 0 0 0 0 0 0 0 0 0 0 0 0 0 
0 0 0 0 0 0 0 0 0 0 0 0 0 0 0 0 0 0 0 0 0 0 0 0 0 0 0 0 0 0 0 0 0 0 0 0 0 0 0 0 0 0 0 0 0 0 0 0 0 0 0 0 0 0 0 0 0 0 0 0 0 0 0 0 0 0 0 0 0 0 0 0 0 0 0 0 0 0 0 0 0 0 0 0 0 0 0 0 0 0 0 0 0 0 0 0 0 0 0 0 0 0 0 0 0 0 0 0 0 0 0 0 0 0 0 0 0 0 0 0 0 0 0 0 0 0 0 0 
0 0 0 0 0 0 0 0 0 0 0 0 0 0 0 0 0 0 0 0 0 0 0 0 0 0 0 0 0 0 0 0 0 0 0 0 0 0 0 0 0 0 0 0 0 0 0 0 0 0 0 0 0 0 0 0 0 0 0 0 0 0 0 0 0 0 0 0 0 0 0 0 0 0 0 0 0 0 0 0 0 0 0 0 0 0 0 0 0 0 0 0 0 0 0 0 0 0 0 0 0 0 0 0 0 0 0 0 0 0 0 0 0 0 0 0 0 0 0 0 0 0 0 0 0 0 0 0 
0 0 0 0 0 0 0 0 0 0 0 0 0 0 0 0 0 0 0 0 0 0 0 0 0 0 0 0 0 0 0 0 0 0 0 0 0 0 0 0 0 0 0 0 0 0 0 0 0 0 0 0 0 0 0 0 0 0 0 0 0 0 0 0 0 0 0 0 0 0 0 0 0 0 0 0 0 0 0 0 0 0 0 0 0 0 0 0 0 0 0 0 0 0 0 0 0 0 0 0 0 0 0 0 0 0 0 0 0 0 0 0 0 0 0 0 0 0 0 0 0 0 0 0 0 0 0 0 
0 0 0 0 0 0 0 0 0 0 0 0 0 0 0 0 0 0 0 0 0 0 0 0 0 0 0 0 0 0 0 0 0 0 0 0 0 0 0 0 0 0 0 0 0 0 0 0 0 0 0 0 0 0 0 0 0 0 0 0 0 0 0 0 0 0 0 0 0 0 0 0 0 0 0 0 0 0 0 0 0 0 0 0 0 0 0 0 0 0 0 0 0 0 0 0 0 0 0 0 0 0 0 0 0 0 0 0 0 0 0 0 0 0 0 0 0 0 0 0 0 0 0 0 0 0 0 0 
0 0 0 0 0 0 0 0 0 0 0 0 0 0 0 0 0 0 0 0 0 0 0 0 0 0 0 0 0 0 0 0 0 0 0 0 0 0 0 0 0 0 0 0 0 0 0 0 0 0 0 0 0 0 0 0 0 0 0 0 0 0 0 0 0 0 0 0 0 0 0 0 0 0 0 0 0 0 0 0 0 0 0 0 0 0 0 0 0 0 0 0 0 0 0 0 0 0 0 0 0 0 0 0 0 0 0 0 0 0 0 0 0 0 0 0 0 0 0 0 0 0 0 0 0 0 0 0 
0 0 0 0 0 0 0 0 0 0 0 0 0 0 0 0 0 0 0 0 0 0 0 0 0 0 0 0 0 0 0 0 0 0 0 0 0 0 0 0 0 0 0 0 0 0 0 0 0 0 0 0 0 0 0 0 0 0 0 0 0 0 0 0 0 0 0 0 0 0 0 0 0 0 0 0 0 0 0 0 0 0 0 0 0 0 0 0 0 0 0 0 0 0 0 0 0 0 0 0 0 0 0 0 0 0 0 0 0 0 0 0 0 0 0 0 0 0 0 0 0 0 0 0 0 0 0 0 
0 0 0 0 0 0 0 0 0 0 0 0 0 0 0 0 0 0 0 0 0 0 0 0 0 0 0 0 0 0 0 0 0 0 0 0 0 0 0 0 0 0 0 0 0 0 0 0 0 0 0 0 0 0 0 0 0 0 0 0 0 0 0 0 0 0 0 0 0 0 0 0 0 0 0 0 0 0 0 0 0 0 0 0 0 0 0 0 0 0 0 0 0 0 0 0 0 0 0 0 0 0 0 0 0 0 0 0 0 0 0 0 0 0 0 0 0 0 0 0 0 0 0 0 0 0 0 0 
0 0 0 0 0 0 0 0 0 0 0 0 0 0 0 0 0 0 0 0 0 0 0 0 0 0 0 0 0 0 0 0 0 0 0 0 0 0 0 0 0 0 0 0 0 0 0 0 0 0 0 0 0 0 0 0 0 0 0 0 0 0 0 0 0 0 0 0 0 0 0 0 0 0 0 0 0 0 0 0 0 0 0 0 0 0 0 0 0 0 0 0 0 0 0 0 0 0 0 0 0 0 0 0 0 0 0 0 0 0 0 0 0 0 0 0 0 0 0 0 0 0 0 0 0 0 0 0 
0 0 0 0 0 0 0 0 0 0 0 0 0 0 0 0 0 0 0 0 0 0 0 0 0 0 0 0 0 0 0 0 0 0 0 0 0 0 0 0 0 0 0 0 0 0 0 0 0 0 0 0 0 0 0 0 0 0 0 0 0 0 0 0 0 0 0 0 0 0 0 0 0 0 0 0 0 0 0 0 0 0 0 0 0 0 0 0 0 0 0 0 0 0 0 0 0 0 0 0 0 0 0 0 0 0 0 0 0 0 0 0 0 0 0 0 0 0 0 0 0 0 0 0 0 0 0 0 
0 0 0 0 0 0 0 0 0 0 0 0 0 0 0 0 0 0 0 0 0 0 0 0 0 0 0 0 0 0 0 0 0 0 0 0 0 0 0 0 0 0 0 0 0 0 0 0 0 0 0 0 0 0 0 0 0 0 0 0 0 0 0 0 0 0 0 0 0 0 0 0 0 0 0 0 0 0 0 0 0 0 0 0 0 0 0 0 0 0 0 0 0 0 0 0 0 0 0 0 0 0 0 0 0 0 0 0 0 0 0 0 0 0 0 0 0 0 0 0 0 0 0 0 0 0 0 0 
0 0 0 0 0 0 0 0 0 0 0 0 0 0 0 0 0 0 0 0 0 0 0 0 0 0 0 0 0 0 0 0 0 0 0 0 0 0 0 0 0 0 0 0 0 0 0 0 0 0 0 0 0 0 0 0 0 0 0 0 0 0 0 0 0 0 0 0 0 0 0 0 0 0 0 0 0 0 0 0 0 0 0 0 0 0 0 0 0 0 0 0 0 0 0 0 0 0 0 0 0 0 0 0 0 0 0 0 0 0 0 0 0 0 0 0 0 0 0 0 0 0 0 0 0 0 0 0 
0 0 0 0 0 0 0 0 0 0 0 0 0 0 0 0 0 0 0 0 0 0 0 0 0 0 0 0 0 0 0 0 0 0 0 0 0 0 0 0 0 0 0 0 0 0 0 0 0 0 0 0 0 0 0 0 0 0 0 0 0 0 0 0 0 0 0 0 0 0 0 0 0 0 0 0 0 0 0 0 0 0 0 0 0 0 0 0 0 0 0 0 0 0 0 0 0 0 0 0 0 0 0 0 0 0 0 0 0 0 0 0 0 0 0 0 0 0 0 0 0 0 0 0 0 0 0 0 
0 0 0 0 0 0 0 0 0 0 0 0 0 0 0 0 0 0 0 0 0 0 0 0 0 0 0 0 0 0 0 0 0 0 0 0 0 0 0 0 0 0 0 0 0 0 0 0 0 0 0 0 0 0 0 0 0 0 0 0 0 0 0 0 0 0 0 0 0 0 0 0 0 0 0 0 0 0 0 0 0 0 0 0 0 0 0 0 0 0 0 0 0 0 0 0 0 0 0 0 0 0 0 0 0 0 0 0 0 0 0 0 0 0 0 0 0 0 0 0 0 0 0 0 0 0 0 0 
0 0 0 0 0 0 0 0 0 0 0 0 0 0 0 0 0 0 0 0 0 0 0 0 0 0 0 0 0 0 0 0 0 0 0 0 0 0 0 0 0 0 0 0 0 0 0 0 0 0 0 0 0 0 0 0 0 0 0 0 0 0 0 0 0 0 0 0 0 0 0 0 0 0 0 0 0 0 0 0 0 0 0 0 0 0 0 0 0 0 0 0 0 0 0 0 0 0 0 0 0 0 0 0 0 0 0 0 0 0 0 0 0 0 0 0 0 0 0 0 0 0 0 0 0 0 0 0 
0 0 0 0 0 0 0 0 0 0 0 0 0 0 0 0 0 0 0 0 0 0 0 0 0 0 0 0 0 0 0 0 0 0 0 0 0 0 0 0 0 0 0 0 0 0 0 0 0 0 0 0 0 0 0 0 0 0 0 0 0 0 0 0 0 0 0 0 0 0 0 0 0 0 0 0 0 0 0 0 0 0 0 0 0 0 0 0 0 0 0 0 0 0 0 0 0 0 0 0 0 0 0 0 0 0 0 0 0 0 0 0 0 0 0 0 0 0 0 0 0 0 0 0 0 0 0 0 
0 0 0 0 0 0 0 0 0 0 0 0 0 0 0 0 0 0 0 0 0 0 0 0 0 0 0 0 0 0 0 0 0 0 0 0 0 0 0 0 0 0 0 0 0 0 0 0 0 0 0 0 0 0 0 0 0 0 0 0 0 0 0 0 0 0 0 0 0 0 0 0 0 0 0 0 0 0 0 0 0 0 0 0 0 0 0 0 0 0 0 0 0 0 0 0 0 0 0 0 0 0 0 0 0 0 0 0 0 0 0 0 0 0 0 0 0 0 0 0 0 0 0 0 0 0 0 0 
0 0 0 0 0 0 0 0 0 0 0 0 0 0 0 0 0 0 0 0 0 0 0 0 0 0 0 0 0 0 0 0 0 0 0 0 0 0 0 0 0 0 0 0 0 0 0 0 0 0 0 0 0 0 0 0 0 0 0 0 0 0 0 0 0 0 0 0 0 0 0 0 0 0 0 0 0 0 0 0 0 0 0 0 0 0 0 0 0 0 0 0 0 0 0 0 0 0 0 0 0 0 0 0 0 0 0 0 0 0 0 0 0 0 0 0 0 0 0 0 0 0 0 0 0 0 0 0 
0 0 0 0 0 0 0 0 0 0 0 0 0 0 0 0 0 0 0 0 0 0 0 0 0 0 0 0 0 0 0 0 0 0 0 0 0 0 0 0 0 0 0 0 0 0 0 0 0 0 0 0 0 0 0 0 0 0 0 0 0 0 0 0 0 0 0 0 0 0 0 0 0 0 0 0 0 0 0 0 0 0 0 0 0 0 0 0 0 0 0 0 0 0 0 0 0 0 0 0 0 0 0 0 0 0 0 0 0 0 0 0 0 0 0 0 0 0 0 0 0 0 0 0 0 0 0 0 
0 0 0 0 0 0 0 0 0 0 0 0 0 0 0 0 0 0 0 0 0 0 0 0 0 0 0 0 0 0 0 0 0 0 0 0 0 0 0 0 0 0 0 0 0 0 0 0 0 0 0 0 0 0 0 0 0 0 0 0 0 0 0 0 0 0 0 0 0 0 0 0 0 0 0 0 0 0 0 0 0 0 0 0 0 0 0 0 0 0 0 0 0 0 0 0 0 0 0 0 0 0 0 0 0 0 0 0 0 0 0 0 0 0 0 0 0 0 0 0 0 0 0 0 0 0 0 0 
0 0 0 0 0 0 0 0 0 0 0 0 0 0 0 0 0 0 0 0 0 0 0 0 0 0 0 0 0 0 0 0 0 0 0 0 0 0 0 0 0 0 0 0 0 0 0 0 0 0 0 0 0 0 0 0 0 0 0 0 0 0 0 0 0 0 0 0 0 0 0 0 0 0 0 0 0 0 0 0 0 0 0 0 0 0 0 0 0 0 0 0 0 0 0 0 0 0 0 0 0 0 0 0 0 0 0 0 0 0 0 0 0 0 0 0 0 0 0 0 0 0 0 0 0 0 0 0 
0 0 0 0 0 0 0 0 0 0 0 0 0 0 0 0 0 0 0 0 0 0 0 0 0 0 0 0 0 0 0 0 0 0 0 0 0 0 0 0 0 0 0 0 0 0 0 0 0 0 0 0 0 0 0 0 0 0 0 0 0 0 0 0 0 0 0 0 0 0 0 0 0 0 0 0 0 0 0 0 0 0 0 0 0 0 0 0 0 0 0 0 0 0 0 0 0 0 0 0 0 0 0 0 0 0 0 0 0 0 0 0 0 0 0 0 0 0 0 0 0 0 0 0 0 0 0 0 
0 0 0 0 0 0 0 0 0 0 0 0 0 0 0 0 0 0 0 0 0 0 0 0 0 0 0 0 0 0 0 0 0 0 0 0 0 0 0 0 0 0 0 0 0 0 0 0 0 0 0 0 0 0 0 0 0 0 0 0 0 0 0 0 0 0 0 0 0 0 0 0 0 0 0 0 0 0 0 0 0 0 0 0 0 0 0 0 0 0 0 0 0 0 0 0 0 0 0 0 0 0 0 0 0 0 0 0 0 0 0 0 0 0 0 0 0 0 0 0 0 0 0 0 0 0 0 0 
0 0 0 0 0 0 0 0 0 0 0 0 0 0 0 0 0 0 0 0 0 0 0 0 0 0 0 0 0 0 0 0 0 0 0 0 0 0 0 0 0 0 0 0 0 0 0 0 0 0 0 0 0 0 0 0 0 0 0 0 0 0 0 0 0 0 0 0 0 0 0 0 0 0 0 0 0 0 0 0 0 0 0 0 0 0 0 0 0 0 0 0 0 0 0 0 0 0 0 0 0 0 0 0 0 0 0 0 0 0 0 0 0 0 0 0 0 0 0 0 0 0 0 0 0 0 0 0 
0 0 0 0 0 0 0 0 0 0 0 0 0 0 0 0 0 0 0 0 0 0 0 0 0 0 0 0 0 0 0 0 0 0 0 0 0 0 0 0 0 0 0 0 0 0 0 0 0 0 0 0 0 0 0 0 0 0 0 0 0 0 0 0 0 0 0 0 0 0 0 0 0 0 0 0 0 0 0 0 0 0 0 0 0 0 0 0 0 0 0 0 0 0 0 0 0 0 0 0 0 0 0 0 0 0 0 0 0 0 0 0 0 0 0 0 0 0 0 0 0 0 0 0 0 0 0 0 
0 0 0 0 0 0 0 0 0 0 0 0 0 0 0 0 0 0 0 0 0 0 0 0 0 0 0 0 0 0 0 0 0 0 0 0 0 0 0 0 0 0 0 0 0 0 0 0 0 0 0 0 0 0 0 0 0 0 0 0 0 0 0 0 0 0 0 0 0 0 0 0 0 0 0 0 0 0 0 0 0 0 0 0 0 0 0 0 0 0 0 0 0 0 0 0 0 0 0 0 0 0 0 0 0 0 0 0 0 0 0 0 0 0 0 0 0 0 0 0 0 0 0 0 0 0 0 0 
0 0 0 0 0 0 0 0 0 0 0 0 0 0 0 0 0 0 0 0 0 0 0 0 0 0 0 0 0 0 0 0 0 0 0 0 0 0 0 0 0 0 0 0 0 0 0 0 0 0 0 0 0 0 0 0 0 0 0 0 0 0 0 0 0 0 0 0 0 0 0 0 0 0 0 0 0 0 0 0 0 0 0 0 0 0 0 0 0 0 0 0 0 0 0 0 0 0 0 0 0 0 0 0 0 0 0 0 0 0 0 0 0 0 0 0 0 0 0 0 0 0 0 0 0 0 0 0 
0 0 0 0 0 0 0 0 0 0 0 0 0 0 0 0 0 0 0 0 0 0 0 0 0 0 0 0 0 0 0 0 0 0 0 0 0 0 0 0 0 0 0 0 0 0 0 0 0 0 0 0 0 0 0 0 0 0 0 0 0 0 0 0 0 0 0 0 0 0 0 0 0 0 0 0 0 0 0 0 0 0 0 0 0 0 0 0 0 0 0 0 0 0 0 0 0 0 0 0 0 0 0 0 0 0 0 0 0 0 0 0 0 0 0 0 0 0 0 0 0 0 0 0 0 0 0 0 
0 0 0 0 0 0 0 0 0 0 0 0 0 0 0 0 0 0 0 0 0 0 0 0 0 0 0 0 0 0 0 0 0 0 0 0 0 0 0 0 0 0 0 0 0 0 0 0 0 0 0 0 0 0 0 0 0 0 0 0 0 0 0 0 0 0 0 0 0 0 0 0 0 0 0 0 0 0 0 0 0 0 0 0 0 0 0 0 0 0 0 0 0 0 0 0 0 0 0 0 0 0 0 0 0 0 0 0 0 0 0 0 0 0 0 0 0 0 0 0 0 0 0 0 0 0 0 0 
0 0 0 0 0 0 0 0 0 0 0 0 0 0 0 0 0 0 0 0 0 0 0 0 0 0 0 0 0 0 0 0 0 0 0 0 0 0 0 0 0 0 0 0 0 0 0 0 0 0 0 0 0 0 0 0 0 0 0 0 0 0 0 0 0 0 0 0 0 0 0 0 0 0 0 0 0 0 0 0 0 0 0 0 0 0 0 0 0 0 0 0 0 0 0 0 0 0 0 0 0 0 0 0 0 0 0 0 0 0 0 0 0 0 0 0 0 0 0 0 0 0 0 0 0 0 0 0 
0 0 0 0 0 0 0 0 0 0 0 0 0 0 0 0 0 0 0 0 0 0 0 0 0 0 0 0 0 0 0 0 0 0 0 0 0 0 0 0 0 0 0 0 0 0 0 0 0 0 0 0 0 0 0 0 0 0 0 0 0 0 0 0 0 0 0 0 0 0 0 0 0 0 0 0 0 0 0 0 0 0 0 0 0 0 0 0 0 0 0 0 0 0 0 0 0 0 0 0 0 0 0 0 0 0 0 0 0 0 0 0 0 0 0 0 0 0 0 0 0 0 0 0 0 0 0 0 
0 0 0 0 0 0 0 0 0 0 0 0 0 0 0 0 0 0 0 0 0 0 0 0 0 0 0 0 0 0 0 0 0 0 0 0 0 0 0 0 0 0 0 0 0 0 0 0 0 0 0 0 0 0 0 0 0 0 0 0 0 0 0 0 0 0 0 0 0 0 0 0 0 0 0 0 0 0 0 0 0 0 0 0 0 0 0 0 0 0 0 0 0 0 0 0 0 0 0 0 0 0 0 0 0 0 0 0 0 0 0 0 0 0 0 0 0 0 0 0 0 0 0 0 0 0 0 0 
0 0 0 0 0 0 0 0 0 0 0 0 0 0 0 0 0 0 0 0 0 0 0 0 0 0 0 0 0 0 0 0 0 0 0 0 0 0 0 0 0 0 0 0 0 0 0 0 0 0 0 0 0 0 0 0 0 0 0 0 0 0 0 0 0 0 0 0 0 0 0 0 0 0 0 0 0 0 0 0 0 0 0 0 0 0 0 0 0 0 0 0 0 0 0 0 0 0 0 0 0 0 0 0 0 0 0 0 0 0 0 0 0 0 0 0 0 0 0 0 0 0 0 0 0 0 0 0 
0 0 0 0 0 0 0 0 0 0 0 0 0 0 0 0 0 0 0 0 0 0 0 0 0 0 0 0 0 0 0 0 0 0 0 0 0 0 0 0 0 0 0 0 0 0 0 0 0 0 0 0 0 0 0 0 0 0 0 0 0 0 0 0 0 0 0 0 0 0 0 0 0 0 0 0 0 0 0 0 0 0 0 0 0 0 0 0 0 0 0 0 0 0 0 0 0 0 0 0 0 0 0 0 0 0 0 0 0 0 0 0 0 0 0 0 0 0 0 0 0 0 0 0 0 0 0 0 
0 0 0 0 0 0 0 0 0 0 0 0 0 0 0 0 0 0 0 0 0 0 0 0 0 0 0 0 0 0 0 0 0 0 0 0 0 0 0 0 0 0 0 0 0 0 0 0 0 0 0 0 0 0 0 0 0 0 0 0 0 0 0 0 0 0 0 0 0 0 0 0 0 0 0 0 0 0 0 0 0 0 0 0 0 0 0 0 0 0 0 0 0 0 0 0 0 0 0 0 0 0 0 0 0 0 0 0 0 0 0 0 0 0 0 0 0 0 0 0 0 0 0 0 0 0 0 0 
0 0 0 0 0 0 0 0 0 0 0 0 0 0 0 0 0 0 0 0 0 0 0 0 0 0 0 0 0 0 0 0 0 0 0 0 0 0 0 0 0 0 0 0 0 0 0 0 0 0 0 0 0 0 0 0 0 0 0 0 0 0 0 0 0 0 0 0 0 0 0 0 0 0 0 0 0 0 0 0 0 0 0 0 0 0 0 0 0 0 0 0 0 0 0 0 0 0 0 0 0 0 0 0 0 0 0 0 0 0 0 0 0 0 0 0 0 0 0 0 0 0 0 0 0 0 0 0 
0 0 0 0 0 0 0 0 0 0 0 0 0 0 0 0 0 0 0 0 0 0 0 0 0 0 0 0 0 0 0 0 0 0 0 0 0 0 0 0 0 0 0 0 0 0 0 0 0 0 0 0 0 0 0 0 0 0 0 0 0 0 0 0 0 0 0 0 0 0 0 0 0 0 0 0 0 0 0 0 0 0 0 0 0 0 0 0 0 0 0 0 0 0 0 0 0 0 0 0 0 0 0 0 0 0 0 0 0 0 0 0 0 0 0 0 0 0 0 0 0 0 0 0 0 0 0 0 
0 0 0 0 0 0 0 0 0 0 0 0 0 0 0 0 0 0 0 0 0 0 0 0 0 0 0 0 0 0 0 0 0 0 0 0 0 0 0 0 0 0 0 0 0 0 0 0 0 0 0 0 0 0 0 0 0 0 0 0 0 0 0 0 0 0 0 0 0 0 0 0 0 0 0 0 0 0 0 0 0 0 0 0 0 0 0 0 0 0 0 0 0 0 0 0 0 0 0 0 0 0 0 0 0 0 0 0 0 0 0 0 0 0 0 0 0 0 0 0 0 0 0 0 0 0 0 0 
0 0 0 0 0 0 0 0 0 0 0 0 0 0 0 0 0 0 0 0 0 0 0 0 0 0 0 0 0 0 0 0 0 0 0 0 0 0 0 0 0 0 0 0 0 0 0 0 0 0 0 0 0 0 0 0 0 0 0 0 0 0 0 0 0 0 0 0 0 0 0 0 0 0 0 0 0 0 0 0 0 0 0 0 0 0 0 0 0 0 0 0 0 0 0 0 0 0 0 0 0 0 0 0 0 0 0 0 0 0 0 0 0 0 0 0 0 0 0 0 0 0 0 0 0 0 0 0 
0 0 0 0 0 0 0 0 0 0 0 0 0 0 0 0 0 0 0 0 0 0 0 0 0 0 0 0 0 0 0 0 0 0 0 0 0 0 0 0 0 0 0 0 0 0 0 0 0 0 0 0 0 0 0 0 0 0 0 0 0 0 0 0 0 0 0 0 0 0 0 0 0 0 0 0 0 0 0 0 0 0 0 0 0 0 0 0 0 0 0 0 0 0 0 0 0 0 0 0 0 0 0 0 0 0 0 0 0 0 0 0 0 0 0 0 0 0 0 0 0 0 0 0 0 0 0 0 
0 0 0 0 0 0 0 0 0 0 0 0 0 0 0 0 0 0 0 0 0 0 0 0 0 0 0 0 0 0 0 0 0 0 0 0 0 0 0 0 0 0 0 0 0 0 0 0 0 0 0 0 0 0 0 0 0 0 0 0 0 0 0 0 0 0 0 0 0 0 0 0 0 0 0 0 0 0 0 0 0 0 0 0 0 0 0 0 0 0 0 0 0 0 0 0 0 0 0 0 0 0 0 0 0 0 0 0 0 0 0 0 0 0 0 0 0 0 0 0 0 0 0 0 0 0 0 0 
0 0 0 0 0 0 0 0 0 0 0 0 0 0 0 0 0 0 0 0 0 0 0 0 0 0 0 0 0 0 0 0 0 0 0 0 0 0 0 0 0 0 0 0 0 0 0 0 0 0 0 0 0 0 0 0 0 0 0 0 0 0 0 0 0 0 0 0 0 0 0 0 0 0 0 0 0 0 0 0 0 0 0 0 0 0 0 0 0 0 0 0 0 0 0 0 0 0 0 0 0 0 0 0 0 0 0 0 0 0 0 0 0 0 0 0 0 0 0 0 0 0 0 0 0 0 0 0 
0 0 0 0 0 0 0 0 0 0 0 0 0 0 0 0 0 0 0 0 0 0 0 0 0 0 0 0 0 0 0 0 0 0 0 0 0 0 0 0 0 0 0 0 0 0 0 0 0 0 0 0 0 0 0 0 0 0 0 0 0 0 0 0 0 0 0 0 0 0 0 0 0 0 0 0 0 0 0 0 0 0 0 0 0 0 0 0 0 0 0 0 0 0 0 0 0 0 0 0 0 0 0 0 0 0 0 0 0 0 0 0 0 0 0 0 0 0 0 0 0 0 0 0 0 0 0 0 
0 0 0 0 0 0 0 0 0 0 0 0 0 0 0 0 0 0 0 0 0 0 0 0 0 0 0 0 0 0 0 0 0 0 0 0 0 0 0 0 0 0 0 0 0 0 0 0 0 0 0 0 0 0 0 0 0 0 0 0 0 0 0 0 0 0 0 0 0 0 0 0 0 0 0 0 0 0 0 0 0 0 0 0 0 0 0 0 0 0 0 0 0 0 0 0 0 0 0 0 0 0 0 0 0 0 0 0 0 0 0 0 0 0 0 0 0 0 0 0 0 0 0 0 0 0 0 0 
0 0 0 0 0 0 0 0 0 0 0 0 0 0 0 0 0 0 0 0 0 0 0 0 0 0 0 0 0 0 0 0 0 0 0 0 0 0 0 0 0 0 0 0 0 0 0 0 0 0 0 0 0 0 0 0 0 0 0 0 0 0 0 0 0 0 0 0 0 0 0 0 0 0 0 0 0 0 0 0 0 0 0 0 0 0 0 0 0 0 0 0 0 0 0 0 0 0 0 0 0 0 0 0 0 0 0 0 0 0 0 0 0 0 0 0 0 0 0 0 0 0 0 0 0 0 0 0 
0 0 0 0 0 0 0 0 0 0 0 0 0 0 0 0 0 0 0 0 0 0 0 0 0 0 0 0 0 0 0 0 0 0 0 0 0 0 0 0 0 0 0 0 0 0 0 0 0 0 0 0 0 0 0 0 0 0 0 0 0 0 0 0 0 0 0 0 0 0 0 0 0 0 0 0 0 0 0 0 0 0 0 0 0 0 0 0 0 0 0 0 0 0 0 0 0 0 0 0 0 0 0 0 0 0 0 0 0 0 0 0 0 0 0 0 0 0 0 0 0 0 0 0 0 0 0 0 
0 0 0 0 0 0 0 0 0 0 0 0 0 0 0 0 0 0 0 0 0 0 0 0 0 0 0 0 0 0 0 0 0 0 0 0 0 0 0 0 0 0 0 0 0 0 0 0 0 0 0 0 0 0 0 0 0 0 0 0 0 0 0 0 0 0 0 0 0 0 0 0 0 0 0 0 0 0 0 0 0 0 0 0 0 0 0 0 0 0 0 0 0 0 0 0 0 0 0 0 0 0 0 0 0 0 0 0 0 0 0 0 0 0 0 0 0 0 0 0 0 0 0 0 0 0 0 0 
0 0 0 0 0 0 0 0 0 0 0 0 0 0 0 0 0 0 0 0 0 0 0 0 0 0 0 0 0 0 0 0 0 0 0 0 0 0 0 0 0 0 0 0 0 0 0 0 0 0 0 0 0 0 0 0 0 0 0 0 0 0 0 0 0 0 0 0 0 0 0 0 0 0 0 0 0 0 0 0 0 0 0 0 0 0 0 0 0 0 0 0 0 0 0 0 0 0 0 0 0 0 0 0 0 0 0 0 0 0 0 0 0 0 0 0 0 0 0 0 0 0 0 0 0 0 0 0 
0 0 0 0 0 0 0 0 0 0 0 0 0 0 0 0 0 0 0 0 0 0 0 0 0 0 0 0 0 0 0 0 0 0 0 0 0 0 0 0 0 0 0 0 0 0 0 0 0 0 0 0 0 0 0 0 0 0 0 0 0 0 0 0 0 0 0 0 0 0 0 0 0 0 0 0 0 0 0 0 0 0 0 0 0 0 0 0 0 0 0 0 0 0 0 0 0 0 0 0 0 0 0 0 0 0 0 0 0 0 0 0 0 0 0 0 0 0 0 0 0 0 0 0 0 0 0 0 
0 0 0 0 0 0 0 0 0 0 0 0 0 0 0 0 0 0 0 0 0 0 0 0 0 0 0 0 0 0 0 0 0 0 0 0 0 0 0 0 0 0 0 0 0 0 0 0 0 0 0 0 0 0 0 0 0 0 0 0 0 0 0 0 0 0 0 0 0 0 0 0 0 0 0 0 0 0 0 0 0 0 0 0 0 0 0 0 0 0 0 0 0 0 0 0 0 0 0 0 0 0 0 0 0 0 0 0 0 0 0 0 0 0 0 0 0 0 0 0 0 0 0 0 0 0 0 0 
0 0 0 0 0 0 0 0 0 0 0 0 0 0 0 0 0 0 0 0 0 0 0 0 0 0 0 0 0 0 0 0 0 0 0 0 0 0 0 0 0 0 0 0 0 0 0 0 0 0 0 0 0 0 0 0 0 0 0 0 0 0 0 0 0 0 0 0 0 0 0 0 0 0 0 0 0 0 0 0 0 0 0 0 0 0 0 0 0 0 0 0 0 0 0 0 0 0 0 0 0 0 0 0 0 0 0 0 0 0 0 0 0 0 0 0 0 0 0 0 0 0 0 0 0 0 0 0 
0 0 0 0 0 0 0 0 0 0 0 0 0 0 0 0 0 0 0 0 0 0 0 0 0 0 0 0 0 0 0 0 0 0 0 0 0 0 0 0 0 0 0 0 0 0 0 0 0 0 0 0 0 0 0 0 0 0 0 0 0 0 0 0 0 0 0 0 0 0 0 0 0 0 0 0 0 0 0 0 0 0 0 0 0 0 0 0 0 0 0 0 0 0 0 0 0 0 0 0 0 0 0 0 0 0 0 0 0 0 0 0 0 0 0 0 0 0 0 0 0 0 0 0 0 0 0 0 
0 0 0 0 0 0 0 0 0 0 0 0 0 0 0 0 0 0 0 0 0 0 0 0 0 0 0 0 0 0 0 0 0 0 0 0 0 0 0 0 0 0 0 0 0 0 0 0 0 0 0 0 0 0 0 0 0 0 0 0 0 0 0 0 0 0 0 0 0 0 0 0 0 0 0 0 0 0 0 0 0 0 0 0 0 0 0 0 0 0 0 0 0 0 0 0 0 0 0 0 0 0 0 0 0 0 0 0 0 0 0 0 0 0 0 0 0 0 0 0 0 0 0 0 0 0 0 0 
0 0 0 0 0 0 0 0 0 0 0 0 0 0 0 0 0 0 0 0 0 0 0 0 0 0 0 0 0 0 0 0 0 0 0 0 0 0 0 0 0 0 0 0 0 0 0 0 0 0 0 0 0 0 0 0 0 0 0 0 0 0 0 0 0 0 0 0 0 0 0 0 0 0 0 0 0 0 0 0 0 0 0 0 0 0 0 0 0 0 0 0 0 0 0 0 0 0 0 0 0 0 0 0 0 0 0 0 0 0 0 0 0 0 0 0 0 0 0 0 0 0 0 0 0 0 0 0 
0 0 0 0 0 0 0 0 0 0 0 0 0 0 0 0 0 0 0 0 0 0 0 0 0 0 0 0 0 0 0 0 0 0 0 0 0 0 0 0 0 0 0 0 0 0 0 0 0 0 0 0 0 0 0 0 0 0 0 0 0 0 0 0 0 0 0 0 0 0 0 0 0 0 0 0 0 0 0 0 0 0 0 0 0 0 0 0 0 0 0 0 0 0 0 0 0 0 0 0 0 0 0 0 0 0 0 0 0 0 0 0 0 0 0 0 0 0 0 0 0 0 0 0 0 0 0 0 
0 0 0 0 0 0 0 0 0 0 0 0 0 0 0 0 0 0 0 0 0 0 0 0 0 0 0 0 0 0 0 0 0 0 0 0 0 0 0 0 0 0 0 0 0 0 0 0 0 0 0 0 0 0 0 0 0 0 0 0 0 0 0 0 0 0 0 0 0 0 0 0 0 0 0 0 0 0 0 0 0 0 0 0 0 0 0 0 0 0 0 0 0 0 0 0 0 0 0 0 0 0 0 0 0 0 0 0 0 0 0 0 0 0 0 0 0 0 0 0 0 0 0 0 0 0 0 0 
0 0 0 0 0 0 0 0 0 0 0 0 0 0 0 0 0 0 0 0 0 0 0 0 0 0 0 0 0 0 0 0 0 0 0 0 0 0 0 0 0 0 0 0 0 0 0 0 0 0 0 0 0 0 0 0 0 0 0 0 0 0 0 0 0 0 0 0 0 0 0 0 0 0 0 0 0 0 0 0 0 0 0 0 0 0 0 0 0 0 0 0 0 0 0 0 0 0 0 0 0 0 0 0 0 0 0 0 0 0 0 0 0 0 0 0 0 0 0 0 0 0 0 0 0 0 0 0 
0 0 0 0 0 0 0 0 0 0 0 0 0 0 0 0 0 0 0 0 0 0 0 0 0 0 0 0 0 0 0 0 0 0 0 0 0 0 0 0 0 0 0 0 0 0 0 0 0 0 0 0 0 0 0 0 0 0 0 0 0 0 0 0 0 0 0 0 0 0 0 0 0 0 0 0 0 0 0 0 0 0 0 0 0 0 0 0 0 0 0 0 0 0 0 0 0 0 0 0 0 0 0 0 0 0 0 0 0 0 0 0 0 0 0 0 0 0 0 0 0 0 0 0 0 0 0 0 
0 0 0 0 0 0 0 0 0 0 0 0 0 0 0 0 0 0 0 0 0 0 0 0 0 0 0 0 0 0 0 0 0 0 0 0 0 0 0 0 0 0 0 0 0 0 0 0 0 0 0 0 0 0 0 0 0 0 0 0 0 0 0 0 0 0 0 0 0 0 0 0 0 0 0 0 0 0 0 0 0 0 0 0 0 0 0 0 0 0 0 0 0 0 0 0 0 0 0 0 0 0 0 0 0 0 0 0 0 0 0 0 0 0 0 0 0 0 0 0 0 0 0 0 0 0 0 0 
0 0 0 0 0 0 0 0 0 0 0 0 0 0 0 0 0 0 0 0 0 0 0 0 0 0 0 0 0 0 0 0 0 0 0 0 0 0 0 0 0 0 0 0 0 0 0 0 0 0 0 0 0 0 0 0 0 0 0 0 0 0 0 0 0 0 0 0 0 0 0 0 0 0 0 0 0 0 0 0 0 0 0 0 0 0 0 0 0 0 0 0 0 0 0 0 0 0 0 0 0 0 0 0 0 0 0 0 0 0 0 0 0 0 0 0 0 0 0 0 0 0 0 0 0 0 0 0 
0 0 0 0 0 0 0 0 0 0 0 0 0 0 0 0 0 0 0 0 0 0 0 0 0 0 0 0 0 0 0 0 0 0 0 0 0 0 0 0 0 0 0 0 0 0 0 0 0 0 0 0 0 0 0 0 0 0 0 0 0 0 0 0 0 0 0 0 0 0 0 0 0 0 0 0 0 0 0 0 0 0 0 0 0 0 0 0 0 0 0 0 0 0 0 0 0 0 0 0 0 0 0 0 0 0 0 0 0 0 0 0 0 0 0 0 0 0 0 0 0 0 0 0 0 0 0 0 
0 0 0 0 0 0 0 0 0 0 0 0 0 0 0 0 0 0 0 0 0 0 0 0 0 0 0 0 0 0 0 0 0 0 0 0 0 0 0 0 0 0 0 0 0 0 0 0 0 0 0 0 0 0 0 0 0 0 0 0 0 0 0 0 0 0 0 0 0 0 0 0 0 0 0 0 0 0 0 0 0 0 0 0 0 0 0 0 0 0 0 0 0 0 0 0 0 0 0 0 0 0 0 0 0 0 0 0 0 0 0 0 0 0 0 0 0 0 0 0 0 0 0 0 0 0 0 0 
0 0 0 0 0 0 0 0 0 0 0 0 0 0 0 0 0 0 0 0 0 0 0 0 0 0 0 0 0 0 0 0 0 0 0 0 0 0 0 0 0 0 0 0 0 0 0 0 0 0 0 0 0 0 0 0 0 0 0 0 0 0 0 0 0 0 0 0 0 0 0 0 0 0 0 0 0 0 0 0 0 0 0 0 0 0 0 0 0 0 0 0 0 0 0 0 0 0 0 0 0 0 0 0 0 0 0 0 0 0 0 0 0 0 0 0 0 0 0 0 0 0 0 0 0 0 0 0 
0 0 0 0 0 0 0 0 0 0 0 0 0 0 0 0 0 0 0 0 0 0 0 0 0 0 0 0 0 0 0 0 0 0 0 0 0 0 0 0 0 0 0 0 0 0 0 0 0 0 0 0 0 0 0 0 0 0 0 0 0 0 0 0 0 0 0 0 0 0 0 0 0 0 0 0 0 0 0 0 0 0 0 0 0 0 0 0 0 0 0 0 0 0 0 0 0 0 0 0 0 0 0 0 0 0 0 0 0 0 0 0 0 0 0 0 0 0 0 0 0 0 0 0 0 0 0 0 
0 0 0 0 0 0 0 0 0 0 0 0 0 0 0 0 0 0 0 0 0 0 0 0 0 0 0 0 0 0 0 0 0 0 0 0 0 0 0 0 0 0 0 0 0 0 0 0 0 0 0 0 0 0 0 0 0 0 0 0 0 0 0 0 0 0 0 0 0 0 0 0 0 0 0 0 0 0 0 0 0 0 0 0 0 0 0 0 0 0 0 0 0 0 0 0 0 0 0 0 0 0 0 0 0 0 0 0 0 0 0 0 0 0 0 0 0 0 0 0 0 0 0 0 0 0 0 0 
0 0 0 0 0 0 0 0 0 0 0 0 0 0 0 0 0 0 0 0 0 0 0 0 0 0 0 0 0 0 0 0 0 0 0 0 0 0 0 0 0 0 0 0 0 0 0 0 0 0 0 0 0 0 0 0 0 0 0 0 0 0 0 0 0 0 0 0 0 0 0 0 0 0 0 0 0 0 0 0 0 0 0 0 0 0 0 0 0 0 0 0 0 0 0 0 0 0 0 0 0 0 0 0 0 0 0 0 0 0 0 0 0 0 0 0 0 0 0 0 0 0 0 0 0 0 0 0 
0 0 0 0 0 0 0 0 0 0 0 0 0 0 0 0 0 0 0 0 0 0 0 0 0 0 0 0 0 0 0 0 0 0 0 0 0 0 0 0 0 0 0 0 0 0 0 0 0 0 0 0 0 0 0 0 0 0 0 0 0 0 0 0 0 0 0 0 0 0 0 0 0 0 0 0 0 0 0 0 0 0 0 0 0 0 0 0 0 0 0 0 0 0 0 0 0 0 0 0 0 0 0 0 0 0 0 0 0 0 0 0 0 0 0 0 0 0 0 0 0 0 0 0 0 0 0 0 
0 0 0 0 0 0 0 0 0 0 0 0 0 0 0 0 0 0 0 0 0 0 0 0 0 0 0 0 0 0 0 0 0 0 0 0 0 0 0 0 0 0 0 0 0 0 0 0 0 0 0 0 0 0 0 0 0 0 0 0 0 0 0 0 0 0 0 0 0 0 0 0 0 0 0 0 0 0 0 0 0 0 0 0 0 0 0 0 0 0 0 0 0 0 0 0 0 0 0 0 0 0 0 0 0 0 0 0 0 0 0 0 0 0 0 0 0 0 0 0 0 0 0 0 0 0 0 0 
0 0 0 0 0 0 0 0 0 0 0 0 0 0 0 0 0 0 0 0 0 0 0 0 0 0 0 0 0 0 0 0 0 0 0 0 0 0 0 0 0 0 0 0 0 0 0 0 0 0 0 0 0 0 0 0 0 0 0 0 0 0 0 0 0 0 0 0 0 0 0 0 0 0 0 0 0 0 0 0 0 0 0 0 0 0 0 0 0 0 0 0 0 0 0 0 0 0 0 0 0 0 0 0 0 0 0 0 0 0 0 0 0 0 0 0 0 0 0 0 0 0 0 0 0 0 0 0 
0 0 0 0 0 0 0 0 0 0 0 0 0 0 0 0 0 0 0 0 0 0 0 0 0 0 0 0 0 0 0 0 0 0 0 0 0 0 0 0 0 0 0 0 0 0 0 0 0 0 0 0 0 0 0 0 0 0 0 0 0 0 0 0 0 0 0 0 0 0 0 0 0 0 0 0 0 0 0 0 0 0 0 0 0 0 0 0 0 0 0 0 0 0 0 0 0 0 0 0 0 0 0 0 0 0 0 0 0 0 0 0 0 0 0 0 0 0 0 0 0 0 0 0 0 0 0 0 
0 0 0 0 0 0 0 0 0 0 0 0 0 0 0 0 0 0 0 0 0 0 0 0 0 0 0 0 0 0 0 0 0 0 0 0 0 0 0 0 0 0 0 0 0 0 0 0 0 0 0 0 0 0 0 0 0 0 0 0 0 0 0 0 0 0 0 0 0 0 0 0 0 0 0 0 0 0 0 0 0 0 0 0 0 0 0 0 0 0 0 0 0 0 0 0 0 0 0 0 0 0 0 0 0 0 0 0 0 0 0 0 0 0 0 0 0 0 0 0 0 0 0 0 0 0 0 0 
0 0 0 0 0 0 0 0 0 0 0 0 0 0 0 0 0 0 0 0 0 0 0 0 0 0 0 0 0 0 0 0 0 0 0 0 0 0 0 0 0 0 0 0 0 0 0 0 0 0 0 0 0 0 0 0 0 0 0 0 0 0 0 0 0 0 0 0 0 0 0 0 0 0 0 0 0 0 0 0 0 0 0 0 0 0 0 0 0 0 0 0 0 0 0 0 0 0 0 0 0 0 0 0 0 0 0 0 0 0 0 0 0 0 0 0 0 0 0 0 0 0 0 0 0 0 0 0 
0 0 0 0 0 0 0 0 0 0 0 0 0 0 0 0 0 0 0 0 0 0 0 0 0 0 0 0 0 0 0 0 0 0 0 0 0 0 0 0 0 0 0 0 0 0 0 0 0 0 0 0 0 0 0 0 0 0 0 0 0 0 0 0 0 0 0 0 0 0 0 0 0 0 0 0 0 0 0 0 0 0 0 0 0 0 0 0 0 0 0 0 0 0 0 0 0 0 0 0 0 0 0 0 0 0 0 0 0 0 0 0 0 0 0 0 0 0 0 0 0 0 0 0 0 0 0 0 
0 0 0 0 0 0 0 0 0 0 0 0 0 0 0 0 0 0 0 0 0 0 0 0 0 0 0 0 0 0 0 0 0 0 0 0 0 0 0 0 0 0 0 0 0 0 0 0 0 0 0 0 0 0 0 0 0 0 0 0 0 0 0 0 0 0 0 0 0 0 0 0 0 0 0 0 0 0 0 0 0 0 0 0 0 0 0 0 0 0 0 0 0 0 0 0 0 0 0 0 0 0 0 0 0 0 0 0 0 0 0 0 0 0 0 0 0 0 0 0 0 0 0 0 0 0 0 0 
0 0 0 0 0 0 0 0 0 0 0 0 0 0 0 0 0 0 0 0 0 0 0 0 0 0 0 0 0 0 0 0 0 0 0 0 0 0 0 0 0 0 0 0 0 0 0 0 0 0 0 0 0 0 0 0 0 0 0 0 0 0 0 0 0 0 0 0 0 0 0 0 0 0 0 0 0 0 0 0 0 0 0 0 0 0 0 0 0 0 0 0 0 0 0 0 0 0 0 0 0 0 0 0 0 0 0 0 0 0 0 0 0 0 0 0 0 0 0 0 0 0 0 0 0 0 0 0 
0 0 0 0 0 0 0 0 0 0 0 0 0 0 0 0 0 0 0 0 0 0 0 0 0 0 0 0 0 0 0 0 0 0 0 0 0 0 0 0 0 0 0 0 0 0 0 0 0 0 0 0 0 0 0 0 0 0 0 0 0 0 0 0 0 0 0 0 0 0 0 0 0 0 0 0 0 0 0 0 0 0 0 0 0 0 0 0 0 0 0 0 0 0 0 0 0 0 0 0 0 0 0 0 0 0 0 0 0 0 0 0 0 0 0 0 0 0 0 0 0 0 0 0 0 0 0 0 
0 0 0 0 0 0 0 0 0 0 0 0 0 0 0 0 0 0 0 0 0 0 0 0 0 0 0 0 0 0 0 0 0 0 0 0 0 0 0 0 0 0 0 0 0 0 0 0 0 0 0 0 0 0 0 0 0 0 0 0 0 0 0 0 0 0 0 0 0 0 0 0 0 0 0 0 0 0 0 0 0 0 0 0 0 0 0 0 0 0 0 0 0 0 0 0 0 0 0 0 0 0 0 0 0 0 0 0 0 0 0 0 0 0 0 0 0 0 0 0 0 0 0 0 0 0 0 0 
0 0 0 0 0 0 0 0 0 0 0 0 0 0 0 0 0 0 0 0 0 0 0 0 0 0 0 0 0 0 0 0 0 0 0 0 0 0 0 0 0 0 0 0 0 0 0 0 0 0 0 0 0 0 0 0 0 0 0 0 0 0 0 0 0 0 0 0 0 0 0 0 0 0 0 0 0 0 0 0 0 0 0 0 0 0 0 0 0 0 0 0 0 0 0 0 0 0 0 0 0 0 0 0 0 0 0 0 0 0 0 0 0 0 0 0 0 0 0 0 0 0 0 0 0 0 0 0 
0 0 0 0 0 0 0 0 0 0 0 0 0 0 0 0 0 0 0 0 0 0 0 0 0 0 0 0 0 0 0 0 0 0 0 0 0 0 0 0 0 0 0 0 0 0 0 0 0 0 0 0 0 0 0 0 0 0 0 0 0 0 0 0 0 0 0 0 0 0 0 0 0 0 0 0 0 0 0 0 0 0 0 0 0 0 0 0 0 0 0 0 0 0 0 0 0 0 0 0 0 0 0 0 0 0 0 0 0 0 0 0 0 0 0 0 0 0 0 0 0 0 0 0 0 0 0 0 
0 0 0 0 0 0 0 0 0 0 0 0 0 0 0 0 0 0 0 0 0 0 0 0 0 0 0 0 0 0 0 0 0 0 0 0 0 0 0 0 0 0 0 0 0 0 0 0 0 0 0 0 0 0 0 0 0 0 0 0 0 0 0 0 0 0 0 0 0 0 0 0 0 0 0 0 0 0 0 0 0 0 0 0 0 0 0 0 0 0 0 0 0 0 0 0 0 0 0 0 0 0 0 0 0 0 0 0 0 0 0 0 0 0 0 0 0 0 0 0 0 0 0 0 0 0 0 0 
0 0 0 0 0 0 0 0 0 0 0 0 0 0 0 0 0 0 0 0 0 0 0 0 0 0 0 0 0 0 0 0 0 0 0 0 0 0 0 0 0 0 0 0 0 0 0 0 0 0 0 0 0 0 0 0 0 0 0 0 0 0 0 0 0 0 0 0 0 0 0 0 0 0 0 0 0 0 0 0 0 0 0 0 0 0 0 0 0 0 0 0 0 0 0 0 0 0 0 0 0 0 0 0 0 0 0 0 0 0 0 0 0 0 0 0 0 0 0 0 0 0 0 0 0 0 0 0 
0 0 0 0 0 0 0 0 0 0 0 0 0 0 0 0 0 0 0 0 0 0 0 0 0 0 0 0 0 0 0 0 0 0 0 0 0 0 0 0 0 0 0 0 0 0 0 0 0 0 0 0 0 0 0 0 0 0 0 0 0 0 0 0 0 0 0 0 0 0 0 0 0 0 0 0 0 0 0 0 0 0 0 0 0 0 0 0 0 0 0 0 0 0 0 0 0 0 0 0 0 0 0 0 0 0 0 0 0 0 0 0 0 0 0 0 0 0 0 0 0 0 0 0 0 0 0 0 
0 0 0 0 0 0 0 0 0 0 0 0 0 0 0 0 0 0 0 0 0 0 0 0 0 0 0 0 0 0 0 0 0 0 0 0 0 0 0 0 0 0 0 0 0 0 0 0 0 0 0 0 0 0 0 0 0 0 0 0 0 0 0 0 0 0 0 0 0 0 0 0 0 0 0 0 0 0 0 0 0 0 0 0 0 0 0 0 0 0 0 0 0 0 0 0 0 0 0 0 0 0 0 0 0 0 0 0 0 0 0 0 0 0 0 0 0 0 0 0 0 0 0 0 0 0 0 0 
0 0 0 0 0 0 0 0 0 0 0 0 0 0 0 0 0 0 0 0 0 0 0 0 0 0 0 0 0 0 0 0 0 0 0 0 0 0 0 0 0 0 0 0 0 0 0 0 0 0 0 0 0 0 0 0 0 0 0 0 0 0 0 0 0 0 0 0 0 0 0 0 0 0 0 0 0 0 0 0 0 0 0 0 0 0 0 0 0 0 0 0 0 0 0 0 0 0 0 0 0 0 0 0 0 0 0 0 0 0 0 0 0 0 0 0 0 0 0 0 0 0 0 0 0 0 0 0 
0 0 0 0 0 0 0 0 0 0 0 0 0 0 0 0 0 0 0 0 0 0 0 0 0 0 0 0 0 0 0 0 0 0 0 0 0 0 0 0 0 0 0 0 0 0 0 0 0 0 0 0 0 0 0 0 0 0 0 0 0 0 0 0 0 0 0 0 0 0 0 0 0 0 0 0 0 0 0 0 0 0 0 0 0 0 0 0 0 0 0 0 0 0 0 0 0 0 0 0 0 0 0 0 0 0 0 0 0 0 0 0 0 0 0 0 0 0 0 0 0 0 0 0 0 0 0 0 
0 0 0 0 0 0 0 0 0 0 0 0 0 0 0 0 0 0 0 0 0 0 0 0 0 0 0 0 0 0 0 0 0 0 0 0 0 0 0 0 0 0 0 0 0 0 0 0 0 0 0 0 0 0 0 0 0 0 0 0 0 0 0 0 0 0 0 0 0 0 0 0 0 0 0 0 0 0 0 0 0 0 0 0 0 0 0 0 0 0 0 0 0 0 0 0 0 0 0 0 0 0 0 0 0 0 0 0 0 0 0 0 0 0 0 0 0 0 0 0 0 0 0 0 0 0 0 0 
0 0 0 0 0 0 0 0 0 0 0 0 0 0 0 0 0 0 0 0 0 0 0 0 0 0 0 0 0 0 0 0 0 0 0 0 0 0 0 0 0 0 0 0 0 0 0 0 0 0 0 0 0 0 0 0 0 0 0 0 0 0 0 0 0 0 0 0 0 0 0 0 0 0 0 0 0 0 0 0 0 0 0 0 0 0 0 0 0 0 0 0 0 0 0 0 0 0 0 0 0 0 0 0 0 0 0 0 0 0 0 0 0 0 0 0 0 0 0 0 0 0 0 0 0 0 0 0 
0 0 0 0 0 0 0 0 0 0 0 0 0 0 0 0 0 0 0 0 0 0 0 0 0 0 0 0 0 0 0 0 0 0 0 0 0 0 0 0 0 0 0 0 0 0 0 0 0 0 0 0 0 0 0 0 0 0 0 0 0 0 0 0 0 0 0 0 0 0 0 0 0 0 0 0 0 0 0 0 0 0 0 0 0 0 0 0 0 0 0 0 0 0 0 0 0 0 0 0 0 0 0 0 0 0 0 0 0 0 0 0 0 0 0 0 0 0 0 0 0 0 0 0 0 0 0 0 
0 0 0 0 0 0 0 0 0 0 0 0 0 0 0 0 0 0 0 0 0 0 0 0 0 0 0 0 0 0 0 0 0 0 0 0 0 0 0 0 0 0 0 0 0 0 0 0 0 0 0 0 0 0 0 0 0 0 0 0 0 0 0 0 0 0 0 0 0 0 0 0 0 0 0 0 0 0 0 0 0 0 0 0 0 0 0 0 0 0 0 0 0 0 0 0 0 0 0 0 0 0 0 0 0 0 0 0 0 0 0 0 0 0 0 0 0 0 0 0 0 0 0 0 0 0 0 0 
0 0 0 0 0 0 0 0 0 0 0 0 0 0 0 0 0 0 0 0 0 0 0 0 0 0 0 0 0 0 0 0 0 0 0 0 0 0 0 0 0 0 0 0 0 0 0 0 0 0 0 0 0 0 0 0 0 0 0 0 0 0 0 0 0 0 0 0 0 0 0 0 0 0 0 0 0 0 0 0 0 0 0 0 0 0 0 0 0 0 0 0 0 0 0 0 0 0 0 0 0 0 0 0 0 0 0 0 0 0 0 0 0 0 0 0 0 0 0 0 0 0 0 0 0 0 0 0 
0 0 0 0 0 0 0 0 0 0 0 0 0 0 0 0 0 0 0 0 0 0 0 0 0 0 0 0 0 0 0 0 0 0 0 0 0 0 0 0 0 0 0 0 0 0 0 0 0 0 0 0 0 0 0 0 0 0 0 0 0 0 0 0 0 0 0 0 0 0 0 0 0 0 0 0 0 0 0 0 0 0 0 0 0 0 0 0 0 0 0 0 0 0 0 0 0 0 0 0 0 0 0 0 0 0 0 0 0 0 0 0 0 0 0 0 0 0 0 0 0 0 0 0 0 0 0 0 
0 0 0 0 0 0 0 0 0 0 0 0 0 0 0 0 0 0 0 0 0 0 0 0 0 0 0 0 0 0 0 0 0 0 0 0 0 0 0 0 0 0 0 0 0 0 0 0 0 0 0 0 0 0 0 0 0 0 0 0 0 0 0 0 0 0 0 0 0 0 0 0 0 0 0 0 0 0 0 0 0 0 0 0 0 0 0 0 0 0 0 0 0 0 0 0 0 0 0 0 0 0 0 0 0 0 0 0 0 0 0 0 0 0 0 0 0 0 0 0 0 0 0 0 0 0 0 0 
0 0 0 0 0 0 0 0 0 0 0 0 0 0 0 0 0 0 0 0 0 0 0 0 0 0 0 0 0 0 0 0 0 0 0 0 0 0 0 0 0 0 0 0 0 0 0 0 0 0 0 0 0 0 0 0 0 0 0 0 0 0 0 0 0 0 0 0 0 0 0 0 0 0 0 0 0 0 0 0 0 0 0 0 0 0 0 0 0 0 0 0 0 0 0 0 0 0 0 0 0 0 0 0 0 0 0 0 0 0 0 0 0 0 0 0 0 0 0 0 0 0 0 0 0 0 0 0 
0 0 0 0 0 0 0 0 0 0 0 0 0 0 0 0 0 0 0 0 0 0 0 0 0 0 0 0 0 0 0 0 0 0 0 0 0 0 0 0 0 0 0 0 0 0 0 0 0 0 0 0 0 0 0 0 0 0 0 0 0 0 0 0 0 0 0 0 0 0 0 0 0 0 0 0 0 0 0 0 0 0 0 0 0 0 0 0 0 0 0 0 0 0 0 0 0 0 0 0 0 0 0 0 0 0 0 0 0 0 0 0 0 0 0 0 0 0 0 0 0 0 0 0 0 0 0 0 
0 0 0 0 0 0 0 0 0 0 0 0 0 0 0 0 0 0 0 0 0 0 0 0 0 0 0 0 0 0 0 0 0 0 0 0 0 0 0 0 0 0 0 0 0 0 0 0 0 0 0 0 0 0 0 0 0 0 0 0 0 0 0 0 0 0 0 0 0 0 0 0 0 0 0 0 0 0 0 0 0 0 0 0 0 0 0 0 0 0 0 0 0 0 0 0 0 0 0 0 0 0 0 0 0 0 0 0 0 0 0 0 0 0 0 0 0 0 0 0 0 0 0 0 0 0 0 0 
0 0 0 0 0 0 0 0 0 0 0 0 0 0 0 0 0 0 0 0 0 0 0 0 0 0 0 0 0 0 0 0 0 0 0 0 0 0 0 0 0 0 0 0 0 0 0 0 0 0 0 0 0 0 0 0 0 0 0 0 0 0 0 0 0 0 0 0 0 0 0 0 0 0 0 0 0 0 0 0 0 0 0 0 0 0 0 0 0 0 0 0 0 0 0 0 0 0 0 0 0 0 0 0 0 0 0 0 0 0 0 0 0 0 0 0 0 0 0 0 0 0 0 0 0 0 0 0 
0 0 0 0 0 0 0 0 0 0 0 0 0 0 0 0 0 0 0 0 0 0 0 0 0 0 0 0 0 0 0 0 0 0 0 0 0 0 0 0 0 0 0 0 0 0 0 0 0 0 0 0 0 0 0 0 0 0 0 0 0 0 0 0 0 0 0 0 0 0 0 0 0 0 0 0 0 0 0 0 0 0 0 0 0 0 0 0 0 0 0 0 0 0 0 0 0 0 0 0 0 0 0 0 0 0 0 0 0 0 0 0 0 0 0 0 0 0 0 0 0 0 0 0 0 0 0 0 
0 0 0 0 0 0 0 0 0 0 0 0 0 0 0 0 0 0 0 0 0 0 0 0 0 0 0 0 0 0 0 0 0 0 0 0 0 0 0 0 0 0 0 0 0 0 0 0 0 0 0 0 0 0 0 0 0 0 0 0 0 0 0 0 0 0 0 0 0 0 0 0 0 0 0 0 0 0 0 0 0 0 0 0 0 0 0 0 0 0 0 0 0 0 0 0 0 0 0 0 0 0 0 0 0 0 0 0 0 0 0 0 0 0 0 0 0 0 0 0 0 0 0 0 0 0 0 0 
0 0 0 0 0 0 0 0 0 0 0 0 0 0 0 0 0 0 0 0 0 0 0 0 0 0 0 0 0 0 0 0 0 0 0 0 0 0 0 0 0 0 0 0 0 0 0 0 0 0 0 0 0 0 0 0 0 0 0 0 0 0 0 0 0 0 0 0 0 0 0 0 0 0 0 0 0 0 0 0 0 0 0 0 0 0 0 0 0 0 0 0 0 0 0 0 0 0 0 0 0 0 0 0 0 0 0 0 0 0 0 0 0 0 0 0 0 0 0 0 0 0 0 0 0 0 0 0 
0 0 0 0 0 0 0 0 0 0 0 0 0 0 0 0 0 0 0 0 0 0 0 0 0 0 0 0 0 0 0 0 0 0 0 0 0 0 0 0 0 0 0 0 0 0 0 0 0 0 0 0 0 0 0 0 0 0 0 0 0 0 0 0 0 0 0 0 0 0 0 0 0 0 0 0 0 0 0 0 0 0 0 0 0 0 0 0 0 0 0 0 0 0 0 0 0 0 0 0 0 0 0 0 0 0 0 0 0 0 0 0 0 0 0 0 0 0 0 0 0 0 0 0 0 0 0 0 
0 0 0 0 0 0 0 0 0 0 0 0 0 0 0 0 0 0 0 0 0 0 0 0 0 0 0 0 0 0 0 0 0 0 0 0 0 0 0 0 0 0 0 0 0 0 0 0 0 0 0 0 0 0 0 0 0 0 0 0 0 0 0 0 0 0 0 0 0 0 0 0 0 0 0 0 0 0 0 0 0 0 0 0 0 0 0 0 0 0 0 0 0 0 0 0 0 0 0 0 0 0 0 0 0 0 0 0 0 0 0 0 0 0 0 0 0 0 0 0 0 0 0 0 0 0 0 0 
0 0 0 0 0 0 0 0 0 0 0 0 0 0 0 0 0 0 0 0 0 0 0 0 0 0 0 0 0 0 0 0 0 0 0 0 0 0 0 0 0 0 0 0 0 0 0 0 0 0 0 0 0 0 0 0 0 0 0 0 0 0 0 0 0 0 0 0 0 0 0 0 0 0 0 0 0 0 0 0 0 0 0 0 0 0 0 0 0 0 0 0 0 0 0 0 0 0 0 0 0 0 0 0 0 0 0 0 0 0 0 0 0 0 0 0 0 0 0 0 0 0 0 0 0 0 0 0 
0 0 0 0 0 0 0 0 0 0 0 0 0 0 0 0 0 0 0 0 0 0 0 0 0 0 0 0 0 0 0 0 0 0 0 0 0 0 0 0 0 0 0 0 0 0 0 0 0 0 0 0 0 0 0 0 0 0 0 0 0 0 0 0 0 0 0 0 0 0 0 0 0 0 0 0 0 0 0 0 0 0 0 0 0 0 0 0 0 0 0 0 0 0 0 0 0 0 0 0 0 0 0 0 0 0 0 0 0 0 0 0 0 0 0 0 0 0 0 0 0 0 0 0 0 0 0 0 
0 0 0 0 0 0 0 0 0 0 0 0 0 0 0 0 0 0 0 0 0 0 0 0 0 0 0 0 0 0 0 0 0 0 0 0 0 0 0 0 0 0 0 0 0 0 0 0 0 0 0 0 0 0 0 0 0 0 0 0 0 0 0 0 0 0 0 0 0 0 0 0 0 0 0 0 0 0 0 0 0 0 0 0 0 0 0 0 0 0 0 0 0 0 0 0 0 0 0 0 0 0 0 0 0 0 0 0 0 0 0 0 0 0 0 0 0 0 0 0 0 0 0 0 0 0 0 0 
0 0 0 0 0 0 0 0 0 0 0 0 0 0 0 0 0 0 0 0 0 0 0 0 0 0 0 0 0 0 0 0 0 0 0 0 0 0 0 0 0 0 0 0 0 0 0 0 0 0 0 0 0 0 0 0 0 0 0 0 0 0 0 0 0 0 0 0 0 0 0 0 0 0 0 0 0 0 0 0 0 0 0 0 0 0 0 0 0 0 0 0 0 0 0 0 0 0 0 0 0 0 0 0 0 0 0 0 0 0 0 0 0 0 0 0 0 0 0 0 0 0 0 0 0 0 0 0 
0 0 0 0 0 0 0 0 0 0 0 0 0 0 0 0 0 0 0 0 0 0 0 0 0 0 0 0 0 0 0 0 0 0 0 0 0 0 0 0 0 0 0 0 0 0 0 0 0 0 0 0 0 0 0 0 0 0 0 0 0 0 0 0 0 0 0 0 0 0 0 0 0 0 0 0 0 0 0 0 0 0 0 0 0 0 0 0 0 0 0 0 0 0 0 0 0 0 0 0 0 0 0 0 0 0 0 0 0 0 0 0 0 0 0 0 0 0 0 0 0 0 0 0 0 0 0 0 
0 0 0 0 0 0 0 0 0 0 0 0 0 0 0 0 0 0 0 0 0 0 0 0 0 0 0 0 0 0 0 0 0 0 0 0 0 0 0 0 0 0 0 0 0 0 0 0 0 0 0 0 0 0 0 0 0 0 0 0 0 0 0 0 0 0 0 0 0 0 0 0 0 0 0 0 0 0 0 0 0 0 0 0 0 0 0 0 0 0 0 0 0 0 0 0 0 0 0 0 0 0 0 0 0 0 0 0 0 0 0 0 0 0 0 0 0 0 0 0 0 0 0 0 0 0 0 0 
0 0 0 0 0 0 0 0 0 0 0 0 0 0 0 0 0 0 0 0 0 0 0 0 0 0 0 0 0 0 0 0 0 0 0 0 0 0 0 0 0 0 0 0 0 0 0 0 0 0 0 0 0 0 0 0 0 0 0 0 0 0 0 0 0 0 0 0 0 0 0 0 0 0 0 0 0 0 0 0 0 0 0 0 0 0 0 0 0 0 0 0 0 0 0 0 0 0 0 0 0 0 0 0 0 0 0 0 0 0 0 0 0 0 0 0 0 0 0 0 0 0 0 0 0 0 0 0 
0 0 0 0 0 0 0 0 0 0 0 0 0 0 0 0 0 0 0 0 0 0 0 0 0 0 0 0 0 0 0 0 0 0 0 0 0 0 0 0 0 0 0 0 0 0 0 0 0 0 0 0 0 0 0 0 0 0 0 0 0 0 0 0 0 0 0 0 0 0 0 0 0 0 0 0 0 0 0 0 0 0 0 0 0 0 0 0 0 0 0 0 0 0 0 0 0 0 0 0 0 0 0 0 0 0 0 0 0 0 0 0 0 0 0 0 0 0 0 0 0 0 0 0 0 0 0 0 
0 0 0 0 0 0 0 0 0 0 0 0 0 0 0 0 0 0 0 0 0 0 0 0 0 0 0 0 0 0 0 0 0 0 0 0 0 0 0 0 0 0 0 0 0 0 0 0 0 0 0 0 0 0 0 0 0 0 0 0 0 0 0 0 0 0 0 0 0 0 0 0 0 0 0 0 0 0 0 0 0 0 0 0 0 0 0 0 0 0 0 0 0 0 0 0 0 0 0 0 0 0 0 0 0 0 0 0 0 0 0 0 0 0 0 0 0 0 0 0 0 0 0 0 0 0 0 0 
0 0 0 0 0 0 0 0 0 0 0 0 0 0 0 0 0 0 0 0 0 0 0 0 0 0 0 0 0 0 0 0 0 0 0 0 0 0 0 0 0 0 0 0 0 0 0 0 0 0 0 0 0 0 0 0 0 0 0 0 0 0 0 0 0 0 0 0 0 0 0 0 0 0 0 0 0 0 0 0 0 0 0 0 0 0 0 0 0 0 0 0 0 0 0 0 0 0 0 0 0 0 0 0 0 0 0 0 0 0 0 0 0 0 0 0 0 0 0 0 0 0 0 0 0 0 0 0 
0 0 0 0 0 0 0 0 0 0 0 0 0 0 0 0 0 0 0 0 0 0 0 0 0 0 0 0 0 0 0 0 0 0 0 0 0 0 0 0 0 0 0 0 0 0 0 0 0 0 0 0 0 0 0 0 0 0 0 0 0 0 0 0 0 0 0 0 0 0 0 0 0 0 0 0 0 0 0 0 0 0 0 0 0 0 0 0 0 0 0 0 0 0 0 0 0 0 0 0 0 0 0 0 0 0 0 0 0 0 0 0 0 0 0 0 0 0 0 0 0 0 0 0 0 0 0 0 
0 0 0 0 0 0 0 0 0 0 0 0 0 0 0 0 0 0 0 0 0 0 0 0 0 0 0 0 0 0 0 0 0 0 0 0 0 0 0 0 0 0 0 0 0 0 0 0 0 0 0 0 0 0 0 0 0 0 0 0 0 0 0 0 0 0 0 0 0 0 0 0 0 0 0 0 0 0 0 0 0 0 0 0 0 0 0 0 0 0 0 0 0 0 0 0 0 0 0 0 0 0 0 0 0 0 0 0 0 0 0 0 0 0 0 0 0 0 0 0 0 0 0 0 0 0 0 0 
0 0 0 0 0 0 0 0 0 0 0 0 0 0 0 0 0 0 0 0 0 0 0 0 0 0 0 0 0 0 0 0 0 0 0 0 0 0 0 0 0 0 0 0 0 0 0 0 0 0 0 0 0 0 0 0 0 0 0 0 0 0 0 0 0 0 0 0 0 0 0 0 0 0 0 0 0 0 0 0 0 0 0 0 0 0 0 0 0 0 0 0 0 0 0 0 0 0 0 0 0 0 0 0 0 0 0 0 0 0 0 0 0 0 0 0 0 0 0 0 0 0 0 0 0 0 0 0 
0 0 0 0 0 0 0 0 0 0 0 0 0 0 0 0 0 0 0 0 0 0 0 0 0 0 0 0 0 0 0 0 0 0 0 0 0 0 0 0 0 0 0 0 0 0 0 0 0 0 0 0 0 0 0 0 0 0 0 0 0 0 0 0 0 0 0 0 0 0 0 0 0 0 0 0 0 0 0 0 0 0 0 0 0 0 0 0 0 0 0 0 0 0 0 0 0 0 0 0 0 0 0 0 0 0 0 0 0 0 0 0 0 0 0 0 0 0 0 0 0 0 0 0 0 0 0 0 
0 0 0 0 0 0 0 0 0 0 0 0 0 0 0 0 0 0 0 0 0 0 0 0 0 0 0 0 0 0 0 0 0 0 0 0 0 0 0 0 0 0 0 0 0 0 0 0 0 0 0 0 0 0 0 0 0 0 0 0 0 0 0 0 0 0 0 0 0 0 0 0 0 0 0 0 0 0 0 0 0 0 0 0 0 0 0 0 0 0 0 0 0 0 0 0 0 0 0 0 0 0 0 0 0 0 0 0 0 0 0 0 0 0 0 0 0 0 0 0 0 0 0 0 0 0 0 0 
0 0 0 0 0 0 0 0 0 0 0 0 0 0 0 0 0 0 0 0 0 0 0 0 0 0 0 0 0 0 0 0 0 0 0 0 0 0 0 0 0 0 0 0 0 0 0 0 0 0 0 0 0 0 0 0 0 0 0 0 0 0 0 0 0 0 0 0 0 0 0 0 0 0 0 0 0 0 0 0 0 0 0 0 0 0 0 0 0 0 0 0 0 0 0 0 0 0 0 0 0 0 0 0 0 0 0 0 0 0 0 0 0 0 0 0 0 0 0 0 0 0 0 0 0 0 0 0 
Tensor: shape[ 3 2 64 128 ] strides[ 16384 8192 128 1 ] dtype=BF16 device=MOORE:0
0.90625 -0.431641 -1.17188 -0.417969 1.00781 -0.746094 -1.03906 -1.03125 -2.35938 -0.300781 -1.24219 -0.337891 -0.371094 -0.269531 -0.298828 1.10156 0.219727 -0.824219 0.251953 -0.118164 0.416016 0.800781 0.457031 -0.910156 0.871094 0.326172 1.90625 -0.0698242 0.294922 0.320312 -0.0289307 1.8125 1.0625 -0.398438 1.30469 0.298828 -1.54688 -0.271484 1.03906 -0.804688 -0.988281 0.464844 -0.275391 -1.33594 0.578125 -0.820312 -0.0898438 0.515625 -1.39844 -1.03125 1.90625 -0.648438 -0.243164 0.498047 -0.118652 -0.00726318 0.112793 -0.150391 -1.21875 -0.976562 -0.0247803 0.160156 0.65625 0.267578 3.26562 0.0598145 0.239258 -0.388672 -1.74219 0.154297 1.07812 2.21875 0.0629883 -0.213867 -0.365234 -0.15332 -0.535156 0.722656 0.699219 0.0986328 -0.402344 1.10938 -0.0559082 0.474609 -0.322266 0.992188 -0.330078 -0.0397949 -0.267578 0.910156 1.82812 1.41406 0.0500488 -0.359375 -0.5 -0.78125 -0.324219 0.180664 1.85156 0.100098 -0.421875 0.25 -0.726562 1.1875 0.738281 0.0234375 -0.470703 0.322266 0.605469 0.78125 -0.765625 -0.164062 -1.89062 0.176758 -1.375 -0.314453 -0.0154419 -0.251953 0.792969 0.636719 -0.183594 0.0898438 0.384766 -0.178711 0.114746 0.392578 -1.13281 1.70312 
0 0 0 0 0 0 0 0 0 0 0 0 0 0 0 0 0 0 0 0 0 0 0 0 0 0 0 0 0 0 0 0 0 0 0 0 0 0 0 0 0 0 0 0 0 0 0 0 0 0 0 0 0 0 0 0 0 0 0 0 0 0 0 0 0 0 0 0 0 0 0 0 0 0 0 0 0 0 0 0 0 0 0 0 0 0 0 0 0 0 0 0 0 0 0 0 0 0 0 0 0 0 0 0 0 0 0 0 0 0 0 0 0 0 0 0 0 0 0 0 0 0 0 0 0 0 0 0 
0 0 0 0 0 0 0 0 0 0 0 0 0 0 0 0 0 0 0 0 0 0 0 0 0 0 0 0 0 0 0 0 0 0 0 0 0 0 0 0 0 0 0 0 0 0 0 0 0 0 0 0 0 0 0 0 0 0 0 0 0 0 0 0 0 0 0 0 0 0 0 0 0 0 0 0 0 0 0 0 0 0 0 0 0 0 0 0 0 0 0 0 0 0 0 0 0 0 0 0 0 0 0 0 0 0 0 0 0 0 0 0 0 0 0 0 0 0 0 0 0 0 0 0 0 0 0 0 
0 0 0 0 0 0 0 0 0 0 0 0 0 0 0 0 0 0 0 0 0 0 0 0 0 0 0 0 0 0 0 0 0 0 0 0 0 0 0 0 0 0 0 0 0 0 0 0 0 0 0 0 0 0 0 0 0 0 0 0 0 0 0 0 0 0 0 0 0 0 0 0 0 0 0 0 0 0 0 0 0 0 0 0 0 0 0 0 0 0 0 0 0 0 0 0 0 0 0 0 0 0 0 0 0 0 0 0 0 0 0 0 0 0 0 0 0 0 0 0 0 0 0 0 0 0 0 0 
0 0 0 0 0 0 0 0 0 0 0 0 0 0 0 0 0 0 0 0 0 0 0 0 0 0 0 0 0 0 0 0 0 0 0 0 0 0 0 0 0 0 0 0 0 0 0 0 0 0 0 0 0 0 0 0 0 0 0 0 0 0 0 0 0 0 0 0 0 0 0 0 0 0 0 0 0 0 0 0 0 0 0 0 0 0 0 0 0 0 0 0 0 0 0 0 0 0 0 0 0 0 0 0 0 0 0 0 0 0 0 0 0 0 0 0 0 0 0 0 0 0 0 0 0 0 0 0 
0 0 0 0 0 0 0 0 0 0 0 0 0 0 0 0 0 0 0 0 0 0 0 0 0 0 0 0 0 0 0 0 0 0 0 0 0 0 0 0 0 0 0 0 0 0 0 0 0 0 0 0 0 0 0 0 0 0 0 0 0 0 0 0 0 0 0 0 0 0 0 0 0 0 0 0 0 0 0 0 0 0 0 0 0 0 0 0 0 0 0 0 0 0 0 0 0 0 0 0 0 0 0 0 0 0 0 0 0 0 0 0 0 0 0 0 0 0 0 0 0 0 0 0 0 0 0 0 
0 0 0 0 0 0 0 0 0 0 0 0 0 0 0 0 0 0 0 0 0 0 0 0 0 0 0 0 0 0 0 0 0 0 0 0 0 0 0 0 0 0 0 0 0 0 0 0 0 0 0 0 0 0 0 0 0 0 0 0 0 0 0 0 0 0 0 0 0 0 0 0 0 0 0 0 0 0 0 0 0 0 0 0 0 0 0 0 0 0 0 0 0 0 0 0 0 0 0 0 0 0 0 0 0 0 0 0 0 0 0 0 0 0 0 0 0 0 0 0 0 0 0 0 0 0 0 0 
0 0 0 0 0 0 0 0 0 0 0 0 0 0 0 0 0 0 0 0 0 0 0 0 0 0 0 0 0 0 0 0 0 0 0 0 0 0 0 0 0 0 0 0 0 0 0 0 0 0 0 0 0 0 0 0 0 0 0 0 0 0 0 0 0 0 0 0 0 0 0 0 0 0 0 0 0 0 0 0 0 0 0 0 0 0 0 0 0 0 0 0 0 0 0 0 0 0 0 0 0 0 0 0 0 0 0 0 0 0 0 0 0 0 0 0 0 0 0 0 0 0 0 0 0 0 0 0 
0 0 0 0 0 0 0 0 0 0 0 0 0 0 0 0 0 0 0 0 0 0 0 0 0 0 0 0 0 0 0 0 0 0 0 0 0 0 0 0 0 0 0 0 0 0 0 0 0 0 0 0 0 0 0 0 0 0 0 0 0 0 0 0 0 0 0 0 0 0 0 0 0 0 0 0 0 0 0 0 0 0 0 0 0 0 0 0 0 0 0 0 0 0 0 0 0 0 0 0 0 0 0 0 0 0 0 0 0 0 0 0 0 0 0 0 0 0 0 0 0 0 0 0 0 0 0 0 
0 0 0 0 0 0 0 0 0 0 0 0 0 0 0 0 0 0 0 0 0 0 0 0 0 0 0 0 0 0 0 0 0 0 0 0 0 0 0 0 0 0 0 0 0 0 0 0 0 0 0 0 0 0 0 0 0 0 0 0 0 0 0 0 0 0 0 0 0 0 0 0 0 0 0 0 0 0 0 0 0 0 0 0 0 0 0 0 0 0 0 0 0 0 0 0 0 0 0 0 0 0 0 0 0 0 0 0 0 0 0 0 0 0 0 0 0 0 0 0 0 0 0 0 0 0 0 0 
0 0 0 0 0 0 0 0 0 0 0 0 0 0 0 0 0 0 0 0 0 0 0 0 0 0 0 0 0 0 0 0 0 0 0 0 0 0 0 0 0 0 0 0 0 0 0 0 0 0 0 0 0 0 0 0 0 0 0 0 0 0 0 0 0 0 0 0 0 0 0 0 0 0 0 0 0 0 0 0 0 0 0 0 0 0 0 0 0 0 0 0 0 0 0 0 0 0 0 0 0 0 0 0 0 0 0 0 0 0 0 0 0 0 0 0 0 0 0 0 0 0 0 0 0 0 0 0 
0 0 0 0 0 0 0 0 0 0 0 0 0 0 0 0 0 0 0 0 0 0 0 0 0 0 0 0 0 0 0 0 0 0 0 0 0 0 0 0 0 0 0 0 0 0 0 0 0 0 0 0 0 0 0 0 0 0 0 0 0 0 0 0 0 0 0 0 0 0 0 0 0 0 0 0 0 0 0 0 0 0 0 0 0 0 0 0 0 0 0 0 0 0 0 0 0 0 0 0 0 0 0 0 0 0 0 0 0 0 0 0 0 0 0 0 0 0 0 0 0 0 0 0 0 0 0 0 
0 0 0 0 0 0 0 0 0 0 0 0 0 0 0 0 0 0 0 0 0 0 0 0 0 0 0 0 0 0 0 0 0 0 0 0 0 0 0 0 0 0 0 0 0 0 0 0 0 0 0 0 0 0 0 0 0 0 0 0 0 0 0 0 0 0 0 0 0 0 0 0 0 0 0 0 0 0 0 0 0 0 0 0 0 0 0 0 0 0 0 0 0 0 0 0 0 0 0 0 0 0 0 0 0 0 0 0 0 0 0 0 0 0 0 0 0 0 0 0 0 0 0 0 0 0 0 0 
0 0 0 0 0 0 0 0 0 0 0 0 0 0 0 0 0 0 0 0 0 0 0 0 0 0 0 0 0 0 0 0 0 0 0 0 0 0 0 0 0 0 0 0 0 0 0 0 0 0 0 0 0 0 0 0 0 0 0 0 0 0 0 0 0 0 0 0 0 0 0 0 0 0 0 0 0 0 0 0 0 0 0 0 0 0 0 0 0 0 0 0 0 0 0 0 0 0 0 0 0 0 0 0 0 0 0 0 0 0 0 0 0 0 0 0 0 0 0 0 0 0 0 0 0 0 0 0 
0 0 0 0 0 0 0 0 0 0 0 0 0 0 0 0 0 0 0 0 0 0 0 0 0 0 0 0 0 0 0 0 0 0 0 0 0 0 0 0 0 0 0 0 0 0 0 0 0 0 0 0 0 0 0 0 0 0 0 0 0 0 0 0 0 0 0 0 0 0 0 0 0 0 0 0 0 0 0 0 0 0 0 0 0 0 0 0 0 0 0 0 0 0 0 0 0 0 0 0 0 0 0 0 0 0 0 0 0 0 0 0 0 0 0 0 0 0 0 0 0 0 0 0 0 0 0 0 
0 0 0 0 0 0 0 0 0 0 0 0 0 0 0 0 0 0 0 0 0 0 0 0 0 0 0 0 0 0 0 0 0 0 0 0 0 0 0 0 0 0 0 0 0 0 0 0 0 0 0 0 0 0 0 0 0 0 0 0 0 0 0 0 0 0 0 0 0 0 0 0 0 0 0 0 0 0 0 0 0 0 0 0 0 0 0 0 0 0 0 0 0 0 0 0 0 0 0 0 0 0 0 0 0 0 0 0 0 0 0 0 0 0 0 0 0 0 0 0 0 0 0 0 0 0 0 0 
0 0 0 0 0 0 0 0 0 0 0 0 0 0 0 0 0 0 0 0 0 0 0 0 0 0 0 0 0 0 0 0 0 0 0 0 0 0 0 0 0 0 0 0 0 0 0 0 0 0 0 0 0 0 0 0 0 0 0 0 0 0 0 0 0 0 0 0 0 0 0 0 0 0 0 0 0 0 0 0 0 0 0 0 0 0 0 0 0 0 0 0 0 0 0 0 0 0 0 0 0 0 0 0 0 0 0 0 0 0 0 0 0 0 0 0 0 0 0 0 0 0 0 0 0 0 0 0 
0 0 0 0 0 0 0 0 0 0 0 0 0 0 0 0 0 0 0 0 0 0 0 0 0 0 0 0 0 0 0 0 0 0 0 0 0 0 0 0 0 0 0 0 0 0 0 0 0 0 0 0 0 0 0 0 0 0 0 0 0 0 0 0 0 0 0 0 0 0 0 0 0 0 0 0 0 0 0 0 0 0 0 0 0 0 0 0 0 0 0 0 0 0 0 0 0 0 0 0 0 0 0 0 0 0 0 0 0 0 0 0 0 0 0 0 0 0 0 0 0 0 0 0 0 0 0 0 
0 0 0 0 0 0 0 0 0 0 0 0 0 0 0 0 0 0 0 0 0 0 0 0 0 0 0 0 0 0 0 0 0 0 0 0 0 0 0 0 0 0 0 0 0 0 0 0 0 0 0 0 0 0 0 0 0 0 0 0 0 0 0 0 0 0 0 0 0 0 0 0 0 0 0 0 0 0 0 0 0 0 0 0 0 0 0 0 0 0 0 0 0 0 0 0 0 0 0 0 0 0 0 0 0 0 0 0 0 0 0 0 0 0 0 0 0 0 0 0 0 0 0 0 0 0 0 0 
0 0 0 0 0 0 0 0 0 0 0 0 0 0 0 0 0 0 0 0 0 0 0 0 0 0 0 0 0 0 0 0 0 0 0 0 0 0 0 0 0 0 0 0 0 0 0 0 0 0 0 0 0 0 0 0 0 0 0 0 0 0 0 0 0 0 0 0 0 0 0 0 0 0 0 0 0 0 0 0 0 0 0 0 0 0 0 0 0 0 0 0 0 0 0 0 0 0 0 0 0 0 0 0 0 0 0 0 0 0 0 0 0 0 0 0 0 0 0 0 0 0 0 0 0 0 0 0 
0 0 0 0 0 0 0 0 0 0 0 0 0 0 0 0 0 0 0 0 0 0 0 0 0 0 0 0 0 0 0 0 0 0 0 0 0 0 0 0 0 0 0 0 0 0 0 0 0 0 0 0 0 0 0 0 0 0 0 0 0 0 0 0 0 0 0 0 0 0 0 0 0 0 0 0 0 0 0 0 0 0 0 0 0 0 0 0 0 0 0 0 0 0 0 0 0 0 0 0 0 0 0 0 0 0 0 0 0 0 0 0 0 0 0 0 0 0 0 0 0 0 0 0 0 0 0 0 
0 0 0 0 0 0 0 0 0 0 0 0 0 0 0 0 0 0 0 0 0 0 0 0 0 0 0 0 0 0 0 0 0 0 0 0 0 0 0 0 0 0 0 0 0 0 0 0 0 0 0 0 0 0 0 0 0 0 0 0 0 0 0 0 0 0 0 0 0 0 0 0 0 0 0 0 0 0 0 0 0 0 0 0 0 0 0 0 0 0 0 0 0 0 0 0 0 0 0 0 0 0 0 0 0 0 0 0 0 0 0 0 0 0 0 0 0 0 0 0 0 0 0 0 0 0 0 0 
0 0 0 0 0 0 0 0 0 0 0 0 0 0 0 0 0 0 0 0 0 0 0 0 0 0 0 0 0 0 0 0 0 0 0 0 0 0 0 0 0 0 0 0 0 0 0 0 0 0 0 0 0 0 0 0 0 0 0 0 0 0 0 0 0 0 0 0 0 0 0 0 0 0 0 0 0 0 0 0 0 0 0 0 0 0 0 0 0 0 0 0 0 0 0 0 0 0 0 0 0 0 0 0 0 0 0 0 0 0 0 0 0 0 0 0 0 0 0 0 0 0 0 0 0 0 0 0 
0 0 0 0 0 0 0 0 0 0 0 0 0 0 0 0 0 0 0 0 0 0 0 0 0 0 0 0 0 0 0 0 0 0 0 0 0 0 0 0 0 0 0 0 0 0 0 0 0 0 0 0 0 0 0 0 0 0 0 0 0 0 0 0 0 0 0 0 0 0 0 0 0 0 0 0 0 0 0 0 0 0 0 0 0 0 0 0 0 0 0 0 0 0 0 0 0 0 0 0 0 0 0 0 0 0 0 0 0 0 0 0 0 0 0 0 0 0 0 0 0 0 0 0 0 0 0 0 
0 0 0 0 0 0 0 0 0 0 0 0 0 0 0 0 0 0 0 0 0 0 0 0 0 0 0 0 0 0 0 0 0 0 0 0 0 0 0 0 0 0 0 0 0 0 0 0 0 0 0 0 0 0 0 0 0 0 0 0 0 0 0 0 0 0 0 0 0 0 0 0 0 0 0 0 0 0 0 0 0 0 0 0 0 0 0 0 0 0 0 0 0 0 0 0 0 0 0 0 0 0 0 0 0 0 0 0 0 0 0 0 0 0 0 0 0 0 0 0 0 0 0 0 0 0 0 0 
0 0 0 0 0 0 0 0 0 0 0 0 0 0 0 0 0 0 0 0 0 0 0 0 0 0 0 0 0 0 0 0 0 0 0 0 0 0 0 0 0 0 0 0 0 0 0 0 0 0 0 0 0 0 0 0 0 0 0 0 0 0 0 0 0 0 0 0 0 0 0 0 0 0 0 0 0 0 0 0 0 0 0 0 0 0 0 0 0 0 0 0 0 0 0 0 0 0 0 0 0 0 0 0 0 0 0 0 0 0 0 0 0 0 0 0 0 0 0 0 0 0 0 0 0 0 0 0 
0 0 0 0 0 0 0 0 0 0 0 0 0 0 0 0 0 0 0 0 0 0 0 0 0 0 0 0 0 0 0 0 0 0 0 0 0 0 0 0 0 0 0 0 0 0 0 0 0 0 0 0 0 0 0 0 0 0 0 0 0 0 0 0 0 0 0 0 0 0 0 0 0 0 0 0 0 0 0 0 0 0 0 0 0 0 0 0 0 0 0 0 0 0 0 0 0 0 0 0 0 0 0 0 0 0 0 0 0 0 0 0 0 0 0 0 0 0 0 0 0 0 0 0 0 0 0 0 
0 0 0 0 0 0 0 0 0 0 0 0 0 0 0 0 0 0 0 0 0 0 0 0 0 0 0 0 0 0 0 0 0 0 0 0 0 0 0 0 0 0 0 0 0 0 0 0 0 0 0 0 0 0 0 0 0 0 0 0 0 0 0 0 0 0 0 0 0 0 0 0 0 0 0 0 0 0 0 0 0 0 0 0 0 0 0 0 0 0 0 0 0 0 0 0 0 0 0 0 0 0 0 0 0 0 0 0 0 0 0 0 0 0 0 0 0 0 0 0 0 0 0 0 0 0 0 0 
0 0 0 0 0 0 0 0 0 0 0 0 0 0 0 0 0 0 0 0 0 0 0 0 0 0 0 0 0 0 0 0 0 0 0 0 0 0 0 0 0 0 0 0 0 0 0 0 0 0 0 0 0 0 0 0 0 0 0 0 0 0 0 0 0 0 0 0 0 0 0 0 0 0 0 0 0 0 0 0 0 0 0 0 0 0 0 0 0 0 0 0 0 0 0 0 0 0 0 0 0 0 0 0 0 0 0 0 0 0 0 0 0 0 0 0 0 0 0 0 0 0 0 0 0 0 0 0 
0 0 0 0 0 0 0 0 0 0 0 0 0 0 0 0 0 0 0 0 0 0 0 0 0 0 0 0 0 0 0 0 0 0 0 0 0 0 0 0 0 0 0 0 0 0 0 0 0 0 0 0 0 0 0 0 0 0 0 0 0 0 0 0 0 0 0 0 0 0 0 0 0 0 0 0 0 0 0 0 0 0 0 0 0 0 0 0 0 0 0 0 0 0 0 0 0 0 0 0 0 0 0 0 0 0 0 0 0 0 0 0 0 0 0 0 0 0 0 0 0 0 0 0 0 0 0 0 
0 0 0 0 0 0 0 0 0 0 0 0 0 0 0 0 0 0 0 0 0 0 0 0 0 0 0 0 0 0 0 0 0 0 0 0 0 0 0 0 0 0 0 0 0 0 0 0 0 0 0 0 0 0 0 0 0 0 0 0 0 0 0 0 0 0 0 0 0 0 0 0 0 0 0 0 0 0 0 0 0 0 0 0 0 0 0 0 0 0 0 0 0 0 0 0 0 0 0 0 0 0 0 0 0 0 0 0 0 0 0 0 0 0 0 0 0 0 0 0 0 0 0 0 0 0 0 0 
0 0 0 0 0 0 0 0 0 0 0 0 0 0 0 0 0 0 0 0 0 0 0 0 0 0 0 0 0 0 0 0 0 0 0 0 0 0 0 0 0 0 0 0 0 0 0 0 0 0 0 0 0 0 0 0 0 0 0 0 0 0 0 0 0 0 0 0 0 0 0 0 0 0 0 0 0 0 0 0 0 0 0 0 0 0 0 0 0 0 0 0 0 0 0 0 0 0 0 0 0 0 0 0 0 0 0 0 0 0 0 0 0 0 0 0 0 0 0 0 0 0 0 0 0 0 0 0 
0 0 0 0 0 0 0 0 0 0 0 0 0 0 0 0 0 0 0 0 0 0 0 0 0 0 0 0 0 0 0 0 0 0 0 0 0 0 0 0 0 0 0 0 0 0 0 0 0 0 0 0 0 0 0 0 0 0 0 0 0 0 0 0 0 0 0 0 0 0 0 0 0 0 0 0 0 0 0 0 0 0 0 0 0 0 0 0 0 0 0 0 0 0 0 0 0 0 0 0 0 0 0 0 0 0 0 0 0 0 0 0 0 0 0 0 0 0 0 0 0 0 0 0 0 0 0 0 
0 0 0 0 0 0 0 0 0 0 0 0 0 0 0 0 0 0 0 0 0 0 0 0 0 0 0 0 0 0 0 0 0 0 0 0 0 0 0 0 0 0 0 0 0 0 0 0 0 0 0 0 0 0 0 0 0 0 0 0 0 0 0 0 0 0 0 0 0 0 0 0 0 0 0 0 0 0 0 0 0 0 0 0 0 0 0 0 0 0 0 0 0 0 0 0 0 0 0 0 0 0 0 0 0 0 0 0 0 0 0 0 0 0 0 0 0 0 0 0 0 0 0 0 0 0 0 0 
0 0 0 0 0 0 0 0 0 0 0 0 0 0 0 0 0 0 0 0 0 0 0 0 0 0 0 0 0 0 0 0 0 0 0 0 0 0 0 0 0 0 0 0 0 0 0 0 0 0 0 0 0 0 0 0 0 0 0 0 0 0 0 0 0 0 0 0 0 0 0 0 0 0 0 0 0 0 0 0 0 0 0 0 0 0 0 0 0 0 0 0 0 0 0 0 0 0 0 0 0 0 0 0 0 0 0 0 0 0 0 0 0 0 0 0 0 0 0 0 0 0 0 0 0 0 0 0 
0 0 0 0 0 0 0 0 0 0 0 0 0 0 0 0 0 0 0 0 0 0 0 0 0 0 0 0 0 0 0 0 0 0 0 0 0 0 0 0 0 0 0 0 0 0 0 0 0 0 0 0 0 0 0 0 0 0 0 0 0 0 0 0 0 0 0 0 0 0 0 0 0 0 0 0 0 0 0 0 0 0 0 0 0 0 0 0 0 0 0 0 0 0 0 0 0 0 0 0 0 0 0 0 0 0 0 0 0 0 0 0 0 0 0 0 0 0 0 0 0 0 0 0 0 0 0 0 
0 0 0 0 0 0 0 0 0 0 0 0 0 0 0 0 0 0 0 0 0 0 0 0 0 0 0 0 0 0 0 0 0 0 0 0 0 0 0 0 0 0 0 0 0 0 0 0 0 0 0 0 0 0 0 0 0 0 0 0 0 0 0 0 0 0 0 0 0 0 0 0 0 0 0 0 0 0 0 0 0 0 0 0 0 0 0 0 0 0 0 0 0 0 0 0 0 0 0 0 0 0 0 0 0 0 0 0 0 0 0 0 0 0 0 0 0 0 0 0 0 0 0 0 0 0 0 0 
0 0 0 0 0 0 0 0 0 0 0 0 0 0 0 0 0 0 0 0 0 0 0 0 0 0 0 0 0 0 0 0 0 0 0 0 0 0 0 0 0 0 0 0 0 0 0 0 0 0 0 0 0 0 0 0 0 0 0 0 0 0 0 0 0 0 0 0 0 0 0 0 0 0 0 0 0 0 0 0 0 0 0 0 0 0 0 0 0 0 0 0 0 0 0 0 0 0 0 0 0 0 0 0 0 0 0 0 0 0 0 0 0 0 0 0 0 0 0 0 0 0 0 0 0 0 0 0 
0 0 0 0 0 0 0 0 0 0 0 0 0 0 0 0 0 0 0 0 0 0 0 0 0 0 0 0 0 0 0 0 0 0 0 0 0 0 0 0 0 0 0 0 0 0 0 0 0 0 0 0 0 0 0 0 0 0 0 0 0 0 0 0 0 0 0 0 0 0 0 0 0 0 0 0 0 0 0 0 0 0 0 0 0 0 0 0 0 0 0 0 0 0 0 0 0 0 0 0 0 0 0 0 0 0 0 0 0 0 0 0 0 0 0 0 0 0 0 0 0 0 0 0 0 0 0 0 
0 0 0 0 0 0 0 0 0 0 0 0 0 0 0 0 0 0 0 0 0 0 0 0 0 0 0 0 0 0 0 0 0 0 0 0 0 0 0 0 0 0 0 0 0 0 0 0 0 0 0 0 0 0 0 0 0 0 0 0 0 0 0 0 0 0 0 0 0 0 0 0 0 0 0 0 0 0 0 0 0 0 0 0 0 0 0 0 0 0 0 0 0 0 0 0 0 0 0 0 0 0 0 0 0 0 0 0 0 0 0 0 0 0 0 0 0 0 0 0 0 0 0 0 0 0 0 0 
0 0 0 0 0 0 0 0 0 0 0 0 0 0 0 0 0 0 0 0 0 0 0 0 0 0 0 0 0 0 0 0 0 0 0 0 0 0 0 0 0 0 0 0 0 0 0 0 0 0 0 0 0 0 0 0 0 0 0 0 0 0 0 0 0 0 0 0 0 0 0 0 0 0 0 0 0 0 0 0 0 0 0 0 0 0 0 0 0 0 0 0 0 0 0 0 0 0 0 0 0 0 0 0 0 0 0 0 0 0 0 0 0 0 0 0 0 0 0 0 0 0 0 0 0 0 0 0 
0 0 0 0 0 0 0 0 0 0 0 0 0 0 0 0 0 0 0 0 0 0 0 0 0 0 0 0 0 0 0 0 0 0 0 0 0 0 0 0 0 0 0 0 0 0 0 0 0 0 0 0 0 0 0 0 0 0 0 0 0 0 0 0 0 0 0 0 0 0 0 0 0 0 0 0 0 0 0 0 0 0 0 0 0 0 0 0 0 0 0 0 0 0 0 0 0 0 0 0 0 0 0 0 0 0 0 0 0 0 0 0 0 0 0 0 0 0 0 0 0 0 0 0 0 0 0 0 
0 0 0 0 0 0 0 0 0 0 0 0 0 0 0 0 0 0 0 0 0 0 0 0 0 0 0 0 0 0 0 0 0 0 0 0 0 0 0 0 0 0 0 0 0 0 0 0 0 0 0 0 0 0 0 0 0 0 0 0 0 0 0 0 0 0 0 0 0 0 0 0 0 0 0 0 0 0 0 0 0 0 0 0 0 0 0 0 0 0 0 0 0 0 0 0 0 0 0 0 0 0 0 0 0 0 0 0 0 0 0 0 0 0 0 0 0 0 0 0 0 0 0 0 0 0 0 0 
0 0 0 0 0 0 0 0 0 0 0 0 0 0 0 0 0 0 0 0 0 0 0 0 0 0 0 0 0 0 0 0 0 0 0 0 0 0 0 0 0 0 0 0 0 0 0 0 0 0 0 0 0 0 0 0 0 0 0 0 0 0 0 0 0 0 0 0 0 0 0 0 0 0 0 0 0 0 0 0 0 0 0 0 0 0 0 0 0 0 0 0 0 0 0 0 0 0 0 0 0 0 0 0 0 0 0 0 0 0 0 0 0 0 0 0 0 0 0 0 0 0 0 0 0 0 0 0 
0 0 0 0 0 0 0 0 0 0 0 0 0 0 0 0 0 0 0 0 0 0 0 0 0 0 0 0 0 0 0 0 0 0 0 0 0 0 0 0 0 0 0 0 0 0 0 0 0 0 0 0 0 0 0 0 0 0 0 0 0 0 0 0 0 0 0 0 0 0 0 0 0 0 0 0 0 0 0 0 0 0 0 0 0 0 0 0 0 0 0 0 0 0 0 0 0 0 0 0 0 0 0 0 0 0 0 0 0 0 0 0 0 0 0 0 0 0 0 0 0 0 0 0 0 0 0 0 
0 0 0 0 0 0 0 0 0 0 0 0 0 0 0 0 0 0 0 0 0 0 0 0 0 0 0 0 0 0 0 0 0 0 0 0 0 0 0 0 0 0 0 0 0 0 0 0 0 0 0 0 0 0 0 0 0 0 0 0 0 0 0 0 0 0 0 0 0 0 0 0 0 0 0 0 0 0 0 0 0 0 0 0 0 0 0 0 0 0 0 0 0 0 0 0 0 0 0 0 0 0 0 0 0 0 0 0 0 0 0 0 0 0 0 0 0 0 0 0 0 0 0 0 0 0 0 0 
0 0 0 0 0 0 0 0 0 0 0 0 0 0 0 0 0 0 0 0 0 0 0 0 0 0 0 0 0 0 0 0 0 0 0 0 0 0 0 0 0 0 0 0 0 0 0 0 0 0 0 0 0 0 0 0 0 0 0 0 0 0 0 0 0 0 0 0 0 0 0 0 0 0 0 0 0 0 0 0 0 0 0 0 0 0 0 0 0 0 0 0 0 0 0 0 0 0 0 0 0 0 0 0 0 0 0 0 0 0 0 0 0 0 0 0 0 0 0 0 0 0 0 0 0 0 0 0 
0 0 0 0 0 0 0 0 0 0 0 0 0 0 0 0 0 0 0 0 0 0 0 0 0 0 0 0 0 0 0 0 0 0 0 0 0 0 0 0 0 0 0 0 0 0 0 0 0 0 0 0 0 0 0 0 0 0 0 0 0 0 0 0 0 0 0 0 0 0 0 0 0 0 0 0 0 0 0 0 0 0 0 0 0 0 0 0 0 0 0 0 0 0 0 0 0 0 0 0 0 0 0 0 0 0 0 0 0 0 0 0 0 0 0 0 0 0 0 0 0 0 0 0 0 0 0 0 
0 0 0 0 0 0 0 0 0 0 0 0 0 0 0 0 0 0 0 0 0 0 0 0 0 0 0 0 0 0 0 0 0 0 0 0 0 0 0 0 0 0 0 0 0 0 0 0 0 0 0 0 0 0 0 0 0 0 0 0 0 0 0 0 0 0 0 0 0 0 0 0 0 0 0 0 0 0 0 0 0 0 0 0 0 0 0 0 0 0 0 0 0 0 0 0 0 0 0 0 0 0 0 0 0 0 0 0 0 0 0 0 0 0 0 0 0 0 0 0 0 0 0 0 0 0 0 0 
0 0 0 0 0 0 0 0 0 0 0 0 0 0 0 0 0 0 0 0 0 0 0 0 0 0 0 0 0 0 0 0 0 0 0 0 0 0 0 0 0 0 0 0 0 0 0 0 0 0 0 0 0 0 0 0 0 0 0 0 0 0 0 0 0 0 0 0 0 0 0 0 0 0 0 0 0 0 0 0 0 0 0 0 0 0 0 0 0 0 0 0 0 0 0 0 0 0 0 0 0 0 0 0 0 0 0 0 0 0 0 0 0 0 0 0 0 0 0 0 0 0 0 0 0 0 0 0 
0 0 0 0 0 0 0 0 0 0 0 0 0 0 0 0 0 0 0 0 0 0 0 0 0 0 0 0 0 0 0 0 0 0 0 0 0 0 0 0 0 0 0 0 0 0 0 0 0 0 0 0 0 0 0 0 0 0 0 0 0 0 0 0 0 0 0 0 0 0 0 0 0 0 0 0 0 0 0 0 0 0 0 0 0 0 0 0 0 0 0 0 0 0 0 0 0 0 0 0 0 0 0 0 0 0 0 0 0 0 0 0 0 0 0 0 0 0 0 0 0 0 0 0 0 0 0 0 
0 0 0 0 0 0 0 0 0 0 0 0 0 0 0 0 0 0 0 0 0 0 0 0 0 0 0 0 0 0 0 0 0 0 0 0 0 0 0 0 0 0 0 0 0 0 0 0 0 0 0 0 0 0 0 0 0 0 0 0 0 0 0 0 0 0 0 0 0 0 0 0 0 0 0 0 0 0 0 0 0 0 0 0 0 0 0 0 0 0 0 0 0 0 0 0 0 0 0 0 0 0 0 0 0 0 0 0 0 0 0 0 0 0 0 0 0 0 0 0 0 0 0 0 0 0 0 0 
0 0 0 0 0 0 0 0 0 0 0 0 0 0 0 0 0 0 0 0 0 0 0 0 0 0 0 0 0 0 0 0 0 0 0 0 0 0 0 0 0 0 0 0 0 0 0 0 0 0 0 0 0 0 0 0 0 0 0 0 0 0 0 0 0 0 0 0 0 0 0 0 0 0 0 0 0 0 0 0 0 0 0 0 0 0 0 0 0 0 0 0 0 0 0 0 0 0 0 0 0 0 0 0 0 0 0 0 0 0 0 0 0 0 0 0 0 0 0 0 0 0 0 0 0 0 0 0 
0 0 0 0 0 0 0 0 0 0 0 0 0 0 0 0 0 0 0 0 0 0 0 0 0 0 0 0 0 0 0 0 0 0 0 0 0 0 0 0 0 0 0 0 0 0 0 0 0 0 0 0 0 0 0 0 0 0 0 0 0 0 0 0 0 0 0 0 0 0 0 0 0 0 0 0 0 0 0 0 0 0 0 0 0 0 0 0 0 0 0 0 0 0 0 0 0 0 0 0 0 0 0 0 0 0 0 0 0 0 0 0 0 0 0 0 0 0 0 0 0 0 0 0 0 0 0 0 
0 0 0 0 0 0 0 0 0 0 0 0 0 0 0 0 0 0 0 0 0 0 0 0 0 0 0 0 0 0 0 0 0 0 0 0 0 0 0 0 0 0 0 0 0 0 0 0 0 0 0 0 0 0 0 0 0 0 0 0 0 0 0 0 0 0 0 0 0 0 0 0 0 0 0 0 0 0 0 0 0 0 0 0 0 0 0 0 0 0 0 0 0 0 0 0 0 0 0 0 0 0 0 0 0 0 0 0 0 0 0 0 0 0 0 0 0 0 0 0 0 0 0 0 0 0 0 0 
0 0 0 0 0 0 0 0 0 0 0 0 0 0 0 0 0 0 0 0 0 0 0 0 0 0 0 0 0 0 0 0 0 0 0 0 0 0 0 0 0 0 0 0 0 0 0 0 0 0 0 0 0 0 0 0 0 0 0 0 0 0 0 0 0 0 0 0 0 0 0 0 0 0 0 0 0 0 0 0 0 0 0 0 0 0 0 0 0 0 0 0 0 0 0 0 0 0 0 0 0 0 0 0 0 0 0 0 0 0 0 0 0 0 0 0 0 0 0 0 0 0 0 0 0 0 0 0 
0 0 0 0 0 0 0 0 0 0 0 0 0 0 0 0 0 0 0 0 0 0 0 0 0 0 0 0 0 0 0 0 0 0 0 0 0 0 0 0 0 0 0 0 0 0 0 0 0 0 0 0 0 0 0 0 0 0 0 0 0 0 0 0 0 0 0 0 0 0 0 0 0 0 0 0 0 0 0 0 0 0 0 0 0 0 0 0 0 0 0 0 0 0 0 0 0 0 0 0 0 0 0 0 0 0 0 0 0 0 0 0 0 0 0 0 0 0 0 0 0 0 0 0 0 0 0 0 
0 0 0 0 0 0 0 0 0 0 0 0 0 0 0 0 0 0 0 0 0 0 0 0 0 0 0 0 0 0 0 0 0 0 0 0 0 0 0 0 0 0 0 0 0 0 0 0 0 0 0 0 0 0 0 0 0 0 0 0 0 0 0 0 0 0 0 0 0 0 0 0 0 0 0 0 0 0 0 0 0 0 0 0 0 0 0 0 0 0 0 0 0 0 0 0 0 0 0 0 0 0 0 0 0 0 0 0 0 0 0 0 0 0 0 0 0 0 0 0 0 0 0 0 0 0 0 0 
0 0 0 0 0 0 0 0 0 0 0 0 0 0 0 0 0 0 0 0 0 0 0 0 0 0 0 0 0 0 0 0 0 0 0 0 0 0 0 0 0 0 0 0 0 0 0 0 0 0 0 0 0 0 0 0 0 0 0 0 0 0 0 0 0 0 0 0 0 0 0 0 0 0 0 0 0 0 0 0 0 0 0 0 0 0 0 0 0 0 0 0 0 0 0 0 0 0 0 0 0 0 0 0 0 0 0 0 0 0 0 0 0 0 0 0 0 0 0 0 0 0 0 0 0 0 0 0 
0 0 0 0 0 0 0 0 0 0 0 0 0 0 0 0 0 0 0 0 0 0 0 0 0 0 0 0 0 0 0 0 0 0 0 0 0 0 0 0 0 0 0 0 0 0 0 0 0 0 0 0 0 0 0 0 0 0 0 0 0 0 0 0 0 0 0 0 0 0 0 0 0 0 0 0 0 0 0 0 0 0 0 0 0 0 0 0 0 0 0 0 0 0 0 0 0 0 0 0 0 0 0 0 0 0 0 0 0 0 0 0 0 0 0 0 0 0 0 0 0 0 0 0 0 0 0 0 
0 0 0 0 0 0 0 0 0 0 0 0 0 0 0 0 0 0 0 0 0 0 0 0 0 0 0 0 0 0 0 0 0 0 0 0 0 0 0 0 0 0 0 0 0 0 0 0 0 0 0 0 0 0 0 0 0 0 0 0 0 0 0 0 0 0 0 0 0 0 0 0 0 0 0 0 0 0 0 0 0 0 0 0 0 0 0 0 0 0 0 0 0 0 0 0 0 0 0 0 0 0 0 0 0 0 0 0 0 0 0 0 0 0 0 0 0 0 0 0 0 0 0 0 0 0 0 0 
0 0 0 0 0 0 0 0 0 0 0 0 0 0 0 0 0 0 0 0 0 0 0 0 0 0 0 0 0 0 0 0 0 0 0 0 0 0 0 0 0 0 0 0 0 0 0 0 0 0 0 0 0 0 0 0 0 0 0 0 0 0 0 0 0 0 0 0 0 0 0 0 0 0 0 0 0 0 0 0 0 0 0 0 0 0 0 0 0 0 0 0 0 0 0 0 0 0 0 0 0 0 0 0 0 0 0 0 0 0 0 0 0 0 0 0 0 0 0 0 0 0 0 0 0 0 0 0 
0 0 0 0 0 0 0 0 0 0 0 0 0 0 0 0 0 0 0 0 0 0 0 0 0 0 0 0 0 0 0 0 0 0 0 0 0 0 0 0 0 0 0 0 0 0 0 0 0 0 0 0 0 0 0 0 0 0 0 0 0 0 0 0 0 0 0 0 0 0 0 0 0 0 0 0 0 0 0 0 0 0 0 0 0 0 0 0 0 0 0 0 0 0 0 0 0 0 0 0 0 0 0 0 0 0 0 0 0 0 0 0 0 0 0 0 0 0 0 0 0 0 0 0 0 0 0 0 
0 0 0 0 0 0 0 0 0 0 0 0 0 0 0 0 0 0 0 0 0 0 0 0 0 0 0 0 0 0 0 0 0 0 0 0 0 0 0 0 0 0 0 0 0 0 0 0 0 0 0 0 0 0 0 0 0 0 0 0 0 0 0 0 0 0 0 0 0 0 0 0 0 0 0 0 0 0 0 0 0 0 0 0 0 0 0 0 0 0 0 0 0 0 0 0 0 0 0 0 0 0 0 0 0 0 0 0 0 0 0 0 0 0 0 0 0 0 0 0 0 0 0 0 0 0 0 0 
0.761719 -0.863281 0.792969 0.828125 0.296875 0.484375 0.652344 0.0703125 0.664062 0.265625 0.466797 -0.306641 0.304688 -1.15625 0.0966797 0.0524902 0.628906 -0.129883 0.171875 0.245117 -0.388672 0.238281 -0.392578 -0.0795898 -0.267578 0.392578 0.470703 -0.283203 -0.453125 0.597656 0.169922 0.820312 0.478516 0.0361328 0.144531 -0.00592041 0.376953 -0.00488281 -0.132812 0.392578 -0.648438 -0.222656 -0.460938 -0.114746 0.423828 0.431641 0.357422 -0.287109 -0.373047 -0.144531 0.117188 0.138672 0.582031 -0.263672 0.255859 0.149414 0.300781 0.194336 0.116211 0.349609 -0.863281 0.216797 0.318359 0.275391 -0.269531 -0.578125 -0.208984 0.550781 0.318359 0.5625 -0.119141 0.351562 0.010376 -0.617188 -0.835938 0.333984 0.235352 1.0625 0.460938 -0.597656 -0.322266 0.0062561 0.0463867 -0.0791016 0.101074 -0.162109 -0.535156 0.546875 0.181641 0.106445 0.652344 0.441406 -0.582031 0.158203 0.699219 -0.150391 -0.574219 0.695312 -0.128906 -0.0805664 0.292969 -0.166016 0.174805 -0.318359 0.0976562 -0.273438 -0.558594 -0.679688 0.332031 -0.535156 0.498047 0.178711 -0.302734 0.628906 -0.421875 1.42969 0.765625 -0.652344 0.205078 -0.0123291 0.0810547 -0.24707 0.792969 0.753906 -0.613281 0.453125 0.0996094 0.6875 
0 0 0 0 0 0 0 0 0 0 0 0 0 0 0 0 0 0 0 0 0 0 0 0 0 0 0 0 0 0 0 0 0 0 0 0 0 0 0 0 0 0 0 0 0 0 0 0 0 0 0 0 0 0 0 0 0 0 0 0 0 0 0 0 0 0 0 0 0 0 0 0 0 0 0 0 0 0 0 0 0 0 0 0 0 0 0 0 0 0 0 0 0 0 0 0 0 0 0 0 0 0 0 0 0 0 0 0 0 0 0 0 0 0 0 0 0 0 0 0 0 0 0 0 0 0 0 0 
0 0 0 0 0 0 0 0 0 0 0 0 0 0 0 0 0 0 0 0 0 0 0 0 0 0 0 0 0 0 0 0 0 0 0 0 0 0 0 0 0 0 0 0 0 0 0 0 0 0 0 0 0 0 0 0 0 0 0 0 0 0 0 0 0 0 0 0 0 0 0 0 0 0 0 0 0 0 0 0 0 0 0 0 0 0 0 0 0 0 0 0 0 0 0 0 0 0 0 0 0 0 0 0 0 0 0 0 0 0 0 0 0 0 0 0 0 0 0 0 0 0 0 0 0 0 0 0 
0 0 0 0 0 0 0 0 0 0 0 0 0 0 0 0 0 0 0 0 0 0 0 0 0 0 0 0 0 0 0 0 0 0 0 0 0 0 0 0 0 0 0 0 0 0 0 0 0 0 0 0 0 0 0 0 0 0 0 0 0 0 0 0 0 0 0 0 0 0 0 0 0 0 0 0 0 0 0 0 0 0 0 0 0 0 0 0 0 0 0 0 0 0 0 0 0 0 0 0 0 0 0 0 0 0 0 0 0 0 0 0 0 0 0 0 0 0 0 0 0 0 0 0 0 0 0 0 
0 0 0 0 0 0 0 0 0 0 0 0 0 0 0 0 0 0 0 0 0 0 0 0 0 0 0 0 0 0 0 0 0 0 0 0 0 0 0 0 0 0 0 0 0 0 0 0 0 0 0 0 0 0 0 0 0 0 0 0 0 0 0 0 0 0 0 0 0 0 0 0 0 0 0 0 0 0 0 0 0 0 0 0 0 0 0 0 0 0 0 0 0 0 0 0 0 0 0 0 0 0 0 0 0 0 0 0 0 0 0 0 0 0 0 0 0 0 0 0 0 0 0 0 0 0 0 0 
0 0 0 0 0 0 0 0 0 0 0 0 0 0 0 0 0 0 0 0 0 0 0 0 0 0 0 0 0 0 0 0 0 0 0 0 0 0 0 0 0 0 0 0 0 0 0 0 0 0 0 0 0 0 0 0 0 0 0 0 0 0 0 0 0 0 0 0 0 0 0 0 0 0 0 0 0 0 0 0 0 0 0 0 0 0 0 0 0 0 0 0 0 0 0 0 0 0 0 0 0 0 0 0 0 0 0 0 0 0 0 0 0 0 0 0 0 0 0 0 0 0 0 0 0 0 0 0 
0 0 0 0 0 0 0 0 0 0 0 0 0 0 0 0 0 0 0 0 0 0 0 0 0 0 0 0 0 0 0 0 0 0 0 0 0 0 0 0 0 0 0 0 0 0 0 0 0 0 0 0 0 0 0 0 0 0 0 0 0 0 0 0 0 0 0 0 0 0 0 0 0 0 0 0 0 0 0 0 0 0 0 0 0 0 0 0 0 0 0 0 0 0 0 0 0 0 0 0 0 0 0 0 0 0 0 0 0 0 0 0 0 0 0 0 0 0 0 0 0 0 0 0 0 0 0 0 
0 0 0 0 0 0 0 0 0 0 0 0 0 0 0 0 0 0 0 0 0 0 0 0 0 0 0 0 0 0 0 0 0 0 0 0 0 0 0 0 0 0 0 0 0 0 0 0 0 0 0 0 0 0 0 0 0 0 0 0 0 0 0 0 0 0 0 0 0 0 0 0 0 0 0 0 0 0 0 0 0 0 0 0 0 0 0 0 0 0 0 0 0 0 0 0 0 0 0 0 0 0 0 0 0 0 0 0 0 0 0 0 0 0 0 0 0 0 0 0 0 0 0 0 0 0 0 0 
0 0 0 0 0 0 0 0 0 0 0 0 0 0 0 0 0 0 0 0 0 0 0 0 0 0 0 0 0 0 0 0 0 0 0 0 0 0 0 0 0 0 0 0 0 0 0 0 0 0 0 0 0 0 0 0 0 0 0 0 0 0 0 0 0 0 0 0 0 0 0 0 0 0 0 0 0 0 0 0 0 0 0 0 0 0 0 0 0 0 0 0 0 0 0 0 0 0 0 0 0 0 0 0 0 0 0 0 0 0 0 0 0 0 0 0 0 0 0 0 0 0 0 0 0 0 0 0 
0 0 0 0 0 0 0 0 0 0 0 0 0 0 0 0 0 0 0 0 0 0 0 0 0 0 0 0 0 0 0 0 0 0 0 0 0 0 0 0 0 0 0 0 0 0 0 0 0 0 0 0 0 0 0 0 0 0 0 0 0 0 0 0 0 0 0 0 0 0 0 0 0 0 0 0 0 0 0 0 0 0 0 0 0 0 0 0 0 0 0 0 0 0 0 0 0 0 0 0 0 0 0 0 0 0 0 0 0 0 0 0 0 0 0 0 0 0 0 0 0 0 0 0 0 0 0 0 
0 0 0 0 0 0 0 0 0 0 0 0 0 0 0 0 0 0 0 0 0 0 0 0 0 0 0 0 0 0 0 0 0 0 0 0 0 0 0 0 0 0 0 0 0 0 0 0 0 0 0 0 0 0 0 0 0 0 0 0 0 0 0 0 0 0 0 0 0 0 0 0 0 0 0 0 0 0 0 0 0 0 0 0 0 0 0 0 0 0 0 0 0 0 0 0 0 0 0 0 0 0 0 0 0 0 0 0 0 0 0 0 0 0 0 0 0 0 0 0 0 0 0 0 0 0 0 0 
0 0 0 0 0 0 0 0 0 0 0 0 0 0 0 0 0 0 0 0 0 0 0 0 0 0 0 0 0 0 0 0 0 0 0 0 0 0 0 0 0 0 0 0 0 0 0 0 0 0 0 0 0 0 0 0 0 0 0 0 0 0 0 0 0 0 0 0 0 0 0 0 0 0 0 0 0 0 0 0 0 0 0 0 0 0 0 0 0 0 0 0 0 0 0 0 0 0 0 0 0 0 0 0 0 0 0 0 0 0 0 0 0 0 0 0 0 0 0 0 0 0 0 0 0 0 0 0 
0 0 0 0 0 0 0 0 0 0 0 0 0 0 0 0 0 0 0 0 0 0 0 0 0 0 0 0 0 0 0 0 0 0 0 0 0 0 0 0 0 0 0 0 0 0 0 0 0 0 0 0 0 0 0 0 0 0 0 0 0 0 0 0 0 0 0 0 0 0 0 0 0 0 0 0 0 0 0 0 0 0 0 0 0 0 0 0 0 0 0 0 0 0 0 0 0 0 0 0 0 0 0 0 0 0 0 0 0 0 0 0 0 0 0 0 0 0 0 0 0 0 0 0 0 0 0 0 
0 0 0 0 0 0 0 0 0 0 0 0 0 0 0 0 0 0 0 0 0 0 0 0 0 0 0 0 0 0 0 0 0 0 0 0 0 0 0 0 0 0 0 0 0 0 0 0 0 0 0 0 0 0 0 0 0 0 0 0 0 0 0 0 0 0 0 0 0 0 0 0 0 0 0 0 0 0 0 0 0 0 0 0 0 0 0 0 0 0 0 0 0 0 0 0 0 0 0 0 0 0 0 0 0 0 0 0 0 0 0 0 0 0 0 0 0 0 0 0 0 0 0 0 0 0 0 0 
0 0 0 0 0 0 0 0 0 0 0 0 0 0 0 0 0 0 0 0 0 0 0 0 0 0 0 0 0 0 0 0 0 0 0 0 0 0 0 0 0 0 0 0 0 0 0 0 0 0 0 0 0 0 0 0 0 0 0 0 0 0 0 0 0 0 0 0 0 0 0 0 0 0 0 0 0 0 0 0 0 0 0 0 0 0 0 0 0 0 0 0 0 0 0 0 0 0 0 0 0 0 0 0 0 0 0 0 0 0 0 0 0 0 0 0 0 0 0 0 0 0 0 0 0 0 0 0 
0 0 0 0 0 0 0 0 0 0 0 0 0 0 0 0 0 0 0 0 0 0 0 0 0 0 0 0 0 0 0 0 0 0 0 0 0 0 0 0 0 0 0 0 0 0 0 0 0 0 0 0 0 0 0 0 0 0 0 0 0 0 0 0 0 0 0 0 0 0 0 0 0 0 0 0 0 0 0 0 0 0 0 0 0 0 0 0 0 0 0 0 0 0 0 0 0 0 0 0 0 0 0 0 0 0 0 0 0 0 0 0 0 0 0 0 0 0 0 0 0 0 0 0 0 0 0 0 
0 0 0 0 0 0 0 0 0 0 0 0 0 0 0 0 0 0 0 0 0 0 0 0 0 0 0 0 0 0 0 0 0 0 0 0 0 0 0 0 0 0 0 0 0 0 0 0 0 0 0 0 0 0 0 0 0 0 0 0 0 0 0 0 0 0 0 0 0 0 0 0 0 0 0 0 0 0 0 0 0 0 0 0 0 0 0 0 0 0 0 0 0 0 0 0 0 0 0 0 0 0 0 0 0 0 0 0 0 0 0 0 0 0 0 0 0 0 0 0 0 0 0 0 0 0 0 0 
0 0 0 0 0 0 0 0 0 0 0 0 0 0 0 0 0 0 0 0 0 0 0 0 0 0 0 0 0 0 0 0 0 0 0 0 0 0 0 0 0 0 0 0 0 0 0 0 0 0 0 0 0 0 0 0 0 0 0 0 0 0 0 0 0 0 0 0 0 0 0 0 0 0 0 0 0 0 0 0 0 0 0 0 0 0 0 0 0 0 0 0 0 0 0 0 0 0 0 0 0 0 0 0 0 0 0 0 0 0 0 0 0 0 0 0 0 0 0 0 0 0 0 0 0 0 0 0 
0 0 0 0 0 0 0 0 0 0 0 0 0 0 0 0 0 0 0 0 0 0 0 0 0 0 0 0 0 0 0 0 0 0 0 0 0 0 0 0 0 0 0 0 0 0 0 0 0 0 0 0 0 0 0 0 0 0 0 0 0 0 0 0 0 0 0 0 0 0 0 0 0 0 0 0 0 0 0 0 0 0 0 0 0 0 0 0 0 0 0 0 0 0 0 0 0 0 0 0 0 0 0 0 0 0 0 0 0 0 0 0 0 0 0 0 0 0 0 0 0 0 0 0 0 0 0 0 
0 0 0 0 0 0 0 0 0 0 0 0 0 0 0 0 0 0 0 0 0 0 0 0 0 0 0 0 0 0 0 0 0 0 0 0 0 0 0 0 0 0 0 0 0 0 0 0 0 0 0 0 0 0 0 0 0 0 0 0 0 0 0 0 0 0 0 0 0 0 0 0 0 0 0 0 0 0 0 0 0 0 0 0 0 0 0 0 0 0 0 0 0 0 0 0 0 0 0 0 0 0 0 0 0 0 0 0 0 0 0 0 0 0 0 0 0 0 0 0 0 0 0 0 0 0 0 0 
0 0 0 0 0 0 0 0 0 0 0 0 0 0 0 0 0 0 0 0 0 0 0 0 0 0 0 0 0 0 0 0 0 0 0 0 0 0 0 0 0 0 0 0 0 0 0 0 0 0 0 0 0 0 0 0 0 0 0 0 0 0 0 0 0 0 0 0 0 0 0 0 0 0 0 0 0 0 0 0 0 0 0 0 0 0 0 0 0 0 0 0 0 0 0 0 0 0 0 0 0 0 0 0 0 0 0 0 0 0 0 0 0 0 0 0 0 0 0 0 0 0 0 0 0 0 0 0 
0 0 0 0 0 0 0 0 0 0 0 0 0 0 0 0 0 0 0 0 0 0 0 0 0 0 0 0 0 0 0 0 0 0 0 0 0 0 0 0 0 0 0 0 0 0 0 0 0 0 0 0 0 0 0 0 0 0 0 0 0 0 0 0 0 0 0 0 0 0 0 0 0 0 0 0 0 0 0 0 0 0 0 0 0 0 0 0 0 0 0 0 0 0 0 0 0 0 0 0 0 0 0 0 0 0 0 0 0 0 0 0 0 0 0 0 0 0 0 0 0 0 0 0 0 0 0 0 
0 0 0 0 0 0 0 0 0 0 0 0 0 0 0 0 0 0 0 0 0 0 0 0 0 0 0 0 0 0 0 0 0 0 0 0 0 0 0 0 0 0 0 0 0 0 0 0 0 0 0 0 0 0 0 0 0 0 0 0 0 0 0 0 0 0 0 0 0 0 0 0 0 0 0 0 0 0 0 0 0 0 0 0 0 0 0 0 0 0 0 0 0 0 0 0 0 0 0 0 0 0 0 0 0 0 0 0 0 0 0 0 0 0 0 0 0 0 0 0 0 0 0 0 0 0 0 0 
0 0 0 0 0 0 0 0 0 0 0 0 0 0 0 0 0 0 0 0 0 0 0 0 0 0 0 0 0 0 0 0 0 0 0 0 0 0 0 0 0 0 0 0 0 0 0 0 0 0 0 0 0 0 0 0 0 0 0 0 0 0 0 0 0 0 0 0 0 0 0 0 0 0 0 0 0 0 0 0 0 0 0 0 0 0 0 0 0 0 0 0 0 0 0 0 0 0 0 0 0 0 0 0 0 0 0 0 0 0 0 0 0 0 0 0 0 0 0 0 0 0 0 0 0 0 0 0 
0 0 0 0 0 0 0 0 0 0 0 0 0 0 0 0 0 0 0 0 0 0 0 0 0 0 0 0 0 0 0 0 0 0 0 0 0 0 0 0 0 0 0 0 0 0 0 0 0 0 0 0 0 0 0 0 0 0 0 0 0 0 0 0 0 0 0 0 0 0 0 0 0 0 0 0 0 0 0 0 0 0 0 0 0 0 0 0 0 0 0 0 0 0 0 0 0 0 0 0 0 0 0 0 0 0 0 0 0 0 0 0 0 0 0 0 0 0 0 0 0 0 0 0 0 0 0 0 
0 0 0 0 0 0 0 0 0 0 0 0 0 0 0 0 0 0 0 0 0 0 0 0 0 0 0 0 0 0 0 0 0 0 0 0 0 0 0 0 0 0 0 0 0 0 0 0 0 0 0 0 0 0 0 0 0 0 0 0 0 0 0 0 0 0 0 0 0 0 0 0 0 0 0 0 0 0 0 0 0 0 0 0 0 0 0 0 0 0 0 0 0 0 0 0 0 0 0 0 0 0 0 0 0 0 0 0 0 0 0 0 0 0 0 0 0 0 0 0 0 0 0 0 0 0 0 0 
0 0 0 0 0 0 0 0 0 0 0 0 0 0 0 0 0 0 0 0 0 0 0 0 0 0 0 0 0 0 0 0 0 0 0 0 0 0 0 0 0 0 0 0 0 0 0 0 0 0 0 0 0 0 0 0 0 0 0 0 0 0 0 0 0 0 0 0 0 0 0 0 0 0 0 0 0 0 0 0 0 0 0 0 0 0 0 0 0 0 0 0 0 0 0 0 0 0 0 0 0 0 0 0 0 0 0 0 0 0 0 0 0 0 0 0 0 0 0 0 0 0 0 0 0 0 0 0 
0 0 0 0 0 0 0 0 0 0 0 0 0 0 0 0 0 0 0 0 0 0 0 0 0 0 0 0 0 0 0 0 0 0 0 0 0 0 0 0 0 0 0 0 0 0 0 0 0 0 0 0 0 0 0 0 0 0 0 0 0 0 0 0 0 0 0 0 0 0 0 0 0 0 0 0 0 0 0 0 0 0 0 0 0 0 0 0 0 0 0 0 0 0 0 0 0 0 0 0 0 0 0 0 0 0 0 0 0 0 0 0 0 0 0 0 0 0 0 0 0 0 0 0 0 0 0 0 
0 0 0 0 0 0 0 0 0 0 0 0 0 0 0 0 0 0 0 0 0 0 0 0 0 0 0 0 0 0 0 0 0 0 0 0 0 0 0 0 0 0 0 0 0 0 0 0 0 0 0 0 0 0 0 0 0 0 0 0 0 0 0 0 0 0 0 0 0 0 0 0 0 0 0 0 0 0 0 0 0 0 0 0 0 0 0 0 0 0 0 0 0 0 0 0 0 0 0 0 0 0 0 0 0 0 0 0 0 0 0 0 0 0 0 0 0 0 0 0 0 0 0 0 0 0 0 0 
0 0 0 0 0 0 0 0 0 0 0 0 0 0 0 0 0 0 0 0 0 0 0 0 0 0 0 0 0 0 0 0 0 0 0 0 0 0 0 0 0 0 0 0 0 0 0 0 0 0 0 0 0 0 0 0 0 0 0 0 0 0 0 0 0 0 0 0 0 0 0 0 0 0 0 0 0 0 0 0 0 0 0 0 0 0 0 0 0 0 0 0 0 0 0 0 0 0 0 0 0 0 0 0 0 0 0 0 0 0 0 0 0 0 0 0 0 0 0 0 0 0 0 0 0 0 0 0 
0 0 0 0 0 0 0 0 0 0 0 0 0 0 0 0 0 0 0 0 0 0 0 0 0 0 0 0 0 0 0 0 0 0 0 0 0 0 0 0 0 0 0 0 0 0 0 0 0 0 0 0 0 0 0 0 0 0 0 0 0 0 0 0 0 0 0 0 0 0 0 0 0 0 0 0 0 0 0 0 0 0 0 0 0 0 0 0 0 0 0 0 0 0 0 0 0 0 0 0 0 0 0 0 0 0 0 0 0 0 0 0 0 0 0 0 0 0 0 0 0 0 0 0 0 0 0 0 
0 0 0 0 0 0 0 0 0 0 0 0 0 0 0 0 0 0 0 0 0 0 0 0 0 0 0 0 0 0 0 0 0 0 0 0 0 0 0 0 0 0 0 0 0 0 0 0 0 0 0 0 0 0 0 0 0 0 0 0 0 0 0 0 0 0 0 0 0 0 0 0 0 0 0 0 0 0 0 0 0 0 0 0 0 0 0 0 0 0 0 0 0 0 0 0 0 0 0 0 0 0 0 0 0 0 0 0 0 0 0 0 0 0 0 0 0 0 0 0 0 0 0 0 0 0 0 0 
0 0 0 0 0 0 0 0 0 0 0 0 0 0 0 0 0 0 0 0 0 0 0 0 0 0 0 0 0 0 0 0 0 0 0 0 0 0 0 0 0 0 0 0 0 0 0 0 0 0 0 0 0 0 0 0 0 0 0 0 0 0 0 0 0 0 0 0 0 0 0 0 0 0 0 0 0 0 0 0 0 0 0 0 0 0 0 0 0 0 0 0 0 0 0 0 0 0 0 0 0 0 0 0 0 0 0 0 0 0 0 0 0 0 0 0 0 0 0 0 0 0 0 0 0 0 0 0 
0 0 0 0 0 0 0 0 0 0 0 0 0 0 0 0 0 0 0 0 0 0 0 0 0 0 0 0 0 0 0 0 0 0 0 0 0 0 0 0 0 0 0 0 0 0 0 0 0 0 0 0 0 0 0 0 0 0 0 0 0 0 0 0 0 0 0 0 0 0 0 0 0 0 0 0 0 0 0 0 0 0 0 0 0 0 0 0 0 0 0 0 0 0 0 0 0 0 0 0 0 0 0 0 0 0 0 0 0 0 0 0 0 0 0 0 0 0 0 0 0 0 0 0 0 0 0 0 
0 0 0 0 0 0 0 0 0 0 0 0 0 0 0 0 0 0 0 0 0 0 0 0 0 0 0 0 0 0 0 0 0 0 0 0 0 0 0 0 0 0 0 0 0 0 0 0 0 0 0 0 0 0 0 0 0 0 0 0 0 0 0 0 0 0 0 0 0 0 0 0 0 0 0 0 0 0 0 0 0 0 0 0 0 0 0 0 0 0 0 0 0 0 0 0 0 0 0 0 0 0 0 0 0 0 0 0 0 0 0 0 0 0 0 0 0 0 0 0 0 0 0 0 0 0 0 0 
0 0 0 0 0 0 0 0 0 0 0 0 0 0 0 0 0 0 0 0 0 0 0 0 0 0 0 0 0 0 0 0 0 0 0 0 0 0 0 0 0 0 0 0 0 0 0 0 0 0 0 0 0 0 0 0 0 0 0 0 0 0 0 0 0 0 0 0 0 0 0 0 0 0 0 0 0 0 0 0 0 0 0 0 0 0 0 0 0 0 0 0 0 0 0 0 0 0 0 0 0 0 0 0 0 0 0 0 0 0 0 0 0 0 0 0 0 0 0 0 0 0 0 0 0 0 0 0 
0 0 0 0 0 0 0 0 0 0 0 0 0 0 0 0 0 0 0 0 0 0 0 0 0 0 0 0 0 0 0 0 0 0 0 0 0 0 0 0 0 0 0 0 0 0 0 0 0 0 0 0 0 0 0 0 0 0 0 0 0 0 0 0 0 0 0 0 0 0 0 0 0 0 0 0 0 0 0 0 0 0 0 0 0 0 0 0 0 0 0 0 0 0 0 0 0 0 0 0 0 0 0 0 0 0 0 0 0 0 0 0 0 0 0 0 0 0 0 0 0 0 0 0 0 0 0 0 
0 0 0 0 0 0 0 0 0 0 0 0 0 0 0 0 0 0 0 0 0 0 0 0 0 0 0 0 0 0 0 0 0 0 0 0 0 0 0 0 0 0 0 0 0 0 0 0 0 0 0 0 0 0 0 0 0 0 0 0 0 0 0 0 0 0 0 0 0 0 0 0 0 0 0 0 0 0 0 0 0 0 0 0 0 0 0 0 0 0 0 0 0 0 0 0 0 0 0 0 0 0 0 0 0 0 0 0 0 0 0 0 0 0 0 0 0 0 0 0 0 0 0 0 0 0 0 0 
0 0 0 0 0 0 0 0 0 0 0 0 0 0 0 0 0 0 0 0 0 0 0 0 0 0 0 0 0 0 0 0 0 0 0 0 0 0 0 0 0 0 0 0 0 0 0 0 0 0 0 0 0 0 0 0 0 0 0 0 0 0 0 0 0 0 0 0 0 0 0 0 0 0 0 0 0 0 0 0 0 0 0 0 0 0 0 0 0 0 0 0 0 0 0 0 0 0 0 0 0 0 0 0 0 0 0 0 0 0 0 0 0 0 0 0 0 0 0 0 0 0 0 0 0 0 0 0 
0 0 0 0 0 0 0 0 0 0 0 0 0 0 0 0 0 0 0 0 0 0 0 0 0 0 0 0 0 0 0 0 0 0 0 0 0 0 0 0 0 0 0 0 0 0 0 0 0 0 0 0 0 0 0 0 0 0 0 0 0 0 0 0 0 0 0 0 0 0 0 0 0 0 0 0 0 0 0 0 0 0 0 0 0 0 0 0 0 0 0 0 0 0 0 0 0 0 0 0 0 0 0 0 0 0 0 0 0 0 0 0 0 0 0 0 0 0 0 0 0 0 0 0 0 0 0 0 
0 0 0 0 0 0 0 0 0 0 0 0 0 0 0 0 0 0 0 0 0 0 0 0 0 0 0 0 0 0 0 0 0 0 0 0 0 0 0 0 0 0 0 0 0 0 0 0 0 0 0 0 0 0 0 0 0 0 0 0 0 0 0 0 0 0 0 0 0 0 0 0 0 0 0 0 0 0 0 0 0 0 0 0 0 0 0 0 0 0 0 0 0 0 0 0 0 0 0 0 0 0 0 0 0 0 0 0 0 0 0 0 0 0 0 0 0 0 0 0 0 0 0 0 0 0 0 0 
0 0 0 0 0 0 0 0 0 0 0 0 0 0 0 0 0 0 0 0 0 0 0 0 0 0 0 0 0 0 0 0 0 0 0 0 0 0 0 0 0 0 0 0 0 0 0 0 0 0 0 0 0 0 0 0 0 0 0 0 0 0 0 0 0 0 0 0 0 0 0 0 0 0 0 0 0 0 0 0 0 0 0 0 0 0 0 0 0 0 0 0 0 0 0 0 0 0 0 0 0 0 0 0 0 0 0 0 0 0 0 0 0 0 0 0 0 0 0 0 0 0 0 0 0 0 0 0 
0 0 0 0 0 0 0 0 0 0 0 0 0 0 0 0 0 0 0 0 0 0 0 0 0 0 0 0 0 0 0 0 0 0 0 0 0 0 0 0 0 0 0 0 0 0 0 0 0 0 0 0 0 0 0 0 0 0 0 0 0 0 0 0 0 0 0 0 0 0 0 0 0 0 0 0 0 0 0 0 0 0 0 0 0 0 0 0 0 0 0 0 0 0 0 0 0 0 0 0 0 0 0 0 0 0 0 0 0 0 0 0 0 0 0 0 0 0 0 0 0 0 0 0 0 0 0 0 
0 0 0 0 0 0 0 0 0 0 0 0 0 0 0 0 0 0 0 0 0 0 0 0 0 0 0 0 0 0 0 0 0 0 0 0 0 0 0 0 0 0 0 0 0 0 0 0 0 0 0 0 0 0 0 0 0 0 0 0 0 0 0 0 0 0 0 0 0 0 0 0 0 0 0 0 0 0 0 0 0 0 0 0 0 0 0 0 0 0 0 0 0 0 0 0 0 0 0 0 0 0 0 0 0 0 0 0 0 0 0 0 0 0 0 0 0 0 0 0 0 0 0 0 0 0 0 0 
0 0 0 0 0 0 0 0 0 0 0 0 0 0 0 0 0 0 0 0 0 0 0 0 0 0 0 0 0 0 0 0 0 0 0 0 0 0 0 0 0 0 0 0 0 0 0 0 0 0 0 0 0 0 0 0 0 0 0 0 0 0 0 0 0 0 0 0 0 0 0 0 0 0 0 0 0 0 0 0 0 0 0 0 0 0 0 0 0 0 0 0 0 0 0 0 0 0 0 0 0 0 0 0 0 0 0 0 0 0 0 0 0 0 0 0 0 0 0 0 0 0 0 0 0 0 0 0 
0 0 0 0 0 0 0 0 0 0 0 0 0 0 0 0 0 0 0 0 0 0 0 0 0 0 0 0 0 0 0 0 0 0 0 0 0 0 0 0 0 0 0 0 0 0 0 0 0 0 0 0 0 0 0 0 0 0 0 0 0 0 0 0 0 0 0 0 0 0 0 0 0 0 0 0 0 0 0 0 0 0 0 0 0 0 0 0 0 0 0 0 0 0 0 0 0 0 0 0 0 0 0 0 0 0 0 0 0 0 0 0 0 0 0 0 0 0 0 0 0 0 0 0 0 0 0 0 
0 0 0 0 0 0 0 0 0 0 0 0 0 0 0 0 0 0 0 0 0 0 0 0 0 0 0 0 0 0 0 0 0 0 0 0 0 0 0 0 0 0 0 0 0 0 0 0 0 0 0 0 0 0 0 0 0 0 0 0 0 0 0 0 0 0 0 0 0 0 0 0 0 0 0 0 0 0 0 0 0 0 0 0 0 0 0 0 0 0 0 0 0 0 0 0 0 0 0 0 0 0 0 0 0 0 0 0 0 0 0 0 0 0 0 0 0 0 0 0 0 0 0 0 0 0 0 0 
0 0 0 0 0 0 0 0 0 0 0 0 0 0 0 0 0 0 0 0 0 0 0 0 0 0 0 0 0 0 0 0 0 0 0 0 0 0 0 0 0 0 0 0 0 0 0 0 0 0 0 0 0 0 0 0 0 0 0 0 0 0 0 0 0 0 0 0 0 0 0 0 0 0 0 0 0 0 0 0 0 0 0 0 0 0 0 0 0 0 0 0 0 0 0 0 0 0 0 0 0 0 0 0 0 0 0 0 0 0 0 0 0 0 0 0 0 0 0 0 0 0 0 0 0 0 0 0 
0 0 0 0 0 0 0 0 0 0 0 0 0 0 0 0 0 0 0 0 0 0 0 0 0 0 0 0 0 0 0 0 0 0 0 0 0 0 0 0 0 0 0 0 0 0 0 0 0 0 0 0 0 0 0 0 0 0 0 0 0 0 0 0 0 0 0 0 0 0 0 0 0 0 0 0 0 0 0 0 0 0 0 0 0 0 0 0 0 0 0 0 0 0 0 0 0 0 0 0 0 0 0 0 0 0 0 0 0 0 0 0 0 0 0 0 0 0 0 0 0 0 0 0 0 0 0 0 
0 0 0 0 0 0 0 0 0 0 0 0 0 0 0 0 0 0 0 0 0 0 0 0 0 0 0 0 0 0 0 0 0 0 0 0 0 0 0 0 0 0 0 0 0 0 0 0 0 0 0 0 0 0 0 0 0 0 0 0 0 0 0 0 0 0 0 0 0 0 0 0 0 0 0 0 0 0 0 0 0 0 0 0 0 0 0 0 0 0 0 0 0 0 0 0 0 0 0 0 0 0 0 0 0 0 0 0 0 0 0 0 0 0 0 0 0 0 0 0 0 0 0 0 0 0 0 0 
0 0 0 0 0 0 0 0 0 0 0 0 0 0 0 0 0 0 0 0 0 0 0 0 0 0 0 0 0 0 0 0 0 0 0 0 0 0 0 0 0 0 0 0 0 0 0 0 0 0 0 0 0 0 0 0 0 0 0 0 0 0 0 0 0 0 0 0 0 0 0 0 0 0 0 0 0 0 0 0 0 0 0 0 0 0 0 0 0 0 0 0 0 0 0 0 0 0 0 0 0 0 0 0 0 0 0 0 0 0 0 0 0 0 0 0 0 0 0 0 0 0 0 0 0 0 0 0 
0 0 0 0 0 0 0 0 0 0 0 0 0 0 0 0 0 0 0 0 0 0 0 0 0 0 0 0 0 0 0 0 0 0 0 0 0 0 0 0 0 0 0 0 0 0 0 0 0 0 0 0 0 0 0 0 0 0 0 0 0 0 0 0 0 0 0 0 0 0 0 0 0 0 0 0 0 0 0 0 0 0 0 0 0 0 0 0 0 0 0 0 0 0 0 0 0 0 0 0 0 0 0 0 0 0 0 0 0 0 0 0 0 0 0 0 0 0 0 0 0 0 0 0 0 0 0 0 
0 0 0 0 0 0 0 0 0 0 0 0 0 0 0 0 0 0 0 0 0 0 0 0 0 0 0 0 0 0 0 0 0 0 0 0 0 0 0 0 0 0 0 0 0 0 0 0 0 0 0 0 0 0 0 0 0 0 0 0 0 0 0 0 0 0 0 0 0 0 0 0 0 0 0 0 0 0 0 0 0 0 0 0 0 0 0 0 0 0 0 0 0 0 0 0 0 0 0 0 0 0 0 0 0 0 0 0 0 0 0 0 0 0 0 0 0 0 0 0 0 0 0 0 0 0 0 0 
0 0 0 0 0 0 0 0 0 0 0 0 0 0 0 0 0 0 0 0 0 0 0 0 0 0 0 0 0 0 0 0 0 0 0 0 0 0 0 0 0 0 0 0 0 0 0 0 0 0 0 0 0 0 0 0 0 0 0 0 0 0 0 0 0 0 0 0 0 0 0 0 0 0 0 0 0 0 0 0 0 0 0 0 0 0 0 0 0 0 0 0 0 0 0 0 0 0 0 0 0 0 0 0 0 0 0 0 0 0 0 0 0 0 0 0 0 0 0 0 0 0 0 0 0 0 0 0 
0 0 0 0 0 0 0 0 0 0 0 0 0 0 0 0 0 0 0 0 0 0 0 0 0 0 0 0 0 0 0 0 0 0 0 0 0 0 0 0 0 0 0 0 0 0 0 0 0 0 0 0 0 0 0 0 0 0 0 0 0 0 0 0 0 0 0 0 0 0 0 0 0 0 0 0 0 0 0 0 0 0 0 0 0 0 0 0 0 0 0 0 0 0 0 0 0 0 0 0 0 0 0 0 0 0 0 0 0 0 0 0 0 0 0 0 0 0 0 0 0 0 0 0 0 0 0 0 
0 0 0 0 0 0 0 0 0 0 0 0 0 0 0 0 0 0 0 0 0 0 0 0 0 0 0 0 0 0 0 0 0 0 0 0 0 0 0 0 0 0 0 0 0 0 0 0 0 0 0 0 0 0 0 0 0 0 0 0 0 0 0 0 0 0 0 0 0 0 0 0 0 0 0 0 0 0 0 0 0 0 0 0 0 0 0 0 0 0 0 0 0 0 0 0 0 0 0 0 0 0 0 0 0 0 0 0 0 0 0 0 0 0 0 0 0 0 0 0 0 0 0 0 0 0 0 0 
0 0 0 0 0 0 0 0 0 0 0 0 0 0 0 0 0 0 0 0 0 0 0 0 0 0 0 0 0 0 0 0 0 0 0 0 0 0 0 0 0 0 0 0 0 0 0 0 0 0 0 0 0 0 0 0 0 0 0 0 0 0 0 0 0 0 0 0 0 0 0 0 0 0 0 0 0 0 0 0 0 0 0 0 0 0 0 0 0 0 0 0 0 0 0 0 0 0 0 0 0 0 0 0 0 0 0 0 0 0 0 0 0 0 0 0 0 0 0 0 0 0 0 0 0 0 0 0 
0 0 0 0 0 0 0 0 0 0 0 0 0 0 0 0 0 0 0 0 0 0 0 0 0 0 0 0 0 0 0 0 0 0 0 0 0 0 0 0 0 0 0 0 0 0 0 0 0 0 0 0 0 0 0 0 0 0 0 0 0 0 0 0 0 0 0 0 0 0 0 0 0 0 0 0 0 0 0 0 0 0 0 0 0 0 0 0 0 0 0 0 0 0 0 0 0 0 0 0 0 0 0 0 0 0 0 0 0 0 0 0 0 0 0 0 0 0 0 0 0 0 0 0 0 0 0 0 
0 0 0 0 0 0 0 0 0 0 0 0 0 0 0 0 0 0 0 0 0 0 0 0 0 0 0 0 0 0 0 0 0 0 0 0 0 0 0 0 0 0 0 0 0 0 0 0 0 0 0 0 0 0 0 0 0 0 0 0 0 0 0 0 0 0 0 0 0 0 0 0 0 0 0 0 0 0 0 0 0 0 0 0 0 0 0 0 0 0 0 0 0 0 0 0 0 0 0 0 0 0 0 0 0 0 0 0 0 0 0 0 0 0 0 0 0 0 0 0 0 0 0 0 0 0 0 0 
0 0 0 0 0 0 0 0 0 0 0 0 0 0 0 0 0 0 0 0 0 0 0 0 0 0 0 0 0 0 0 0 0 0 0 0 0 0 0 0 0 0 0 0 0 0 0 0 0 0 0 0 0 0 0 0 0 0 0 0 0 0 0 0 0 0 0 0 0 0 0 0 0 0 0 0 0 0 0 0 0 0 0 0 0 0 0 0 0 0 0 0 0 0 0 0 0 0 0 0 0 0 0 0 0 0 0 0 0 0 0 0 0 0 0 0 0 0 0 0 0 0 0 0 0 0 0 0 
0 0 0 0 0 0 0 0 0 0 0 0 0 0 0 0 0 0 0 0 0 0 0 0 0 0 0 0 0 0 0 0 0 0 0 0 0 0 0 0 0 0 0 0 0 0 0 0 0 0 0 0 0 0 0 0 0 0 0 0 0 0 0 0 0 0 0 0 0 0 0 0 0 0 0 0 0 0 0 0 0 0 0 0 0 0 0 0 0 0 0 0 0 0 0 0 0 0 0 0 0 0 0 0 0 0 0 0 0 0 0 0 0 0 0 0 0 0 0 0 0 0 0 0 0 0 0 0 
0 0 0 0 0 0 0 0 0 0 0 0 0 0 0 0 0 0 0 0 0 0 0 0 0 0 0 0 0 0 0 0 0 0 0 0 0 0 0 0 0 0 0 0 0 0 0 0 0 0 0 0 0 0 0 0 0 0 0 0 0 0 0 0 0 0 0 0 0 0 0 0 0 0 0 0 0 0 0 0 0 0 0 0 0 0 0 0 0 0 0 0 0 0 0 0 0 0 0 0 0 0 0 0 0 0 0 0 0 0 0 0 0 0 0 0 0 0 0 0 0 0 0 0 0 0 0 0 
0 0 0 0 0 0 0 0 0 0 0 0 0 0 0 0 0 0 0 0 0 0 0 0 0 0 0 0 0 0 0 0 0 0 0 0 0 0 0 0 0 0 0 0 0 0 0 0 0 0 0 0 0 0 0 0 0 0 0 0 0 0 0 0 0 0 0 0 0 0 0 0 0 0 0 0 0 0 0 0 0 0 0 0 0 0 0 0 0 0 0 0 0 0 0 0 0 0 0 0 0 0 0 0 0 0 0 0 0 0 0 0 0 0 0 0 0 0 0 0 0 0 0 0 0 0 0 0 
0 0 0 0 0 0 0 0 0 0 0 0 0 0 0 0 0 0 0 0 0 0 0 0 0 0 0 0 0 0 0 0 0 0 0 0 0 0 0 0 0 0 0 0 0 0 0 0 0 0 0 0 0 0 0 0 0 0 0 0 0 0 0 0 0 0 0 0 0 0 0 0 0 0 0 0 0 0 0 0 0 0 0 0 0 0 0 0 0 0 0 0 0 0 0 0 0 0 0 0 0 0 0 0 0 0 0 0 0 0 0 0 0 0 0 0 0 0 0 0 0 0 0 0 0 0 0 0 
0 0 0 0 0 0 0 0 0 0 0 0 0 0 0 0 0 0 0 0 0 0 0 0 0 0 0 0 0 0 0 0 0 0 0 0 0 0 0 0 0 0 0 0 0 0 0 0 0 0 0 0 0 0 0 0 0 0 0 0 0 0 0 0 0 0 0 0 0 0 0 0 0 0 0 0 0 0 0 0 0 0 0 0 0 0 0 0 0 0 0 0 0 0 0 0 0 0 0 0 0 0 0 0 0 0 0 0 0 0 0 0 0 0 0 0 0 0 0 0 0 0 0 0 0 0 0 0 
0 0 0 0 0 0 0 0 0 0 0 0 0 0 0 0 0 0 0 0 0 0 0 0 0 0 0 0 0 0 0 0 0 0 0 0 0 0 0 0 0 0 0 0 0 0 0 0 0 0 0 0 0 0 0 0 0 0 0 0 0 0 0 0 0 0 0 0 0 0 0 0 0 0 0 0 0 0 0 0 0 0 0 0 0 0 0 0 0 0 0 0 0 0 0 0 0 0 0 0 0 0 0 0 0 0 0 0 0 0 0 0 0 0 0 0 0 0 0 0 0 0 0 0 0 0 0 0 
0 0 0 0 0 0 0 0 0 0 0 0 0 0 0 0 0 0 0 0 0 0 0 0 0 0 0 0 0 0 0 0 0 0 0 0 0 0 0 0 0 0 0 0 0 0 0 0 0 0 0 0 0 0 0 0 0 0 0 0 0 0 0 0 0 0 0 0 0 0 0 0 0 0 0 0 0 0 0 0 0 0 0 0 0 0 0 0 0 0 0 0 0 0 0 0 0 0 0 0 0 0 0 0 0 0 0 0 0 0 0 0 0 0 0 0 0 0 0 0 0 0 0 0 0 0 0 0 
0 0 0 0 0 0 0 0 0 0 0 0 0 0 0 0 0 0 0 0 0 0 0 0 0 0 0 0 0 0 0 0 0 0 0 0 0 0 0 0 0 0 0 0 0 0 0 0 0 0 0 0 0 0 0 0 0 0 0 0 0 0 0 0 0 0 0 0 0 0 0 0 0 0 0 0 0 0 0 0 0 0 0 0 0 0 0 0 0 0 0 0 0 0 0 0 0 0 0 0 0 0 0 0 0 0 0 0 0 0 0 0 0 0 0 0 0 0 0 0 0 0 0 0 0 0 0 0 
0 0 0 0 0 0 0 0 0 0 0 0 0 0 0 0 0 0 0 0 0 0 0 0 0 0 0 0 0 0 0 0 0 0 0 0 0 0 0 0 0 0 0 0 0 0 0 0 0 0 0 0 0 0 0 0 0 0 0 0 0 0 0 0 0 0 0 0 0 0 0 0 0 0 0 0 0 0 0 0 0 0 0 0 0 0 0 0 0 0 0 0 0 0 0 0 0 0 0 0 0 0 0 0 0 0 0 0 0 0 0 0 0 0 0 0 0 0 0 0 0 0 0 0 0 0 0 0 
0 0 0 0 0 0 0 0 0 0 0 0 0 0 0 0 0 0 0 0 0 0 0 0 0 0 0 0 0 0 0 0 0 0 0 0 0 0 0 0 0 0 0 0 0 0 0 0 0 0 0 0 0 0 0 0 0 0 0 0 0 0 0 0 0 0 0 0 0 0 0 0 0 0 0 0 0 0 0 0 0 0 0 0 0 0 0 0 0 0 0 0 0 0 0 0 0 0 0 0 0 0 0 0 0 0 0 0 0 0 0 0 0 0 0 0 0 0 0 0 0 0 0 0 0 0 0 0 
0 0 0 0 0 0 0 0 0 0 0 0 0 0 0 0 0 0 0 0 0 0 0 0 0 0 0 0 0 0 0 0 0 0 0 0 0 0 0 0 0 0 0 0 0 0 0 0 0 0 0 0 0 0 0 0 0 0 0 0 0 0 0 0 0 0 0 0 0 0 0 0 0 0 0 0 0 0 0 0 0 0 0 0 0 0 0 0 0 0 0 0 0 0 0 0 0 0 0 0 0 0 0 0 0 0 0 0 0 0 0 0 0 0 0 0 0 0 0 0 0 0 0 0 0 0 0 0 
0 0 0 0 0 0 0 0 0 0 0 0 0 0 0 0 0 0 0 0 0 0 0 0 0 0 0 0 0 0 0 0 0 0 0 0 0 0 0 0 0 0 0 0 0 0 0 0 0 0 0 0 0 0 0 0 0 0 0 0 0 0 0 0 0 0 0 0 0 0 0 0 0 0 0 0 0 0 0 0 0 0 0 0 0 0 0 0 0 0 0 0 0 0 0 0 0 0 0 0 0 0 0 0 0 0 0 0 0 0 0 0 0 0 0 0 0 0 0 0 0 0 0 0 0 0 0 0 
0 0 0 0 0 0 0 0 0 0 0 0 0 0 0 0 0 0 0 0 0 0 0 0 0 0 0 0 0 0 0 0 0 0 0 0 0 0 0 0 0 0 0 0 0 0 0 0 0 0 0 0 0 0 0 0 0 0 0 0 0 0 0 0 0 0 0 0 0 0 0 0 0 0 0 0 0 0 0 0 0 0 0 0 0 0 0 0 0 0 0 0 0 0 0 0 0 0 0 0 0 0 0 0 0 0 0 0 0 0 0 0 0 0 0 0 0 0 0 0 0 0 0 0 0 0 0 0 
0 0 0 0 0 0 0 0 0 0 0 0 0 0 0 0 0 0 0 0 0 0 0 0 0 0 0 0 0 0 0 0 0 0 0 0 0 0 0 0 0 0 0 0 0 0 0 0 0 0 0 0 0 0 0 0 0 0 0 0 0 0 0 0 0 0 0 0 0 0 0 0 0 0 0 0 0 0 0 0 0 0 0 0 0 0 0 0 0 0 0 0 0 0 0 0 0 0 0 0 0 0 0 0 0 0 0 0 0 0 0 0 0 0 0 0 0 0 0 0 0 0 0 0 0 0 0 0 
0 0 0 0 0 0 0 0 0 0 0 0 0 0 0 0 0 0 0 0 0 0 0 0 0 0 0 0 0 0 0 0 0 0 0 0 0 0 0 0 0 0 0 0 0 0 0 0 0 0 0 0 0 0 0 0 0 0 0 0 0 0 0 0 0 0 0 0 0 0 0 0 0 0 0 0 0 0 0 0 0 0 0 0 0 0 0 0 0 0 0 0 0 0 0 0 0 0 0 0 0 0 0 0 0 0 0 0 0 0 0 0 0 0 0 0 0 0 0 0 0 0 0 0 0 0 0 0 
0 0 0 0 0 0 0 0 0 0 0 0 0 0 0 0 0 0 0 0 0 0 0 0 0 0 0 0 0 0 0 0 0 0 0 0 0 0 0 0 0 0 0 0 0 0 0 0 0 0 0 0 0 0 0 0 0 0 0 0 0 0 0 0 0 0 0 0 0 0 0 0 0 0 0 0 0 0 0 0 0 0 0 0 0 0 0 0 0 0 0 0 0 0 0 0 0 0 0 0 0 0 0 0 0 0 0 0 0 0 0 0 0 0 0 0 0 0 0 0 0 0 0 0 0 0 0 0 
0 0 0 0 0 0 0 0 0 0 0 0 0 0 0 0 0 0 0 0 0 0 0 0 0 0 0 0 0 0 0 0 0 0 0 0 0 0 0 0 0 0 0 0 0 0 0 0 0 0 0 0 0 0 0 0 0 0 0 0 0 0 0 0 0 0 0 0 0 0 0 0 0 0 0 0 0 0 0 0 0 0 0 0 0 0 0 0 0 0 0 0 0 0 0 0 0 0 0 0 0 0 0 0 0 0 0 0 0 0 0 0 0 0 0 0 0 0 0 0 0 0 0 0 0 0 0 0 
0 0 0 0 0 0 0 0 0 0 0 0 0 0 0 0 0 0 0 0 0 0 0 0 0 0 0 0 0 0 0 0 0 0 0 0 0 0 0 0 0 0 0 0 0 0 0 0 0 0 0 0 0 0 0 0 0 0 0 0 0 0 0 0 0 0 0 0 0 0 0 0 0 0 0 0 0 0 0 0 0 0 0 0 0 0 0 0 0 0 0 0 0 0 0 0 0 0 0 0 0 0 0 0 0 0 0 0 0 0 0 0 0 0 0 0 0 0 0 0 0 0 0 0 0 0 0 0 
0 0 0 0 0 0 0 0 0 0 0 0 0 0 0 0 0 0 0 0 0 0 0 0 0 0 0 0 0 0 0 0 0 0 0 0 0 0 0 0 0 0 0 0 0 0 0 0 0 0 0 0 0 0 0 0 0 0 0 0 0 0 0 0 0 0 0 0 0 0 0 0 0 0 0 0 0 0 0 0 0 0 0 0 0 0 0 0 0 0 0 0 0 0 0 0 0 0 0 0 0 0 0 0 0 0 0 0 0 0 0 0 0 0 0 0 0 0 0 0 0 0 0 0 0 0 0 0 
0 0 0 0 0 0 0 0 0 0 0 0 0 0 0 0 0 0 0 0 0 0 0 0 0 0 0 0 0 0 0 0 0 0 0 0 0 0 0 0 0 0 0 0 0 0 0 0 0 0 0 0 0 0 0 0 0 0 0 0 0 0 0 0 0 0 0 0 0 0 0 0 0 0 0 0 0 0 0 0 0 0 0 0 0 0 0 0 0 0 0 0 0 0 0 0 0 0 0 0 0 0 0 0 0 0 0 0 0 0 0 0 0 0 0 0 0 0 0 0 0 0 0 0 0 0 0 0 
0 0 0 0 0 0 0 0 0 0 0 0 0 0 0 0 0 0 0 0 0 0 0 0 0 0 0 0 0 0 0 0 0 0 0 0 0 0 0 0 0 0 0 0 0 0 0 0 0 0 0 0 0 0 0 0 0 0 0 0 0 0 0 0 0 0 0 0 0 0 0 0 0 0 0 0 0 0 0 0 0 0 0 0 0 0 0 0 0 0 0 0 0 0 0 0 0 0 0 0 0 0 0 0 0 0 0 0 0 0 0 0 0 0 0 0 0 0 0 0 0 0 0 0 0 0 0 0 
0 0 0 0 0 0 0 0 0 0 0 0 0 0 0 0 0 0 0 0 0 0 0 0 0 0 0 0 0 0 0 0 0 0 0 0 0 0 0 0 0 0 0 0 0 0 0 0 0 0 0 0 0 0 0 0 0 0 0 0 0 0 0 0 0 0 0 0 0 0 0 0 0 0 0 0 0 0 0 0 0 0 0 0 0 0 0 0 0 0 0 0 0 0 0 0 0 0 0 0 0 0 0 0 0 0 0 0 0 0 0 0 0 0 0 0 0 0 0 0 0 0 0 0 0 0 0 0 
0 0 0 0 0 0 0 0 0 0 0 0 0 0 0 0 0 0 0 0 0 0 0 0 0 0 0 0 0 0 0 0 0 0 0 0 0 0 0 0 0 0 0 0 0 0 0 0 0 0 0 0 0 0 0 0 0 0 0 0 0 0 0 0 0 0 0 0 0 0 0 0 0 0 0 0 0 0 0 0 0 0 0 0 0 0 0 0 0 0 0 0 0 0 0 0 0 0 0 0 0 0 0 0 0 0 0 0 0 0 0 0 0 0 0 0 0 0 0 0 0 0 0 0 0 0 0 0 
0 0 0 0 0 0 0 0 0 0 0 0 0 0 0 0 0 0 0 0 0 0 0 0 0 0 0 0 0 0 0 0 0 0 0 0 0 0 0 0 0 0 0 0 0 0 0 0 0 0 0 0 0 0 0 0 0 0 0 0 0 0 0 0 0 0 0 0 0 0 0 0 0 0 0 0 0 0 0 0 0 0 0 0 0 0 0 0 0 0 0 0 0 0 0 0 0 0 0 0 0 0 0 0 0 0 0 0 0 0 0 0 0 0 0 0 0 0 0 0 0 0 0 0 0 0 0 0 
0 0 0 0 0 0 0 0 0 0 0 0 0 0 0 0 0 0 0 0 0 0 0 0 0 0 0 0 0 0 0 0 0 0 0 0 0 0 0 0 0 0 0 0 0 0 0 0 0 0 0 0 0 0 0 0 0 0 0 0 0 0 0 0 0 0 0 0 0 0 0 0 0 0 0 0 0 0 0 0 0 0 0 0 0 0 0 0 0 0 0 0 0 0 0 0 0 0 0 0 0 0 0 0 0 0 0 0 0 0 0 0 0 0 0 0 0 0 0 0 0 0 0 0 0 0 0 0 
0 0 0 0 0 0 0 0 0 0 0 0 0 0 0 0 0 0 0 0 0 0 0 0 0 0 0 0 0 0 0 0 0 0 0 0 0 0 0 0 0 0 0 0 0 0 0 0 0 0 0 0 0 0 0 0 0 0 0 0 0 0 0 0 0 0 0 0 0 0 0 0 0 0 0 0 0 0 0 0 0 0 0 0 0 0 0 0 0 0 0 0 0 0 0 0 0 0 0 0 0 0 0 0 0 0 0 0 0 0 0 0 0 0 0 0 0 0 0 0 0 0 0 0 0 0 0 0 
0 0 0 0 0 0 0 0 0 0 0 0 0 0 0 0 0 0 0 0 0 0 0 0 0 0 0 0 0 0 0 0 0 0 0 0 0 0 0 0 0 0 0 0 0 0 0 0 0 0 0 0 0 0 0 0 0 0 0 0 0 0 0 0 0 0 0 0 0 0 0 0 0 0 0 0 0 0 0 0 0 0 0 0 0 0 0 0 0 0 0 0 0 0 0 0 0 0 0 0 0 0 0 0 0 0 0 0 0 0 0 0 0 0 0 0 0 0 0 0 0 0 0 0 0 0 0 0 
0 0 0 0 0 0 0 0 0 0 0 0 0 0 0 0 0 0 0 0 0 0 0 0 0 0 0 0 0 0 0 0 0 0 0 0 0 0 0 0 0 0 0 0 0 0 0 0 0 0 0 0 0 0 0 0 0 0 0 0 0 0 0 0 0 0 0 0 0 0 0 0 0 0 0 0 0 0 0 0 0 0 0 0 0 0 0 0 0 0 0 0 0 0 0 0 0 0 0 0 0 0 0 0 0 0 0 0 0 0 0 0 0 0 0 0 0 0 0 0 0 0 0 0 0 0 0 0 
0 0 0 0 0 0 0 0 0 0 0 0 0 0 0 0 0 0 0 0 0 0 0 0 0 0 0 0 0 0 0 0 0 0 0 0 0 0 0 0 0 0 0 0 0 0 0 0 0 0 0 0 0 0 0 0 0 0 0 0 0 0 0 0 0 0 0 0 0 0 0 0 0 0 0 0 0 0 0 0 0 0 0 0 0 0 0 0 0 0 0 0 0 0 0 0 0 0 0 0 0 0 0 0 0 0 0 0 0 0 0 0 0 0 0 0 0 0 0 0 0 0 0 0 0 0 0 0 
0 0 0 0 0 0 0 0 0 0 0 0 0 0 0 0 0 0 0 0 0 0 0 0 0 0 0 0 0 0 0 0 0 0 0 0 0 0 0 0 0 0 0 0 0 0 0 0 0 0 0 0 0 0 0 0 0 0 0 0 0 0 0 0 0 0 0 0 0 0 0 0 0 0 0 0 0 0 0 0 0 0 0 0 0 0 0 0 0 0 0 0 0 0 0 0 0 0 0 0 0 0 0 0 0 0 0 0 0 0 0 0 0 0 0 0 0 0 0 0 0 0 0 0 0 0 0 0 
0 0 0 0 0 0 0 0 0 0 0 0 0 0 0 0 0 0 0 0 0 0 0 0 0 0 0 0 0 0 0 0 0 0 0 0 0 0 0 0 0 0 0 0 0 0 0 0 0 0 0 0 0 0 0 0 0 0 0 0 0 0 0 0 0 0 0 0 0 0 0 0 0 0 0 0 0 0 0 0 0 0 0 0 0 0 0 0 0 0 0 0 0 0 0 0 0 0 0 0 0 0 0 0 0 0 0 0 0 0 0 0 0 0 0 0 0 0 0 0 0 0 0 0 0 0 0 0 
0 0 0 0 0 0 0 0 0 0 0 0 0 0 0 0 0 0 0 0 0 0 0 0 0 0 0 0 0 0 0 0 0 0 0 0 0 0 0 0 0 0 0 0 0 0 0 0 0 0 0 0 0 0 0 0 0 0 0 0 0 0 0 0 0 0 0 0 0 0 0 0 0 0 0 0 0 0 0 0 0 0 0 0 0 0 0 0 0 0 0 0 0 0 0 0 0 0 0 0 0 0 0 0 0 0 0 0 0 0 0 0 0 0 0 0 0 0 0 0 0 0 0 0 0 0 0 0 
0 0 0 0 0 0 0 0 0 0 0 0 0 0 0 0 0 0 0 0 0 0 0 0 0 0 0 0 0 0 0 0 0 0 0 0 0 0 0 0 0 0 0 0 0 0 0 0 0 0 0 0 0 0 0 0 0 0 0 0 0 0 0 0 0 0 0 0 0 0 0 0 0 0 0 0 0 0 0 0 0 0 0 0 0 0 0 0 0 0 0 0 0 0 0 0 0 0 0 0 0 0 0 0 0 0 0 0 0 0 0 0 0 0 0 0 0 0 0 0 0 0 0 0 0 0 0 0 
0 0 0 0 0 0 0 0 0 0 0 0 0 0 0 0 0 0 0 0 0 0 0 0 0 0 0 0 0 0 0 0 0 0 0 0 0 0 0 0 0 0 0 0 0 0 0 0 0 0 0 0 0 0 0 0 0 0 0 0 0 0 0 0 0 0 0 0 0 0 0 0 0 0 0 0 0 0 0 0 0 0 0 0 0 0 0 0 0 0 0 0 0 0 0 0 0 0 0 0 0 0 0 0 0 0 0 0 0 0 0 0 0 0 0 0 0 0 0 0 0 0 0 0 0 0 0 0 
0 0 0 0 0 0 0 0 0 0 0 0 0 0 0 0 0 0 0 0 0 0 0 0 0 0 0 0 0 0 0 0 0 0 0 0 0 0 0 0 0 0 0 0 0 0 0 0 0 0 0 0 0 0 0 0 0 0 0 0 0 0 0 0 0 0 0 0 0 0 0 0 0 0 0 0 0 0 0 0 0 0 0 0 0 0 0 0 0 0 0 0 0 0 0 0 0 0 0 0 0 0 0 0 0 0 0 0 0 0 0 0 0 0 0 0 0 0 0 0 0 0 0 0 0 0 0 0 
0 0 0 0 0 0 0 0 0 0 0 0 0 0 0 0 0 0 0 0 0 0 0 0 0 0 0 0 0 0 0 0 0 0 0 0 0 0 0 0 0 0 0 0 0 0 0 0 0 0 0 0 0 0 0 0 0 0 0 0 0 0 0 0 0 0 0 0 0 0 0 0 0 0 0 0 0 0 0 0 0 0 0 0 0 0 0 0 0 0 0 0 0 0 0 0 0 0 0 0 0 0 0 0 0 0 0 0 0 0 0 0 0 0 0 0 0 0 0 0 0 0 0 0 0 0 0 0 
0 0 0 0 0 0 0 0 0 0 0 0 0 0 0 0 0 0 0 0 0 0 0 0 0 0 0 0 0 0 0 0 0 0 0 0 0 0 0 0 0 0 0 0 0 0 0 0 0 0 0 0 0 0 0 0 0 0 0 0 0 0 0 0 0 0 0 0 0 0 0 0 0 0 0 0 0 0 0 0 0 0 0 0 0 0 0 0 0 0 0 0 0 0 0 0 0 0 0 0 0 0 0 0 0 0 0 0 0 0 0 0 0 0 0 0 0 0 0 0 0 0 0 0 0 0 0 0 
0 0 0 0 0 0 0 0 0 0 0 0 0 0 0 0 0 0 0 0 0 0 0 0 0 0 0 0 0 0 0 0 0 0 0 0 0 0 0 0 0 0 0 0 0 0 0 0 0 0 0 0 0 0 0 0 0 0 0 0 0 0 0 0 0 0 0 0 0 0 0 0 0 0 0 0 0 0 0 0 0 0 0 0 0 0 0 0 0 0 0 0 0 0 0 0 0 0 0 0 0 0 0 0 0 0 0 0 0 0 0 0 0 0 0 0 0 0 0 0 0 0 0 0 0 0 0 0 
0 0 0 0 0 0 0 0 0 0 0 0 0 0 0 0 0 0 0 0 0 0 0 0 0 0 0 0 0 0 0 0 0 0 0 0 0 0 0 0 0 0 0 0 0 0 0 0 0 0 0 0 0 0 0 0 0 0 0 0 0 0 0 0 0 0 0 0 0 0 0 0 0 0 0 0 0 0 0 0 0 0 0 0 0 0 0 0 0 0 0 0 0 0 0 0 0 0 0 0 0 0 0 0 0 0 0 0 0 0 0 0 0 0 0 0 0 0 0 0 0 0 0 0 0 0 0 0 
0 0 0 0 0 0 0 0 0 0 0 0 0 0 0 0 0 0 0 0 0 0 0 0 0 0 0 0 0 0 0 0 0 0 0 0 0 0 0 0 0 0 0 0 0 0 0 0 0 0 0 0 0 0 0 0 0 0 0 0 0 0 0 0 0 0 0 0 0 0 0 0 0 0 0 0 0 0 0 0 0 0 0 0 0 0 0 0 0 0 0 0 0 0 0 0 0 0 0 0 0 0 0 0 0 0 0 0 0 0 0 0 0 0 0 0 0 0 0 0 0 0 0 0 0 0 0 0 
0 0 0 0 0 0 0 0 0 0 0 0 0 0 0 0 0 0 0 0 0 0 0 0 0 0 0 0 0 0 0 0 0 0 0 0 0 0 0 0 0 0 0 0 0 0 0 0 0 0 0 0 0 0 0 0 0 0 0 0 0 0 0 0 0 0 0 0 0 0 0 0 0 0 0 0 0 0 0 0 0 0 0 0 0 0 0 0 0 0 0 0 0 0 0 0 0 0 0 0 0 0 0 0 0 0 0 0 0 0 0 0 0 0 0 0 0 0 0 0 0 0 0 0 0 0 0 0 
0 0 0 0 0 0 0 0 0 0 0 0 0 0 0 0 0 0 0 0 0 0 0 0 0 0 0 0 0 0 0 0 0 0 0 0 0 0 0 0 0 0 0 0 0 0 0 0 0 0 0 0 0 0 0 0 0 0 0 0 0 0 0 0 0 0 0 0 0 0 0 0 0 0 0 0 0 0 0 0 0 0 0 0 0 0 0 0 0 0 0 0 0 0 0 0 0 0 0 0 0 0 0 0 0 0 0 0 0 0 0 0 0 0 0 0 0 0 0 0 0 0 0 0 0 0 0 0 
0 0 0 0 0 0 0 0 0 0 0 0 0 0 0 0 0 0 0 0 0 0 0 0 0 0 0 0 0 0 0 0 0 0 0 0 0 0 0 0 0 0 0 0 0 0 0 0 0 0 0 0 0 0 0 0 0 0 0 0 0 0 0 0 0 0 0 0 0 0 0 0 0 0 0 0 0 0 0 0 0 0 0 0 0 0 0 0 0 0 0 0 0 0 0 0 0 0 0 0 0 0 0 0 0 0 0 0 0 0 0 0 0 0 0 0 0 0 0 0 0 0 0 0 0 0 0 0 
0 0 0 0 0 0 0 0 0 0 0 0 0 0 0 0 0 0 0 0 0 0 0 0 0 0 0 0 0 0 0 0 0 0 0 0 0 0 0 0 0 0 0 0 0 0 0 0 0 0 0 0 0 0 0 0 0 0 0 0 0 0 0 0 0 0 0 0 0 0 0 0 0 0 0 0 0 0 0 0 0 0 0 0 0 0 0 0 0 0 0 0 0 0 0 0 0 0 0 0 0 0 0 0 0 0 0 0 0 0 0 0 0 0 0 0 0 0 0 0 0 0 0 0 0 0 0 0 
0 0 0 0 0 0 0 0 0 0 0 0 0 0 0 0 0 0 0 0 0 0 0 0 0 0 0 0 0 0 0 0 0 0 0 0 0 0 0 0 0 0 0 0 0 0 0 0 0 0 0 0 0 0 0 0 0 0 0 0 0 0 0 0 0 0 0 0 0 0 0 0 0 0 0 0 0 0 0 0 0 0 0 0 0 0 0 0 0 0 0 0 0 0 0 0 0 0 0 0 0 0 0 0 0 0 0 0 0 0 0 0 0 0 0 0 0 0 0 0 0 0 0 0 0 0 0 0 
0 0 0 0 0 0 0 0 0 0 0 0 0 0 0 0 0 0 0 0 0 0 0 0 0 0 0 0 0 0 0 0 0 0 0 0 0 0 0 0 0 0 0 0 0 0 0 0 0 0 0 0 0 0 0 0 0 0 0 0 0 0 0 0 0 0 0 0 0 0 0 0 0 0 0 0 0 0 0 0 0 0 0 0 0 0 0 0 0 0 0 0 0 0 0 0 0 0 0 0 0 0 0 0 0 0 0 0 0 0 0 0 0 0 0 0 0 0 0 0 0 0 0 0 0 0 0 0 
0 0 0 0 0 0 0 0 0 0 0 0 0 0 0 0 0 0 0 0 0 0 0 0 0 0 0 0 0 0 0 0 0 0 0 0 0 0 0 0 0 0 0 0 0 0 0 0 0 0 0 0 0 0 0 0 0 0 0 0 0 0 0 0 0 0 0 0 0 0 0 0 0 0 0 0 0 0 0 0 0 0 0 0 0 0 0 0 0 0 0 0 0 0 0 0 0 0 0 0 0 0 0 0 0 0 0 0 0 0 0 0 0 0 0 0 0 0 0 0 0 0 0 0 0 0 0 0 
0 0 0 0 0 0 0 0 0 0 0 0 0 0 0 0 0 0 0 0 0 0 0 0 0 0 0 0 0 0 0 0 0 0 0 0 0 0 0 0 0 0 0 0 0 0 0 0 0 0 0 0 0 0 0 0 0 0 0 0 0 0 0 0 0 0 0 0 0 0 0 0 0 0 0 0 0 0 0 0 0 0 0 0 0 0 0 0 0 0 0 0 0 0 0 0 0 0 0 0 0 0 0 0 0 0 0 0 0 0 0 0 0 0 0 0 0 0 0 0 0 0 0 0 0 0 0 0 
0 0 0 0 0 0 0 0 0 0 0 0 0 0 0 0 0 0 0 0 0 0 0 0 0 0 0 0 0 0 0 0 0 0 0 0 0 0 0 0 0 0 0 0 0 0 0 0 0 0 0 0 0 0 0 0 0 0 0 0 0 0 0 0 0 0 0 0 0 0 0 0 0 0 0 0 0 0 0 0 0 0 0 0 0 0 0 0 0 0 0 0 0 0 0 0 0 0 0 0 0 0 0 0 0 0 0 0 0 0 0 0 0 0 0 0 0 0 0 0 0 0 0 0 0 0 0 0 
0 0 0 0 0 0 0 0 0 0 0 0 0 0 0 0 0 0 0 0 0 0 0 0 0 0 0 0 0 0 0 0 0 0 0 0 0 0 0 0 0 0 0 0 0 0 0 0 0 0 0 0 0 0 0 0 0 0 0 0 0 0 0 0 0 0 0 0 0 0 0 0 0 0 0 0 0 0 0 0 0 0 0 0 0 0 0 0 0 0 0 0 0 0 0 0 0 0 0 0 0 0 0 0 0 0 0 0 0 0 0 0 0 0 0 0 0 0 0 0 0 0 0 0 0 0 0 0 
0 0 0 0 0 0 0 0 0 0 0 0 0 0 0 0 0 0 0 0 0 0 0 0 0 0 0 0 0 0 0 0 0 0 0 0 0 0 0 0 0 0 0 0 0 0 0 0 0 0 0 0 0 0 0 0 0 0 0 0 0 0 0 0 0 0 0 0 0 0 0 0 0 0 0 0 0 0 0 0 0 0 0 0 0 0 0 0 0 0 0 0 0 0 0 0 0 0 0 0 0 0 0 0 0 0 0 0 0 0 0 0 0 0 0 0 0 0 0 0 0 0 0 0 0 0 0 0 
0 0 0 0 0 0 0 0 0 0 0 0 0 0 0 0 0 0 0 0 0 0 0 0 0 0 0 0 0 0 0 0 0 0 0 0 0 0 0 0 0 0 0 0 0 0 0 0 0 0 0 0 0 0 0 0 0 0 0 0 0 0 0 0 0 0 0 0 0 0 0 0 0 0 0 0 0 0 0 0 0 0 0 0 0 0 0 0 0 0 0 0 0 0 0 0 0 0 0 0 0 0 0 0 0 0 0 0 0 0 0 0 0 0 0 0 0 0 0 0 0 0 0 0 0 0 0 0 
0 0 0 0 0 0 0 0 0 0 0 0 0 0 0 0 0 0 0 0 0 0 0 0 0 0 0 0 0 0 0 0 0 0 0 0 0 0 0 0 0 0 0 0 0 0 0 0 0 0 0 0 0 0 0 0 0 0 0 0 0 0 0 0 0 0 0 0 0 0 0 0 0 0 0 0 0 0 0 0 0 0 0 0 0 0 0 0 0 0 0 0 0 0 0 0 0 0 0 0 0 0 0 0 0 0 0 0 0 0 0 0 0 0 0 0 0 0 0 0 0 0 0 0 0 0 0 0 
0 0 0 0 0 0 0 0 0 0 0 0 0 0 0 0 0 0 0 0 0 0 0 0 0 0 0 0 0 0 0 0 0 0 0 0 0 0 0 0 0 0 0 0 0 0 0 0 0 0 0 0 0 0 0 0 0 0 0 0 0 0 0 0 0 0 0 0 0 0 0 0 0 0 0 0 0 0 0 0 0 0 0 0 0 0 0 0 0 0 0 0 0 0 0 0 0 0 0 0 0 0 0 0 0 0 0 0 0 0 0 0 0 0 0 0 0 0 0 0 0 0 0 0 0 0 0 0 
0 0 0 0 0 0 0 0 0 0 0 0 0 0 0 0 0 0 0 0 0 0 0 0 0 0 0 0 0 0 0 0 0 0 0 0 0 0 0 0 0 0 0 0 0 0 0 0 0 0 0 0 0 0 0 0 0 0 0 0 0 0 0 0 0 0 0 0 0 0 0 0 0 0 0 0 0 0 0 0 0 0 0 0 0 0 0 0 0 0 0 0 0 0 0 0 0 0 0 0 0 0 0 0 0 0 0 0 0 0 0 0 0 0 0 0 0 0 0 0 0 0 0 0 0 0 0 0 
0 0 0 0 0 0 0 0 0 0 0 0 0 0 0 0 0 0 0 0 0 0 0 0 0 0 0 0 0 0 0 0 0 0 0 0 0 0 0 0 0 0 0 0 0 0 0 0 0 0 0 0 0 0 0 0 0 0 0 0 0 0 0 0 0 0 0 0 0 0 0 0 0 0 0 0 0 0 0 0 0 0 0 0 0 0 0 0 0 0 0 0 0 0 0 0 0 0 0 0 0 0 0 0 0 0 0 0 0 0 0 0 0 0 0 0 0 0 0 0 0 0 0 0 0 0 0 0 
0 0 0 0 0 0 0 0 0 0 0 0 0 0 0 0 0 0 0 0 0 0 0 0 0 0 0 0 0 0 0 0 0 0 0 0 0 0 0 0 0 0 0 0 0 0 0 0 0 0 0 0 0 0 0 0 0 0 0 0 0 0 0 0 0 0 0 0 0 0 0 0 0 0 0 0 0 0 0 0 0 0 0 0 0 0 0 0 0 0 0 0 0 0 0 0 0 0 0 0 0 0 0 0 0 0 0 0 0 0 0 0 0 0 0 0 0 0 0 0 0 0 0 0 0 0 0 0 
0 0 0 0 0 0 0 0 0 0 0 0 0 0 0 0 0 0 0 0 0 0 0 0 0 0 0 0 0 0 0 0 0 0 0 0 0 0 0 0 0 0 0 0 0 0 0 0 0 0 0 0 0 0 0 0 0 0 0 0 0 0 0 0 0 0 0 0 0 0 0 0 0 0 0 0 0 0 0 0 0 0 0 0 0 0 0 0 0 0 0 0 0 0 0 0 0 0 0 0 0 0 0 0 0 0 0 0 0 0 0 0 0 0 0 0 0 0 0 0 0 0 0 0 0 0 0 0 
0 0 0 0 0 0 0 0 0 0 0 0 0 0 0 0 0 0 0 0 0 0 0 0 0 0 0 0 0 0 0 0 0 0 0 0 0 0 0 0 0 0 0 0 0 0 0 0 0 0 0 0 0 0 0 0 0 0 0 0 0 0 0 0 0 0 0 0 0 0 0 0 0 0 0 0 0 0 0 0 0 0 0 0 0 0 0 0 0 0 0 0 0 0 0 0 0 0 0 0 0 0 0 0 0 0 0 0 0 0 0 0 0 0 0 0 0 0 0 0 0 0 0 0 0 0 0 0 
0 0 0 0 0 0 0 0 0 0 0 0 0 0 0 0 0 0 0 0 0 0 0 0 0 0 0 0 0 0 0 0 0 0 0 0 0 0 0 0 0 0 0 0 0 0 0 0 0 0 0 0 0 0 0 0 0 0 0 0 0 0 0 0 0 0 0 0 0 0 0 0 0 0 0 0 0 0 0 0 0 0 0 0 0 0 0 0 0 0 0 0 0 0 0 0 0 0 0 0 0 0 0 0 0 0 0 0 0 0 0 0 0 0 0 0 0 0 0 0 0 0 0 0 0 0 0 0 
0 0 0 0 0 0 0 0 0 0 0 0 0 0 0 0 0 0 0 0 0 0 0 0 0 0 0 0 0 0 0 0 0 0 0 0 0 0 0 0 0 0 0 0 0 0 0 0 0 0 0 0 0 0 0 0 0 0 0 0 0 0 0 0 0 0 0 0 0 0 0 0 0 0 0 0 0 0 0 0 0 0 0 0 0 0 0 0 0 0 0 0 0 0 0 0 0 0 0 0 0 0 0 0 0 0 0 0 0 0 0 0 0 0 0 0 0 0 0 0 0 0 0 0 0 0 0 0 
0 0 0 0 0 0 0 0 0 0 0 0 0 0 0 0 0 0 0 0 0 0 0 0 0 0 0 0 0 0 0 0 0 0 0 0 0 0 0 0 0 0 0 0 0 0 0 0 0 0 0 0 0 0 0 0 0 0 0 0 0 0 0 0 0 0 0 0 0 0 0 0 0 0 0 0 0 0 0 0 0 0 0 0 0 0 0 0 0 0 0 0 0 0 0 0 0 0 0 0 0 0 0 0 0 0 0 0 0 0 0 0 0 0 0 0 0 0 0 0 0 0 0 0 0 0 0 0 
0 0 0 0 0 0 0 0 0 0 0 0 0 0 0 0 0 0 0 0 0 0 0 0 0 0 0 0 0 0 0 0 0 0 0 0 0 0 0 0 0 0 0 0 0 0 0 0 0 0 0 0 0 0 0 0 0 0 0 0 0 0 0 0 0 0 0 0 0 0 0 0 0 0 0 0 0 0 0 0 0 0 0 0 0 0 0 0 0 0 0 0 0 0 0 0 0 0 0 0 0 0 0 0 0 0 0 0 0 0 0 0 0 0 0 0 0 0 0 0 0 0 0 0 0 0 0 0 
0 0 0 0 0 0 0 0 0 0 0 0 0 0 0 0 0 0 0 0 0 0 0 0 0 0 0 0 0 0 0 0 0 0 0 0 0 0 0 0 0 0 0 0 0 0 0 0 0 0 0 0 0 0 0 0 0 0 0 0 0 0 0 0 0 0 0 0 0 0 0 0 0 0 0 0 0 0 0 0 0 0 0 0 0 0 0 0 0 0 0 0 0 0 0 0 0 0 0 0 0 0 0 0 0 0 0 0 0 0 0 0 0 0 0 0 0 0 0 0 0 0 0 0 0 0 0 0 
0 0 0 0 0 0 0 0 0 0 0 0 0 0 0 0 0 0 0 0 0 0 0 0 0 0 0 0 0 0 0 0 0 0 0 0 0 0 0 0 0 0 0 0 0 0 0 0 0 0 0 0 0 0 0 0 0 0 0 0 0 0 0 0 0 0 0 0 0 0 0 0 0 0 0 0 0 0 0 0 0 0 0 0 0 0 0 0 0 0 0 0 0 0 0 0 0 0 0 0 0 0 0 0 0 0 0 0 0 0 0 0 0 0 0 0 0 0 0 0 0 0 0 0 0 0 0 0 
0 0 0 0 0 0 0 0 0 0 0 0 0 0 0 0 0 0 0 0 0 0 0 0 0 0 0 0 0 0 0 0 0 0 0 0 0 0 0 0 0 0 0 0 0 0 0 0 0 0 0 0 0 0 0 0 0 0 0 0 0 0 0 0 0 0 0 0 0 0 0 0 0 0 0 0 0 0 0 0 0 0 0 0 0 0 0 0 0 0 0 0 0 0 0 0 0 0 0 0 0 0 0 0 0 0 0 0 0 0 0 0 0 0 0 0 0 0 0 0 0 0 0 0 0 0 0 0 
0 0 0 0 0 0 0 0 0 0 0 0 0 0 0 0 0 0 0 0 0 0 0 0 0 0 0 0 0 0 0 0 0 0 0 0 0 0 0 0 0 0 0 0 0 0 0 0 0 0 0 0 0 0 0 0 0 0 0 0 0 0 0 0 0 0 0 0 0 0 0 0 0 0 0 0 0 0 0 0 0 0 0 0 0 0 0 0 0 0 0 0 0 0 0 0 0 0 0 0 0 0 0 0 0 0 0 0 0 0 0 0 0 0 0 0 0 0 0 0 0 0 0 0 0 0 0 0 
0 0 0 0 0 0 0 0 0 0 0 0 0 0 0 0 0 0 0 0 0 0 0 0 0 0 0 0 0 0 0 0 0 0 0 0 0 0 0 0 0 0 0 0 0 0 0 0 0 0 0 0 0 0 0 0 0 0 0 0 0 0 0 0 0 0 0 0 0 0 0 0 0 0 0 0 0 0 0 0 0 0 0 0 0 0 0 0 0 0 0 0 0 0 0 0 0 0 0 0 0 0 0 0 0 0 0 0 0 0 0 0 0 0 0 0 0 0 0 0 0 0 0 0 0 0 0 0 
0 0 0 0 0 0 0 0 0 0 0 0 0 0 0 0 0 0 0 0 0 0 0 0 0 0 0 0 0 0 0 0 0 0 0 0 0 0 0 0 0 0 0 0 0 0 0 0 0 0 0 0 0 0 0 0 0 0 0 0 0 0 0 0 0 0 0 0 0 0 0 0 0 0 0 0 0 0 0 0 0 0 0 0 0 0 0 0 0 0 0 0 0 0 0 0 0 0 0 0 0 0 0 0 0 0 0 0 0 0 0 0 0 0 0 0 0 0 0 0 0 0 0 0 0 0 0 0 
0 0 0 0 0 0 0 0 0 0 0 0 0 0 0 0 0 0 0 0 0 0 0 0 0 0 0 0 0 0 0 0 0 0 0 0 0 0 0 0 0 0 0 0 0 0 0 0 0 0 0 0 0 0 0 0 0 0 0 0 0 0 0 0 0 0 0 0 0 0 0 0 0 0 0 0 0 0 0 0 0 0 0 0 0 0 0 0 0 0 0 0 0 0 0 0 0 0 0 0 0 0 0 0 0 0 0 0 0 0 0 0 0 0 0 0 0 0 0 0 0 0 0 0 0 0 0 0 
0 0 0 0 0 0 0 0 0 0 0 0 0 0 0 0 0 0 0 0 0 0 0 0 0 0 0 0 0 0 0 0 0 0 0 0 0 0 0 0 0 0 0 0 0 0 0 0 0 0 0 0 0 0 0 0 0 0 0 0 0 0 0 0 0 0 0 0 0 0 0 0 0 0 0 0 0 0 0 0 0 0 0 0 0 0 0 0 0 0 0 0 0 0 0 0 0 0 0 0 0 0 0 0 0 0 0 0 0 0 0 0 0 0 0 0 0 0 0 0 0 0 0 0 0 0 0 0 
0 0 0 0 0 0 0 0 0 0 0 0 0 0 0 0 0 0 0 0 0 0 0 0 0 0 0 0 0 0 0 0 0 0 0 0 0 0 0 0 0 0 0 0 0 0 0 0 0 0 0 0 0 0 0 0 0 0 0 0 0 0 0 0 0 0 0 0 0 0 0 0 0 0 0 0 0 0 0 0 0 0 0 0 0 0 0 0 0 0 0 0 0 0 0 0 0 0 0 0 0 0 0 0 0 0 0 0 0 0 0 0 0 0 0 0 0 0 0 0 0 0 0 0 0 0 0 0 
0 0 0 0 0 0 0 0 0 0 0 0 0 0 0 0 0 0 0 0 0 0 0 0 0 0 0 0 0 0 0 0 0 0 0 0 0 0 0 0 0 0 0 0 0 0 0 0 0 0 0 0 0 0 0 0 0 0 0 0 0 0 0 0 0 0 0 0 0 0 0 0 0 0 0 0 0 0 0 0 0 0 0 0 0 0 0 0 0 0 0 0 0 0 0 0 0 0 0 0 0 0 0 0 0 0 0 0 0 0 0 0 0 0 0 0 0 0 0 0 0 0 0 0 0 0 0 0 
0 0 0 0 0 0 0 0 0 0 0 0 0 0 0 0 0 0 0 0 0 0 0 0 0 0 0 0 0 0 0 0 0 0 0 0 0 0 0 0 0 0 0 0 0 0 0 0 0 0 0 0 0 0 0 0 0 0 0 0 0 0 0 0 0 0 0 0 0 0 0 0 0 0 0 0 0 0 0 0 0 0 0 0 0 0 0 0 0 0 0 0 0 0 0 0 0 0 0 0 0 0 0 0 0 0 0 0 0 0 0 0 0 0 0 0 0 0 0 0 0 0 0 0 0 0 0 0 
0 0 0 0 0 0 0 0 0 0 0 0 0 0 0 0 0 0 0 0 0 0 0 0 0 0 0 0 0 0 0 0 0 0 0 0 0 0 0 0 0 0 0 0 0 0 0 0 0 0 0 0 0 0 0 0 0 0 0 0 0 0 0 0 0 0 0 0 0 0 0 0 0 0 0 0 0 0 0 0 0 0 0 0 0 0 0 0 0 0 0 0 0 0 0 0 0 0 0 0 0 0 0 0 0 0 0 0 0 0 0 0 0 0 0 0 0 0 0 0 0 0 0 0 0 0 0 0 
0 0 0 0 0 0 0 0 0 0 0 0 0 0 0 0 0 0 0 0 0 0 0 0 0 0 0 0 0 0 0 0 0 0 0 0 0 0 0 0 0 0 0 0 0 0 0 0 0 0 0 0 0 0 0 0 0 0 0 0 0 0 0 0 0 0 0 0 0 0 0 0 0 0 0 0 0 0 0 0 0 0 0 0 0 0 0 0 0 0 0 0 0 0 0 0 0 0 0 0 0 0 0 0 0 0 0 0 0 0 0 0 0 0 0 0 0 0 0 0 0 0 0 0 0 0 0 0 
0 0 0 0 0 0 0 0 0 0 0 0 0 0 0 0 0 0 0 0 0 0 0 0 0 0 0 0 0 0 0 0 0 0 0 0 0 0 0 0 0 0 0 0 0 0 0 0 0 0 0 0 0 0 0 0 0 0 0 0 0 0 0 0 0 0 0 0 0 0 0 0 0 0 0 0 0 0 0 0 0 0 0 0 0 0 0 0 0 0 0 0 0 0 0 0 0 0 0 0 0 0 0 0 0 0 0 0 0 0 0 0 0 0 0 0 0 0 0 0 0 0 0 0 0 0 0 0 
0 0 0 0 0 0 0 0 0 0 0 0 0 0 0 0 0 0 0 0 0 0 0 0 0 0 0 0 0 0 0 0 0 0 0 0 0 0 0 0 0 0 0 0 0 0 0 0 0 0 0 0 0 0 0 0 0 0 0 0 0 0 0 0 0 0 0 0 0 0 0 0 0 0 0 0 0 0 0 0 0 0 0 0 0 0 0 0 0 0 0 0 0 0 0 0 0 0 0 0 0 0 0 0 0 0 0 0 0 0 0 0 0 0 0 0 0 0 0 0 0 0 0 0 0 0 0 0 
0 0 0 0 0 0 0 0 0 0 0 0 0 0 0 0 0 0 0 0 0 0 0 0 0 0 0 0 0 0 0 0 0 0 0 0 0 0 0 0 0 0 0 0 0 0 0 0 0 0 0 0 0 0 0 0 0 0 0 0 0 0 0 0 0 0 0 0 0 0 0 0 0 0 0 0 0 0 0 0 0 0 0 0 0 0 0 0 0 0 0 0 0 0 0 0 0 0 0 0 0 0 0 0 0 0 0 0 0 0 0 0 0 0 0 0 0 0 0 0 0 0 0 0 0 0 0 0 
0 0 0 0 0 0 0 0 0 0 0 0 0 0 0 0 0 0 0 0 0 0 0 0 0 0 0 0 0 0 0 0 0 0 0 0 0 0 0 0 0 0 0 0 0 0 0 0 0 0 0 0 0 0 0 0 0 0 0 0 0 0 0 0 0 0 0 0 0 0 0 0 0 0 0 0 0 0 0 0 0 0 0 0 0 0 0 0 0 0 0 0 0 0 0 0 0 0 0 0 0 0 0 0 0 0 0 0 0 0 0 0 0 0 0 0 0 0 0 0 0 0 0 0 0 0 0 0 
0 0 0 0 0 0 0 0 0 0 0 0 0 0 0 0 0 0 0 0 0 0 0 0 0 0 0 0 0 0 0 0 0 0 0 0 0 0 0 0 0 0 0 0 0 0 0 0 0 0 0 0 0 0 0 0 0 0 0 0 0 0 0 0 0 0 0 0 0 0 0 0 0 0 0 0 0 0 0 0 0 0 0 0 0 0 0 0 0 0 0 0 0 0 0 0 0 0 0 0 0 0 0 0 0 0 0 0 0 0 0 0 0 0 0 0 0 0 0 0 0 0 0 0 0 0 0 0 
0 0 0 0 0 0 0 0 0 0 0 0 0 0 0 0 0 0 0 0 0 0 0 0 0 0 0 0 0 0 0 0 0 0 0 0 0 0 0 0 0 0 0 0 0 0 0 0 0 0 0 0 0 0 0 0 0 0 0 0 0 0 0 0 0 0 0 0 0 0 0 0 0 0 0 0 0 0 0 0 0 0 0 0 0 0 0 0 0 0 0 0 0 0 0 0 0 0 0 0 0 0 0 0 0 0 0 0 0 0 0 0 0 0 0 0 0 0 0 0 0 0 0 0 0 0 0 0 
0 0 0 0 0 0 0 0 0 0 0 0 0 0 0 0 0 0 0 0 0 0 0 0 0 0 0 0 0 0 0 0 0 0 0 0 0 0 0 0 0 0 0 0 0 0 0 0 0 0 0 0 0 0 0 0 0 0 0 0 0 0 0 0 0 0 0 0 0 0 0 0 0 0 0 0 0 0 0 0 0 0 0 0 0 0 0 0 0 0 0 0 0 0 0 0 0 0 0 0 0 0 0 0 0 0 0 0 0 0 0 0 0 0 0 0 0 0 0 0 0 0 0 0 0 0 0 0 
0 0 0 0 0 0 0 0 0 0 0 0 0 0 0 0 0 0 0 0 0 0 0 0 0 0 0 0 0 0 0 0 0 0 0 0 0 0 0 0 0 0 0 0 0 0 0 0 0 0 0 0 0 0 0 0 0 0 0 0 0 0 0 0 0 0 0 0 0 0 0 0 0 0 0 0 0 0 0 0 0 0 0 0 0 0 0 0 0 0 0 0 0 0 0 0 0 0 0 0 0 0 0 0 0 0 0 0 0 0 0 0 0 0 0 0 0 0 0 0 0 0 0 0 0 0 0 0 
0 0 0 0 0 0 0 0 0 0 0 0 0 0 0 0 0 0 0 0 0 0 0 0 0 0 0 0 0 0 0 0 0 0 0 0 0 0 0 0 0 0 0 0 0 0 0 0 0 0 0 0 0 0 0 0 0 0 0 0 0 0 0 0 0 0 0 0 0 0 0 0 0 0 0 0 0 0 0 0 0 0 0 0 0 0 0 0 0 0 0 0 0 0 0 0 0 0 0 0 0 0 0 0 0 0 0 0 0 0 0 0 0 0 0 0 0 0 0 0 0 0 0 0 0 0 0 0 
0 0 0 0 0 0 0 0 0 0 0 0 0 0 0 0 0 0 0 0 0 0 0 0 0 0 0 0 0 0 0 0 0 0 0 0 0 0 0 0 0 0 0 0 0 0 0 0 0 0 0 0 0 0 0 0 0 0 0 0 0 0 0 0 0 0 0 0 0 0 0 0 0 0 0 0 0 0 0 0 0 0 0 0 0 0 0 0 0 0 0 0 0 0 0 0 0 0 0 0 0 0 0 0 0 0 0 0 0 0 0 0 0 0 0 0 0 0 0 0 0 0 0 0 0 0 0 0 
0 0 0 0 0 0 0 0 0 0 0 0 0 0 0 0 0 0 0 0 0 0 0 0 0 0 0 0 0 0 0 0 0 0 0 0 0 0 0 0 0 0 0 0 0 0 0 0 0 0 0 0 0 0 0 0 0 0 0 0 0 0 0 0 0 0 0 0 0 0 0 0 0 0 0 0 0 0 0 0 0 0 0 0 0 0 0 0 0 0 0 0 0 0 0 0 0 0 0 0 0 0 0 0 0 0 0 0 0 0 0 0 0 0 0 0 0 0 0 0 0 0 0 0 0 0 0 0 
0 0 0 0 0 0 0 0 0 0 0 0 0 0 0 0 0 0 0 0 0 0 0 0 0 0 0 0 0 0 0 0 0 0 0 0 0 0 0 0 0 0 0 0 0 0 0 0 0 0 0 0 0 0 0 0 0 0 0 0 0 0 0 0 0 0 0 0 0 0 0 0 0 0 0 0 0 0 0 0 0 0 0 0 0 0 0 0 0 0 0 0 0 0 0 0 0 0 0 0 0 0 0 0 0 0 0 0 0 0 0 0 0 0 0 0 0 0 0 0 0 0 0 0 0 0 0 0 
0 0 0 0 0 0 0 0 0 0 0 0 0 0 0 0 0 0 0 0 0 0 0 0 0 0 0 0 0 0 0 0 0 0 0 0 0 0 0 0 0 0 0 0 0 0 0 0 0 0 0 0 0 0 0 0 0 0 0 0 0 0 0 0 0 0 0 0 0 0 0 0 0 0 0 0 0 0 0 0 0 0 0 0 0 0 0 0 0 0 0 0 0 0 0 0 0 0 0 0 0 0 0 0 0 0 0 0 0 0 0 0 0 0 0 0 0 0 0 0 0 0 0 0 0 0 0 0 
0 0 0 0 0 0 0 0 0 0 0 0 0 0 0 0 0 0 0 0 0 0 0 0 0 0 0 0 0 0 0 0 0 0 0 0 0 0 0 0 0 0 0 0 0 0 0 0 0 0 0 0 0 0 0 0 0 0 0 0 0 0 0 0 0 0 0 0 0 0 0 0 0 0 0 0 0 0 0 0 0 0 0 0 0 0 0 0 0 0 0 0 0 0 0 0 0 0 0 0 0 0 0 0 0 0 0 0 0 0 0 0 0 0 0 0 0 0 0 0 0 0 0 0 0 0 0 0 
0 0 0 0 0 0 0 0 0 0 0 0 0 0 0 0 0 0 0 0 0 0 0 0 0 0 0 0 0 0 0 0 0 0 0 0 0 0 0 0 0 0 0 0 0 0 0 0 0 0 0 0 0 0 0 0 0 0 0 0 0 0 0 0 0 0 0 0 0 0 0 0 0 0 0 0 0 0 0 0 0 0 0 0 0 0 0 0 0 0 0 0 0 0 0 0 0 0 0 0 0 0 0 0 0 0 0 0 0 0 0 0 0 0 0 0 0 0 0 0 0 0 0 0 0 0 0 0 
0 0 0 0 0 0 0 0 0 0 0 0 0 0 0 0 0 0 0 0 0 0 0 0 0 0 0 0 0 0 0 0 0 0 0 0 0 0 0 0 0 0 0 0 0 0 0 0 0 0 0 0 0 0 0 0 0 0 0 0 0 0 0 0 0 0 0 0 0 0 0 0 0 0 0 0 0 0 0 0 0 0 0 0 0 0 0 0 0 0 0 0 0 0 0 0 0 0 0 0 0 0 0 0 0 0 0 0 0 0 0 0 0 0 0 0 0 0 0 0 0 0 0 0 0 0 0 0 
0 0 0 0 0 0 0 0 0 0 0 0 0 0 0 0 0 0 0 0 0 0 0 0 0 0 0 0 0 0 0 0 0 0 0 0 0 0 0 0 0 0 0 0 0 0 0 0 0 0 0 0 0 0 0 0 0 0 0 0 0 0 0 0 0 0 0 0 0 0 0 0 0 0 0 0 0 0 0 0 0 0 0 0 0 0 0 0 0 0 0 0 0 0 0 0 0 0 0 0 0 0 0 0 0 0 0 0 0 0 0 0 0 0 0 0 0 0 0 0 0 0 0 0 0 0 0 0 
0 0 0 0 0 0 0 0 0 0 0 0 0 0 0 0 0 0 0 0 0 0 0 0 0 0 0 0 0 0 0 0 0 0 0 0 0 0 0 0 0 0 0 0 0 0 0 0 0 0 0 0 0 0 0 0 0 0 0 0 0 0 0 0 0 0 0 0 0 0 0 0 0 0 0 0 0 0 0 0 0 0 0 0 0 0 0 0 0 0 0 0 0 0 0 0 0 0 0 0 0 0 0 0 0 0 0 0 0 0 0 0 0 0 0 0 0 0 0 0 0 0 0 0 0 0 0 0 
0 0 0 0 0 0 0 0 0 0 0 0 0 0 0 0 0 0 0 0 0 0 0 0 0 0 0 0 0 0 0 0 0 0 0 0 0 0 0 0 0 0 0 0 0 0 0 0 0 0 0 0 0 0 0 0 0 0 0 0 0 0 0 0 0 0 0 0 0 0 0 0 0 0 0 0 0 0 0 0 0 0 0 0 0 0 0 0 0 0 0 0 0 0 0 0 0 0 0 0 0 0 0 0 0 0 0 0 0 0 0 0 0 0 0 0 0 0 0 0 0 0 0 0 0 0 0 0 
0 0 0 0 0 0 0 0 0 0 0 0 0 0 0 0 0 0 0 0 0 0 0 0 0 0 0 0 0 0 0 0 0 0 0 0 0 0 0 0 0 0 0 0 0 0 0 0 0 0 0 0 0 0 0 0 0 0 0 0 0 0 0 0 0 0 0 0 0 0 0 0 0 0 0 0 0 0 0 0 0 0 0 0 0 0 0 0 0 0 0 0 0 0 0 0 0 0 0 0 0 0 0 0 0 0 0 0 0 0 0 0 0 0 0 0 0 0 0 0 0 0 0 0 0 0 0 0 
0 0 0 0 0 0 0 0 0 0 0 0 0 0 0 0 0 0 0 0 0 0 0 0 0 0 0 0 0 0 0 0 0 0 0 0 0 0 0 0 0 0 0 0 0 0 0 0 0 0 0 0 0 0 0 0 0 0 0 0 0 0 0 0 0 0 0 0 0 0 0 0 0 0 0 0 0 0 0 0 0 0 0 0 0 0 0 0 0 0 0 0 0 0 0 0 0 0 0 0 0 0 0 0 0 0 0 0 0 0 0 0 0 0 0 0 0 0 0 0 0 0 0 0 0 0 0 0 
0 0 0 0 0 0 0 0 0 0 0 0 0 0 0 0 0 0 0 0 0 0 0 0 0 0 0 0 0 0 0 0 0 0 0 0 0 0 0 0 0 0 0 0 0 0 0 0 0 0 0 0 0 0 0 0 0 0 0 0 0 0 0 0 0 0 0 0 0 0 0 0 0 0 0 0 0 0 0 0 0 0 0 0 0 0 0 0 0 0 0 0 0 0 0 0 0 0 0 0 0 0 0 0 0 0 0 0 0 0 0 0 0 0 0 0 0 0 0 0 0 0 0 0 0 0 0 0 
0 0 0 0 0 0 0 0 0 0 0 0 0 0 0 0 0 0 0 0 0 0 0 0 0 0 0 0 0 0 0 0 0 0 0 0 0 0 0 0 0 0 0 0 0 0 0 0 0 0 0 0 0 0 0 0 0 0 0 0 0 0 0 0 0 0 0 0 0 0 0 0 0 0 0 0 0 0 0 0 0 0 0 0 0 0 0 0 0 0 0 0 0 0 0 0 0 0 0 0 0 0 0 0 0 0 0 0 0 0 0 0 0 0 0 0 0 0 0 0 0 0 0 0 0 0 0 0 
0 0 0 0 0 0 0 0 0 0 0 0 0 0 0 0 0 0 0 0 0 0 0 0 0 0 0 0 0 0 0 0 0 0 0 0 0 0 0 0 0 0 0 0 0 0 0 0 0 0 0 0 0 0 0 0 0 0 0 0 0 0 0 0 0 0 0 0 0 0 0 0 0 0 0 0 0 0 0 0 0 0 0 0 0 0 0 0 0 0 0 0 0 0 0 0 0 0 0 0 0 0 0 0 0 0 0 0 0 0 0 0 0 0 0 0 0 0 0 0 0 0 0 0 0 0 0 0 
0 0 0 0 0 0 0 0 0 0 0 0 0 0 0 0 0 0 0 0 0 0 0 0 0 0 0 0 0 0 0 0 0 0 0 0 0 0 0 0 0 0 0 0 0 0 0 0 0 0 0 0 0 0 0 0 0 0 0 0 0 0 0 0 0 0 0 0 0 0 0 0 0 0 0 0 0 0 0 0 0 0 0 0 0 0 0 0 0 0 0 0 0 0 0 0 0 0 0 0 0 0 0 0 0 0 0 0 0 0 0 0 0 0 0 0 0 0 0 0 0 0 0 0 0 0 0 0 
0 0 0 0 0 0 0 0 0 0 0 0 0 0 0 0 0 0 0 0 0 0 0 0 0 0 0 0 0 0 0 0 0 0 0 0 0 0 0 0 0 0 0 0 0 0 0 0 0 0 0 0 0 0 0 0 0 0 0 0 0 0 0 0 0 0 0 0 0 0 0 0 0 0 0 0 0 0 0 0 0 0 0 0 0 0 0 0 0 0 0 0 0 0 0 0 0 0 0 0 0 0 0 0 0 0 0 0 0 0 0 0 0 0 0 0 0 0 0 0 0 0 0 0 0 0 0 0 
0 0 0 0 0 0 0 0 0 0 0 0 0 0 0 0 0 0 0 0 0 0 0 0 0 0 0 0 0 0 0 0 0 0 0 0 0 0 0 0 0 0 0 0 0 0 0 0 0 0 0 0 0 0 0 0 0 0 0 0 0 0 0 0 0 0 0 0 0 0 0 0 0 0 0 0 0 0 0 0 0 0 0 0 0 0 0 0 0 0 0 0 0 0 0 0 0 0 0 0 0 0 0 0 0 0 0 0 0 0 0 0 0 0 0 0 0 0 0 0 0 0 0 0 0 0 0 0 
0 0 0 0 0 0 0 0 0 0 0 0 0 0 0 0 0 0 0 0 0 0 0 0 0 0 0 0 0 0 0 0 0 0 0 0 0 0 0 0 0 0 0 0 0 0 0 0 0 0 0 0 0 0 0 0 0 0 0 0 0 0 0 0 0 0 0 0 0 0 0 0 0 0 0 0 0 0 0 0 0 0 0 0 0 0 0 0 0 0 0 0 0 0 0 0 0 0 0 0 0 0 0 0 0 0 0 0 0 0 0 0 0 0 0 0 0 0 0 0 0 0 0 0 0 0 0 0 
0 0 0 0 0 0 0 0 0 0 0 0 0 0 0 0 0 0 0 0 0 0 0 0 0 0 0 0 0 0 0 0 0 0 0 0 0 0 0 0 0 0 0 0 0 0 0 0 0 0 0 0 0 0 0 0 0 0 0 0 0 0 0 0 0 0 0 0 0 0 0 0 0 0 0 0 0 0 0 0 0 0 0 0 0 0 0 0 0 0 0 0 0 0 0 0 0 0 0 0 0 0 0 0 0 0 0 0 0 0 0 0 0 0 0 0 0 0 0 0 0 0 0 0 0 0 0 0 
0 0 0 0 0 0 0 0 0 0 0 0 0 0 0 0 0 0 0 0 0 0 0 0 0 0 0 0 0 0 0 0 0 0 0 0 0 0 0 0 0 0 0 0 0 0 0 0 0 0 0 0 0 0 0 0 0 0 0 0 0 0 0 0 0 0 0 0 0 0 0 0 0 0 0 0 0 0 0 0 0 0 0 0 0 0 0 0 0 0 0 0 0 0 0 0 0 0 0 0 0 0 0 0 0 0 0 0 0 0 0 0 0 0 0 0 0 0 0 0 0 0 0 0 0 0 0 0 
0 0 0 0 0 0 0 0 0 0 0 0 0 0 0 0 0 0 0 0 0 0 0 0 0 0 0 0 0 0 0 0 0 0 0 0 0 0 0 0 0 0 0 0 0 0 0 0 0 0 0 0 0 0 0 0 0 0 0 0 0 0 0 0 0 0 0 0 0 0 0 0 0 0 0 0 0 0 0 0 0 0 0 0 0 0 0 0 0 0 0 0 0 0 0 0 0 0 0 0 0 0 0 0 0 0 0 0 0 0 0 0 0 0 0 0 0 0 0 0 0 0 0 0 0 0 0 0 
0 0 0 0 0 0 0 0 0 0 0 0 0 0 0 0 0 0 0 0 0 0 0 0 0 0 0 0 0 0 0 0 0 0 0 0 0 0 0 0 0 0 0 0 0 0 0 0 0 0 0 0 0 0 0 0 0 0 0 0 0 0 0 0 0 0 0 0 0 0 0 0 0 0 0 0 0 0 0 0 0 0 0 0 0 0 0 0 0 0 0 0 0 0 0 0 0 0 0 0 0 0 0 0 0 0 0 0 0 0 0 0 0 0 0 0 0 0 0 0 0 0 0 0 0 0 0 0 
0 0 0 0 0 0 0 0 0 0 0 0 0 0 0 0 0 0 0 0 0 0 0 0 0 0 0 0 0 0 0 0 0 0 0 0 0 0 0 0 0 0 0 0 0 0 0 0 0 0 0 0 0 0 0 0 0 0 0 0 0 0 0 0 0 0 0 0 0 0 0 0 0 0 0 0 0 0 0 0 0 0 0 0 0 0 0 0 0 0 0 0 0 0 0 0 0 0 0 0 0 0 0 0 0 0 0 0 0 0 0 0 0 0 0 0 0 0 0 0 0 0 0 0 0 0 0 0 
0 0 0 0 0 0 0 0 0 0 0 0 0 0 0 0 0 0 0 0 0 0 0 0 0 0 0 0 0 0 0 0 0 0 0 0 0 0 0 0 0 0 0 0 0 0 0 0 0 0 0 0 0 0 0 0 0 0 0 0 0 0 0 0 0 0 0 0 0 0 0 0 0 0 0 0 0 0 0 0 0 0 0 0 0 0 0 0 0 0 0 0 0 0 0 0 0 0 0 0 0 0 0 0 0 0 0 0 0 0 0 0 0 0 0 0 0 0 0 0 0 0 0 0 0 0 0 0 
0 0 0 0 0 0 0 0 0 0 0 0 0 0 0 0 0 0 0 0 0 0 0 0 0 0 0 0 0 0 0 0 0 0 0 0 0 0 0 0 0 0 0 0 0 0 0 0 0 0 0 0 0 0 0 0 0 0 0 0 0 0 0 0 0 0 0 0 0 0 0 0 0 0 0 0 0 0 0 0 0 0 0 0 0 0 0 0 0 0 0 0 0 0 0 0 0 0 0 0 0 0 0 0 0 0 0 0 0 0 0 0 0 0 0 0 0 0 0 0 0 0 0 0 0 0 0 0 
0 0 0 0 0 0 0 0 0 0 0 0 0 0 0 0 0 0 0 0 0 0 0 0 0 0 0 0 0 0 0 0 0 0 0 0 0 0 0 0 0 0 0 0 0 0 0 0 0 0 0 0 0 0 0 0 0 0 0 0 0 0 0 0 0 0 0 0 0 0 0 0 0 0 0 0 0 0 0 0 0 0 0 0 0 0 0 0 0 0 0 0 0 0 0 0 0 0 0 0 0 0 0 0 0 0 0 0 0 0 0 0 0 0 0 0 0 0 0 0 0 0 0 0 0 0 0 0 
0 0 0 0 0 0 0 0 0 0 0 0 0 0 0 0 0 0 0 0 0 0 0 0 0 0 0 0 0 0 0 0 0 0 0 0 0 0 0 0 0 0 0 0 0 0 0 0 0 0 0 0 0 0 0 0 0 0 0 0 0 0 0 0 0 0 0 0 0 0 0 0 0 0 0 0 0 0 0 0 0 0 0 0 0 0 0 0 0 0 0 0 0 0 0 0 0 0 0 0 0 0 0 0 0 0 0 0 0 0 0 0 0 0 0 0 0 0 0 0 0 0 0 0 0 0 0 0 
0 0 0 0 0 0 0 0 0 0 0 0 0 0 0 0 0 0 0 0 0 0 0 0 0 0 0 0 0 0 0 0 0 0 0 0 0 0 0 0 0 0 0 0 0 0 0 0 0 0 0 0 0 0 0 0 0 0 0 0 0 0 0 0 0 0 0 0 0 0 0 0 0 0 0 0 0 0 0 0 0 0 0 0 0 0 0 0 0 0 0 0 0 0 0 0 0 0 0 0 0 0 0 0 0 0 0 0 0 0 0 0 0 0 0 0 0 0 0 0 0 0 0 0 0 0 0 0 
0 0 0 0 0 0 0 0 0 0 0 0 0 0 0 0 0 0 0 0 0 0 0 0 0 0 0 0 0 0 0 0 0 0 0 0 0 0 0 0 0 0 0 0 0 0 0 0 0 0 0 0 0 0 0 0 0 0 0 0 0 0 0 0 0 0 0 0 0 0 0 0 0 0 0 0 0 0 0 0 0 0 0 0 0 0 0 0 0 0 0 0 0 0 0 0 0 0 0 0 0 0 0 0 0 0 0 0 0 0 0 0 0 0 0 0 0 0 0 0 0 0 0 0 0 0 0 0 
0 0 0 0 0 0 0 0 0 0 0 0 0 0 0 0 0 0 0 0 0 0 0 0 0 0 0 0 0 0 0 0 0 0 0 0 0 0 0 0 0 0 0 0 0 0 0 0 0 0 0 0 0 0 0 0 0 0 0 0 0 0 0 0 0 0 0 0 0 0 0 0 0 0 0 0 0 0 0 0 0 0 0 0 0 0 0 0 0 0 0 0 0 0 0 0 0 0 0 0 0 0 0 0 0 0 0 0 0 0 0 0 0 0 0 0 0 0 0 0 0 0 0 0 0 0 0 0 
0 0 0 0 0 0 0 0 0 0 0 0 0 0 0 0 0 0 0 0 0 0 0 0 0 0 0 0 0 0 0 0 0 0 0 0 0 0 0 0 0 0 0 0 0 0 0 0 0 0 0 0 0 0 0 0 0 0 0 0 0 0 0 0 0 0 0 0 0 0 0 0 0 0 0 0 0 0 0 0 0 0 0 0 0 0 0 0 0 0 0 0 0 0 0 0 0 0 0 0 0 0 0 0 0 0 0 0 0 0 0 0 0 0 0 0 0 0 0 0 0 0 0 0 0 0 0 0 
0 0 0 0 0 0 0 0 0 0 0 0 0 0 0 0 0 0 0 0 0 0 0 0 0 0 0 0 0 0 0 0 0 0 0 0 0 0 0 0 0 0 0 0 0 0 0 0 0 0 0 0 0 0 0 0 0 0 0 0 0 0 0 0 0 0 0 0 0 0 0 0 0 0 0 0 0 0 0 0 0 0 0 0 0 0 0 0 0 0 0 0 0 0 0 0 0 0 0 0 0 0 0 0 0 0 0 0 0 0 0 0 0 0 0 0 0 0 0 0 0 0 0 0 0 0 0 0 
0 0 0 0 0 0 0 0 0 0 0 0 0 0 0 0 0 0 0 0 0 0 0 0 0 0 0 0 0 0 0 0 0 0 0 0 0 0 0 0 0 0 0 0 0 0 0 0 0 0 0 0 0 0 0 0 0 0 0 0 0 0 0 0 0 0 0 0 0 0 0 0 0 0 0 0 0 0 0 0 0 0 0 0 0 0 0 0 0 0 0 0 0 0 0 0 0 0 0 0 0 0 0 0 0 0 0 0 0 0 0 0 0 0 0 0 0 0 0 0 0 0 0 0 0 0 0 0 
0 0 0 0 0 0 0 0 0 0 0 0 0 0 0 0 0 0 0 0 0 0 0 0 0 0 0 0 0 0 0 0 0 0 0 0 0 0 0 0 0 0 0 0 0 0 0 0 0 0 0 0 0 0 0 0 0 0 0 0 0 0 0 0 0 0 0 0 0 0 0 0 0 0 0 0 0 0 0 0 0 0 0 0 0 0 0 0 0 0 0 0 0 0 0 0 0 0 0 0 0 0 0 0 0 0 0 0 0 0 0 0 0 0 0 0 0 0 0 0 0 0 0 0 0 0 0 0 
0 0 0 0 0 0 0 0 0 0 0 0 0 0 0 0 0 0 0 0 0 0 0 0 0 0 0 0 0 0 0 0 0 0 0 0 0 0 0 0 0 0 0 0 0 0 0 0 0 0 0 0 0 0 0 0 0 0 0 0 0 0 0 0 0 0 0 0 0 0 0 0 0 0 0 0 0 0 0 0 0 0 0 0 0 0 0 0 0 0 0 0 0 0 0 0 0 0 0 0 0 0 0 0 0 0 0 0 0 0 0 0 0 0 0 0 0 0 0 0 0 0 0 0 0 0 0 0 
0 0 0 0 0 0 0 0 0 0 0 0 0 0 0 0 0 0 0 0 0 0 0 0 0 0 0 0 0 0 0 0 0 0 0 0 0 0 0 0 0 0 0 0 0 0 0 0 0 0 0 0 0 0 0 0 0 0 0 0 0 0 0 0 0 0 0 0 0 0 0 0 0 0 0 0 0 0 0 0 0 0 0 0 0 0 0 0 0 0 0 0 0 0 0 0 0 0 0 0 0 0 0 0 0 0 0 0 0 0 0 0 0 0 0 0 0 0 0 0 0 0 0 0 0 0 0 0 
0 0 0 0 0 0 0 0 0 0 0 0 0 0 0 0 0 0 0 0 0 0 0 0 0 0 0 0 0 0 0 0 0 0 0 0 0 0 0 0 0 0 0 0 0 0 0 0 0 0 0 0 0 0 0 0 0 0 0 0 0 0 0 0 0 0 0 0 0 0 0 0 0 0 0 0 0 0 0 0 0 0 0 0 0 0 0 0 0 0 0 0 0 0 0 0 0 0 0 0 0 0 0 0 0 0 0 0 0 0 0 0 0 0 0 0 0 0 0 0 0 0 0 0 0 0 0 0 
0 0 0 0 0 0 0 0 0 0 0 0 0 0 0 0 0 0 0 0 0 0 0 0 0 0 0 0 0 0 0 0 0 0 0 0 0 0 0 0 0 0 0 0 0 0 0 0 0 0 0 0 0 0 0 0 0 0 0 0 0 0 0 0 0 0 0 0 0 0 0 0 0 0 0 0 0 0 0 0 0 0 0 0 0 0 0 0 0 0 0 0 0 0 0 0 0 0 0 0 0 0 0 0 0 0 0 0 0 0 0 0 0 0 0 0 0 0 0 0 0 0 0 0 0 0 0 0 
0 0 0 0 0 0 0 0 0 0 0 0 0 0 0 0 0 0 0 0 0 0 0 0 0 0 0 0 0 0 0 0 0 0 0 0 0 0 0 0 0 0 0 0 0 0 0 0 0 0 0 0 0 0 0 0 0 0 0 0 0 0 0 0 0 0 0 0 0 0 0 0 0 0 0 0 0 0 0 0 0 0 0 0 0 0 0 0 0 0 0 0 0 0 0 0 0 0 0 0 0 0 0 0 0 0 0 0 0 0 0 0 0 0 0 0 0 0 0 0 0 0 0 0 0 0 0 0 
0 0 0 0 0 0 0 0 0 0 0 0 0 0 0 0 0 0 0 0 0 0 0 0 0 0 0 0 0 0 0 0 0 0 0 0 0 0 0 0 0 0 0 0 0 0 0 0 0 0 0 0 0 0 0 0 0 0 0 0 0 0 0 0 0 0 0 0 0 0 0 0 0 0 0 0 0 0 0 0 0 0 0 0 0 0 0 0 0 0 0 0 0 0 0 0 0 0 0 0 0 0 0 0 0 0 0 0 0 0 0 0 0 0 0 0 0 0 0 0 0 0 0 0 0 0 0 0 
0 0 0 0 0 0 0 0 0 0 0 0 0 0 0 0 0 0 0 0 0 0 0 0 0 0 0 0 0 0 0 0 0 0 0 0 0 0 0 0 0 0 0 0 0 0 0 0 0 0 0 0 0 0 0 0 0 0 0 0 0 0 0 0 0 0 0 0 0 0 0 0 0 0 0 0 0 0 0 0 0 0 0 0 0 0 0 0 0 0 0 0 0 0 0 0 0 0 0 0 0 0 0 0 0 0 0 0 0 0 0 0 0 0 0 0 0 0 0 0 0 0 0 0 0 0 0 0 
0 0 0 0 0 0 0 0 0 0 0 0 0 0 0 0 0 0 0 0 0 0 0 0 0 0 0 0 0 0 0 0 0 0 0 0 0 0 0 0 0 0 0 0 0 0 0 0 0 0 0 0 0 0 0 0 0 0 0 0 0 0 0 0 0 0 0 0 0 0 0 0 0 0 0 0 0 0 0 0 0 0 0 0 0 0 0 0 0 0 0 0 0 0 0 0 0 0 0 0 0 0 0 0 0 0 0 0 0 0 0 0 0 0 0 0 0 0 0 0 0 0 0 0 0 0 0 0 
0 0 0 0 0 0 0 0 0 0 0 0 0 0 0 0 0 0 0 0 0 0 0 0 0 0 0 0 0 0 0 0 0 0 0 0 0 0 0 0 0 0 0 0 0 0 0 0 0 0 0 0 0 0 0 0 0 0 0 0 0 0 0 0 0 0 0 0 0 0 0 0 0 0 0 0 0 0 0 0 0 0 0 0 0 0 0 0 0 0 0 0 0 0 0 0 0 0 0 0 0 0 0 0 0 0 0 0 0 0 0 0 0 0 0 0 0 0 0 0 0 0 0 0 0 0 0 0 
0 0 0 0 0 0 0 0 0 0 0 0 0 0 0 0 0 0 0 0 0 0 0 0 0 0 0 0 0 0 0 0 0 0 0 0 0 0 0 0 0 0 0 0 0 0 0 0 0 0 0 0 0 0 0 0 0 0 0 0 0 0 0 0 0 0 0 0 0 0 0 0 0 0 0 0 0 0 0 0 0 0 0 0 0 0 0 0 0 0 0 0 0 0 0 0 0 0 0 0 0 0 0 0 0 0 0 0 0 0 0 0 0 0 0 0 0 0 0 0 0 0 0 0 0 0 0 0 
0 0 0 0 0 0 0 0 0 0 0 0 0 0 0 0 0 0 0 0 0 0 0 0 0 0 0 0 0 0 0 0 0 0 0 0 0 0 0 0 0 0 0 0 0 0 0 0 0 0 0 0 0 0 0 0 0 0 0 0 0 0 0 0 0 0 0 0 0 0 0 0 0 0 0 0 0 0 0 0 0 0 0 0 0 0 0 0 0 0 0 0 0 0 0 0 0 0 0 0 0 0 0 0 0 0 0 0 0 0 0 0 0 0 0 0 0 0 0 0 0 0 0 0 0 0 0 0 
0 0 0 0 0 0 0 0 0 0 0 0 0 0 0 0 0 0 0 0 0 0 0 0 0 0 0 0 0 0 0 0 0 0 0 0 0 0 0 0 0 0 0 0 0 0 0 0 0 0 0 0 0 0 0 0 0 0 0 0 0 0 0 0 0 0 0 0 0 0 0 0 0 0 0 0 0 0 0 0 0 0 0 0 0 0 0 0 0 0 0 0 0 0 0 0 0 0 0 0 0 0 0 0 0 0 0 0 0 0 0 0 0 0 0 0 0 0 0 0 0 0 0 0 0 0 0 0 
0 0 0 0 0 0 0 0 0 0 0 0 0 0 0 0 0 0 0 0 0 0 0 0 0 0 0 0 0 0 0 0 0 0 0 0 0 0 0 0 0 0 0 0 0 0 0 0 0 0 0 0 0 0 0 0 0 0 0 0 0 0 0 0 0 0 0 0 0 0 0 0 0 0 0 0 0 0 0 0 0 0 0 0 0 0 0 0 0 0 0 0 0 0 0 0 0 0 0 0 0 0 0 0 0 0 0 0 0 0 0 0 0 0 0 0 0 0 0 0 0 0 0 0 0 0 0 0 
0 0 0 0 0 0 0 0 0 0 0 0 0 0 0 0 0 0 0 0 0 0 0 0 0 0 0 0 0 0 0 0 0 0 0 0 0 0 0 0 0 0 0 0 0 0 0 0 0 0 0 0 0 0 0 0 0 0 0 0 0 0 0 0 0 0 0 0 0 0 0 0 0 0 0 0 0 0 0 0 0 0 0 0 0 0 0 0 0 0 0 0 0 0 0 0 0 0 0 0 0 0 0 0 0 0 0 0 0 0 0 0 0 0 0 0 0 0 0 0 0 0 0 0 0 0 0 0 
0 0 0 0 0 0 0 0 0 0 0 0 0 0 0 0 0 0 0 0 0 0 0 0 0 0 0 0 0 0 0 0 0 0 0 0 0 0 0 0 0 0 0 0 0 0 0 0 0 0 0 0 0 0 0 0 0 0 0 0 0 0 0 0 0 0 0 0 0 0 0 0 0 0 0 0 0 0 0 0 0 0 0 0 0 0 0 0 0 0 0 0 0 0 0 0 0 0 0 0 0 0 0 0 0 0 0 0 0 0 0 0 0 0 0 0 0 0 0 0 0 0 0 0 0 0 0 0 
0 0 0 0 0 0 0 0 0 0 0 0 0 0 0 0 0 0 0 0 0 0 0 0 0 0 0 0 0 0 0 0 0 0 0 0 0 0 0 0 0 0 0 0 0 0 0 0 0 0 0 0 0 0 0 0 0 0 0 0 0 0 0 0 0 0 0 0 0 0 0 0 0 0 0 0 0 0 0 0 0 0 0 0 0 0 0 0 0 0 0 0 0 0 0 0 0 0 0 0 0 0 0 0 0 0 0 0 0 0 0 0 0 0 0 0 0 0 0 0 0 0 0 0 0 0 0 0 
0 0 0 0 0 0 0 0 0 0 0 0 0 0 0 0 0 0 0 0 0 0 0 0 0 0 0 0 0 0 0 0 0 0 0 0 0 0 0 0 0 0 0 0 0 0 0 0 0 0 0 0 0 0 0 0 0 0 0 0 0 0 0 0 0 0 0 0 0 0 0 0 0 0 0 0 0 0 0 0 0 0 0 0 0 0 0 0 0 0 0 0 0 0 0 0 0 0 0 0 0 0 0 0 0 0 0 0 0 0 0 0 0 0 0 0 0 0 0 0 0 0 0 0 0 0 0 0 
0 0 0 0 0 0 0 0 0 0 0 0 0 0 0 0 0 0 0 0 0 0 0 0 0 0 0 0 0 0 0 0 0 0 0 0 0 0 0 0 0 0 0 0 0 0 0 0 0 0 0 0 0 0 0 0 0 0 0 0 0 0 0 0 0 0 0 0 0 0 0 0 0 0 0 0 0 0 0 0 0 0 0 0 0 0 0 0 0 0 0 0 0 0 0 0 0 0 0 0 0 0 0 0 0 0 0 0 0 0 0 0 0 0 0 0 0 0 0 0 0 0 0 0 0 0 0 0 
0 0 0 0 0 0 0 0 0 0 0 0 0 0 0 0 0 0 0 0 0 0 0 0 0 0 0 0 0 0 0 0 0 0 0 0 0 0 0 0 0 0 0 0 0 0 0 0 0 0 0 0 0 0 0 0 0 0 0 0 0 0 0 0 0 0 0 0 0 0 0 0 0 0 0 0 0 0 0 0 0 0 0 0 0 0 0 0 0 0 0 0 0 0 0 0 0 0 0 0 0 0 0 0 0 0 0 0 0 0 0 0 0 0 0 0 0 0 0 0 0 0 0 0 0 0 0 0 
0 0 0 0 0 0 0 0 0 0 0 0 0 0 0 0 0 0 0 0 0 0 0 0 0 0 0 0 0 0 0 0 0 0 0 0 0 0 0 0 0 0 0 0 0 0 0 0 0 0 0 0 0 0 0 0 0 0 0 0 0 0 0 0 0 0 0 0 0 0 0 0 0 0 0 0 0 0 0 0 0 0 0 0 0 0 0 0 0 0 0 0 0 0 0 0 0 0 0 0 0 0 0 0 0 0 0 0 0 0 0 0 0 0 0 0 0 0 0 0 0 0 0 0 0 0 0 0 
0 0 0 0 0 0 0 0 0 0 0 0 0 0 0 0 0 0 0 0 0 0 0 0 0 0 0 0 0 0 0 0 0 0 0 0 0 0 0 0 0 0 0 0 0 0 0 0 0 0 0 0 0 0 0 0 0 0 0 0 0 0 0 0 0 0 0 0 0 0 0 0 0 0 0 0 0 0 0 0 0 0 0 0 0 0 0 0 0 0 0 0 0 0 0 0 0 0 0 0 0 0 0 0 0 0 0 0 0 0 0 0 0 0 0 0 0 0 0 0 0 0 0 0 0 0 0 0 
0 0 0 0 0 0 0 0 0 0 0 0 0 0 0 0 0 0 0 0 0 0 0 0 0 0 0 0 0 0 0 0 0 0 0 0 0 0 0 0 0 0 0 0 0 0 0 0 0 0 0 0 0 0 0 0 0 0 0 0 0 0 0 0 0 0 0 0 0 0 0 0 0 0 0 0 0 0 0 0 0 0 0 0 0 0 0 0 0 0 0 0 0 0 0 0 0 0 0 0 0 0 0 0 0 0 0 0 0 0 0 0 0 0 0 0 0 0 0 0 0 0 0 0 0 0 0 0 
0 0 0 0 0 0 0 0 0 0 0 0 0 0 0 0 0 0 0 0 0 0 0 0 0 0 0 0 0 0 0 0 0 0 0 0 0 0 0 0 0 0 0 0 0 0 0 0 0 0 0 0 0 0 0 0 0 0 0 0 0 0 0 0 0 0 0 0 0 0 0 0 0 0 0 0 0 0 0 0 0 0 0 0 0 0 0 0 0 0 0 0 0 0 0 0 0 0 0 0 0 0 0 0 0 0 0 0 0 0 0 0 0 0 0 0 0 0 0 0 0 0 0 0 0 0 0 0 
0 0 0 0 0 0 0 0 0 0 0 0 0 0 0 0 0 0 0 0 0 0 0 0 0 0 0 0 0 0 0 0 0 0 0 0 0 0 0 0 0 0 0 0 0 0 0 0 0 0 0 0 0 0 0 0 0 0 0 0 0 0 0 0 0 0 0 0 0 0 0 0 0 0 0 0 0 0 0 0 0 0 0 0 0 0 0 0 0 0 0 0 0 0 0 0 0 0 0 0 0 0 0 0 0 0 0 0 0 0 0 0 0 0 0 0 0 0 0 0 0 0 0 0 0 0 0 0 
0 0 0 0 0 0 0 0 0 0 0 0 0 0 0 0 0 0 0 0 0 0 0 0 0 0 0 0 0 0 0 0 0 0 0 0 0 0 0 0 0 0 0 0 0 0 0 0 0 0 0 0 0 0 0 0 0 0 0 0 0 0 0 0 0 0 0 0 0 0 0 0 0 0 0 0 0 0 0 0 0 0 0 0 0 0 0 0 0 0 0 0 0 0 0 0 0 0 0 0 0 0 0 0 0 0 0 0 0 0 0 0 0 0 0 0 0 0 0 0 0 0 0 0 0 0 0 0 
0 0 0 0 0 0 0 0 0 0 0 0 0 0 0 0 0 0 0 0 0 0 0 0 0 0 0 0 0 0 0 0 0 0 0 0 0 0 0 0 0 0 0 0 0 0 0 0 0 0 0 0 0 0 0 0 0 0 0 0 0 0 0 0 0 0 0 0 0 0 0 0 0 0 0 0 0 0 0 0 0 0 0 0 0 0 0 0 0 0 0 0 0 0 0 0 0 0 0 0 0 0 0 0 0 0 0 0 0 0 0 0 0 0 0 0 0 0 0 0 0 0 0 0 0 0 0 0 
0 0 0 0 0 0 0 0 0 0 0 0 0 0 0 0 0 0 0 0 0 0 0 0 0 0 0 0 0 0 0 0 0 0 0 0 0 0 0 0 0 0 0 0 0 0 0 0 0 0 0 0 0 0 0 0 0 0 0 0 0 0 0 0 0 0 0 0 0 0 0 0 0 0 0 0 0 0 0 0 0 0 0 0 0 0 0 0 0 0 0 0 0 0 0 0 0 0 0 0 0 0 0 0 0 0 0 0 0 0 0 0 0 0 0 0 0 0 0 0 0 0 0 0 0 0 0 0 
0 0 0 0 0 0 0 0 0 0 0 0 0 0 0 0 0 0 0 0 0 0 0 0 0 0 0 0 0 0 0 0 0 0 0 0 0 0 0 0 0 0 0 0 0 0 0 0 0 0 0 0 0 0 0 0 0 0 0 0 0 0 0 0 0 0 0 0 0 0 0 0 0 0 0 0 0 0 0 0 0 0 0 0 0 0 0 0 0 0 0 0 0 0 0 0 0 0 0 0 0 0 0 0 0 0 0 0 0 0 0 0 0 0 0 0 0 0 0 0 0 0 0 0 0 0 0 0 
0 0 0 0 0 0 0 0 0 0 0 0 0 0 0 0 0 0 0 0 0 0 0 0 0 0 0 0 0 0 0 0 0 0 0 0 0 0 0 0 0 0 0 0 0 0 0 0 0 0 0 0 0 0 0 0 0 0 0 0 0 0 0 0 0 0 0 0 0 0 0 0 0 0 0 0 0 0 0 0 0 0 0 0 0 0 0 0 0 0 0 0 0 0 0 0 0 0 0 0 0 0 0 0 0 0 0 0 0 0 0 0 0 0 0 0 0 0 0 0 0 0 0 0 0 0 0 0 
0 0 0 0 0 0 0 0 0 0 0 0 0 0 0 0 0 0 0 0 0 0 0 0 0 0 0 0 0 0 0 0 0 0 0 0 0 0 0 0 0 0 0 0 0 0 0 0 0 0 0 0 0 0 0 0 0 0 0 0 0 0 0 0 0 0 0 0 0 0 0 0 0 0 0 0 0 0 0 0 0 0 0 0 0 0 0 0 0 0 0 0 0 0 0 0 0 0 0 0 0 0 0 0 0 0 0 0 0 0 0 0 0 0 0 0 0 0 0 0 0 0 0 0 0 0 0 0 
0 0 0 0 0 0 0 0 0 0 0 0 0 0 0 0 0 0 0 0 0 0 0 0 0 0 0 0 0 0 0 0 0 0 0 0 0 0 0 0 0 0 0 0 0 0 0 0 0 0 0 0 0 0 0 0 0 0 0 0 0 0 0 0 0 0 0 0 0 0 0 0 0 0 0 0 0 0 0 0 0 0 0 0 0 0 0 0 0 0 0 0 0 0 0 0 0 0 0 0 0 0 0 0 0 0 0 0 0 0 0 0 0 0 0 0 0 0 0 0 0 0 0 0 0 0 0 0 
0 0 0 0 0 0 0 0 0 0 0 0 0 0 0 0 0 0 0 0 0 0 0 0 0 0 0 0 0 0 0 0 0 0 0 0 0 0 0 0 0 0 0 0 0 0 0 0 0 0 0 0 0 0 0 0 0 0 0 0 0 0 0 0 0 0 0 0 0 0 0 0 0 0 0 0 0 0 0 0 0 0 0 0 0 0 0 0 0 0 0 0 0 0 0 0 0 0 0 0 0 0 0 0 0 0 0 0 0 0 0 0 0 0 0 0 0 0 0 0 0 0 0 0 0 0 0 0 
0 0 0 0 0 0 0 0 0 0 0 0 0 0 0 0 0 0 0 0 0 0 0 0 0 0 0 0 0 0 0 0 0 0 0 0 0 0 0 0 0 0 0 0 0 0 0 0 0 0 0 0 0 0 0 0 0 0 0 0 0 0 0 0 0 0 0 0 0 0 0 0 0 0 0 0 0 0 0 0 0 0 0 0 0 0 0 0 0 0 0 0 0 0 0 0 0 0 0 0 0 0 0 0 0 0 0 0 0 0 0 0 0 0 0 0 0 0 0 0 0 0 0 0 0 0 0 0 
0 0 0 0 0 0 0 0 0 0 0 0 0 0 0 0 0 0 0 0 0 0 0 0 0 0 0 0 0 0 0 0 0 0 0 0 0 0 0 0 0 0 0 0 0 0 0 0 0 0 0 0 0 0 0 0 0 0 0 0 0 0 0 0 0 0 0 0 0 0 0 0 0 0 0 0 0 0 0 0 0 0 0 0 0 0 0 0 0 0 0 0 0 0 0 0 0 0 0 0 0 0 0 0 0 0 0 0 0 0 0 0 0 0 0 0 0 0 0 0 0 0 0 0 0 0 0 0 
0 0 0 0 0 0 0 0 0 0 0 0 0 0 0 0 0 0 0 0 0 0 0 0 0 0 0 0 0 0 0 0 0 0 0 0 0 0 0 0 0 0 0 0 0 0 0 0 0 0 0 0 0 0 0 0 0 0 0 0 0 0 0 0 0 0 0 0 0 0 0 0 0 0 0 0 0 0 0 0 0 0 0 0 0 0 0 0 0 0 0 0 0 0 0 0 0 0 0 0 0 0 0 0 0 0 0 0 0 0 0 0 0 0 0 0 0 0 0 0 0 0 0 0 0 0 0 0 
0 0 0 0 0 0 0 0 0 0 0 0 0 0 0 0 0 0 0 0 0 0 0 0 0 0 0 0 0 0 0 0 0 0 0 0 0 0 0 0 0 0 0 0 0 0 0 0 0 0 0 0 0 0 0 0 0 0 0 0 0 0 0 0 0 0 0 0 0 0 0 0 0 0 0 0 0 0 0 0 0 0 0 0 0 0 0 0 0 0 0 0 0 0 0 0 0 0 0 0 0 0 0 0 0 0 0 0 0 0 0 0 0 0 0 0 0 0 0 0 0 0 0 0 0 0 0 0 
0 0 0 0 0 0 0 0 0 0 0 0 0 0 0 0 0 0 0 0 0 0 0 0 0 0 0 0 0 0 0 0 0 0 0 0 0 0 0 0 0 0 0 0 0 0 0 0 0 0 0 0 0 0 0 0 0 0 0 0 0 0 0 0 0 0 0 0 0 0 0 0 0 0 0 0 0 0 0 0 0 0 0 0 0 0 0 0 0 0 0 0 0 0 0 0 0 0 0 0 0 0 0 0 0 0 0 0 0 0 0 0 0 0 0 0 0 0 0 0 0 0 0 0 0 0 0 0 
0 0 0 0 0 0 0 0 0 0 0 0 0 0 0 0 0 0 0 0 0 0 0 0 0 0 0 0 0 0 0 0 0 0 0 0 0 0 0 0 0 0 0 0 0 0 0 0 0 0 0 0 0 0 0 0 0 0 0 0 0 0 0 0 0 0 0 0 0 0 0 0 0 0 0 0 0 0 0 0 0 0 0 0 0 0 0 0 0 0 0 0 0 0 0 0 0 0 0 0 0 0 0 0 0 0 0 0 0 0 0 0 0 0 0 0 0 0 0 0 0 0 0 0 0 0 0 0 
0 0 0 0 0 0 0 0 0 0 0 0 0 0 0 0 0 0 0 0 0 0 0 0 0 0 0 0 0 0 0 0 0 0 0 0 0 0 0 0 0 0 0 0 0 0 0 0 0 0 0 0 0 0 0 0 0 0 0 0 0 0 0 0 0 0 0 0 0 0 0 0 0 0 0 0 0 0 0 0 0 0 0 0 0 0 0 0 0 0 0 0 0 0 0 0 0 0 0 0 0 0 0 0 0 0 0 0 0 0 0 0 0 0 0 0 0 0 0 0 0 0 0 0 0 0 0 0 
0 0 0 0 0 0 0 0 0 0 0 0 0 0 0 0 0 0 0 0 0 0 0 0 0 0 0 0 0 0 0 0 0 0 0 0 0 0 0 0 0 0 0 0 0 0 0 0 0 0 0 0 0 0 0 0 0 0 0 0 0 0 0 0 0 0 0 0 0 0 0 0 0 0 0 0 0 0 0 0 0 0 0 0 0 0 0 0 0 0 0 0 0 0 0 0 0 0 0 0 0 0 0 0 0 0 0 0 0 0 0 0 0 0 0 0 0 0 0 0 0 0 0 0 0 0 0 0 
0 0 0 0 0 0 0 0 0 0 0 0 0 0 0 0 0 0 0 0 0 0 0 0 0 0 0 0 0 0 0 0 0 0 0 0 0 0 0 0 0 0 0 0 0 0 0 0 0 0 0 0 0 0 0 0 0 0 0 0 0 0 0 0 0 0 0 0 0 0 0 0 0 0 0 0 0 0 0 0 0 0 0 0 0 0 0 0 0 0 0 0 0 0 0 0 0 0 0 0 0 0 0 0 0 0 0 0 0 0 0 0 0 0 0 0 0 0 0 0 0 0 0 0 0 0 0 0 
0 0 0 0 0 0 0 0 0 0 0 0 0 0 0 0 0 0 0 0 0 0 0 0 0 0 0 0 0 0 0 0 0 0 0 0 0 0 0 0 0 0 0 0 0 0 0 0 0 0 0 0 0 0 0 0 0 0 0 0 0 0 0 0 0 0 0 0 0 0 0 0 0 0 0 0 0 0 0 0 0 0 0 0 0 0 0 0 0 0 0 0 0 0 0 0 0 0 0 0 0 0 0 0 0 0 0 0 0 0 0 0 0 0 0 0 0 0 0 0 0 0 0 0 0 0 0 0 
0 0 0 0 0 0 0 0 0 0 0 0 0 0 0 0 0 0 0 0 0 0 0 0 0 0 0 0 0 0 0 0 0 0 0 0 0 0 0 0 0 0 0 0 0 0 0 0 0 0 0 0 0 0 0 0 0 0 0 0 0 0 0 0 0 0 0 0 0 0 0 0 0 0 0 0 0 0 0 0 0 0 0 0 0 0 0 0 0 0 0 0 0 0 0 0 0 0 0 0 0 0 0 0 0 0 0 0 0 0 0 0 0 0 0 0 0 0 0 0 0 0 0 0 0 0 0 0 
0 0 0 0 0 0 0 0 0 0 0 0 0 0 0 0 0 0 0 0 0 0 0 0 0 0 0 0 0 0 0 0 0 0 0 0 0 0 0 0 0 0 0 0 0 0 0 0 0 0 0 0 0 0 0 0 0 0 0 0 0 0 0 0 0 0 0 0 0 0 0 0 0 0 0 0 0 0 0 0 0 0 0 0 0 0 0 0 0 0 0 0 0 0 0 0 0 0 0 0 0 0 0 0 0 0 0 0 0 0 0 0 0 0 0 0 0 0 0 0 0 0 0 0 0 0 0 0 
0 0 0 0 0 0 0 0 0 0 0 0 0 0 0 0 0 0 0 0 0 0 0 0 0 0 0 0 0 0 0 0 0 0 0 0 0 0 0 0 0 0 0 0 0 0 0 0 0 0 0 0 0 0 0 0 0 0 0 0 0 0 0 0 0 0 0 0 0 0 0 0 0 0 0 0 0 0 0 0 0 0 0 0 0 0 0 0 0 0 0 0 0 0 0 0 0 0 0 0 0 0 0 0 0 0 0 0 0 0 0 0 0 0 0 0 0 0 0 0 0 0 0 0 0 0 0 0 
0 0 0 0 0 0 0 0 0 0 0 0 0 0 0 0 0 0 0 0 0 0 0 0 0 0 0 0 0 0 0 0 0 0 0 0 0 0 0 0 0 0 0 0 0 0 0 0 0 0 0 0 0 0 0 0 0 0 0 0 0 0 0 0 0 0 0 0 0 0 0 0 0 0 0 0 0 0 0 0 0 0 0 0 0 0 0 0 0 0 0 0 0 0 0 0 0 0 0 0 0 0 0 0 0 0 0 0 0 0 0 0 0 0 0 0 0 0 0 0 0 0 0 0 0 0 0 0 
0 0 0 0 0 0 0 0 0 0 0 0 0 0 0 0 0 0 0 0 0 0 0 0 0 0 0 0 0 0 0 0 0 0 0 0 0 0 0 0 0 0 0 0 0 0 0 0 0 0 0 0 0 0 0 0 0 0 0 0 0 0 0 0 0 0 0 0 0 0 0 0 0 0 0 0 0 0 0 0 0 0 0 0 0 0 0 0 0 0 0 0 0 0 0 0 0 0 0 0 0 0 0 0 0 0 0 0 0 0 0 0 0 0 0 0 0 0 0 0 0 0 0 0 0 0 0 0 
0 0 0 0 0 0 0 0 0 0 0 0 0 0 0 0 0 0 0 0 0 0 0 0 0 0 0 0 0 0 0 0 0 0 0 0 0 0 0 0 0 0 0 0 0 0 0 0 0 0 0 0 0 0 0 0 0 0 0 0 0 0 0 0 0 0 0 0 0 0 0 0 0 0 0 0 0 0 0 0 0 0 0 0 0 0 0 0 0 0 0 0 0 0 0 0 0 0 0 0 0 0 0 0 0 0 0 0 0 0 0 0 0 0 0 0 0 0 0 0 0 0 0 0 0 0 0 0 
0 0 0 0 0 0 0 0 0 0 0 0 0 0 0 0 0 0 0 0 0 0 0 0 0 0 0 0 0 0 0 0 0 0 0 0 0 0 0 0 0 0 0 0 0 0 0 0 0 0 0 0 0 0 0 0 0 0 0 0 0 0 0 0 0 0 0 0 0 0 0 0 0 0 0 0 0 0 0 0 0 0 0 0 0 0 0 0 0 0 0 0 0 0 0 0 0 0 0 0 0 0 0 0 0 0 0 0 0 0 0 0 0 0 0 0 0 0 0 0 0 0 0 0 0 0 0 0 
0 0 0 0 0 0 0 0 0 0 0 0 0 0 0 0 0 0 0 0 0 0 0 0 0 0 0 0 0 0 0 0 0 0 0 0 0 0 0 0 0 0 0 0 0 0 0 0 0 0 0 0 0 0 0 0 0 0 0 0 0 0 0 0 0 0 0 0 0 0 0 0 0 0 0 0 0 0 0 0 0 0 0 0 0 0 0 0 0 0 0 0 0 0 0 0 0 0 0 0 0 0 0 0 0 0 0 0 0 0 0 0 0 0 0 0 0 0 0 0 0 0 0 0 0 0 0 0 
0 0 0 0 0 0 0 0 0 0 0 0 0 0 0 0 0 0 0 0 0 0 0 0 0 0 0 0 0 0 0 0 0 0 0 0 0 0 0 0 0 0 0 0 0 0 0 0 0 0 0 0 0 0 0 0 0 0 0 0 0 0 0 0 0 0 0 0 0 0 0 0 0 0 0 0 0 0 0 0 0 0 0 0 0 0 0 0 0 0 0 0 0 0 0 0 0 0 0 0 0 0 0 0 0 0 0 0 0 0 0 0 0 0 0 0 0 0 0 0 0 0 0 0 0 0 0 0 
0 0 0 0 0 0 0 0 0 0 0 0 0 0 0 0 0 0 0 0 0 0 0 0 0 0 0 0 0 0 0 0 0 0 0 0 0 0 0 0 0 0 0 0 0 0 0 0 0 0 0 0 0 0 0 0 0 0 0 0 0 0 0 0 0 0 0 0 0 0 0 0 0 0 0 0 0 0 0 0 0 0 0 0 0 0 0 0 0 0 0 0 0 0 0 0 0 0 0 0 0 0 0 0 0 0 0 0 0 0 0 0 0 0 0 0 0 0 0 0 0 0 0 0 0 0 0 0 
0 0 0 0 0 0 0 0 0 0 0 0 0 0 0 0 0 0 0 0 0 0 0 0 0 0 0 0 0 0 0 0 0 0 0 0 0 0 0 0 0 0 0 0 0 0 0 0 0 0 0 0 0 0 0 0 0 0 0 0 0 0 0 0 0 0 0 0 0 0 0 0 0 0 0 0 0 0 0 0 0 0 0 0 0 0 0 0 0 0 0 0 0 0 0 0 0 0 0 0 0 0 0 0 0 0 0 0 0 0 0 0 0 0 0 0 0 0 0 0 0 0 0 0 0 0 0 0 
0 0 0 0 0 0 0 0 0 0 0 0 0 0 0 0 0 0 0 0 0 0 0 0 0 0 0 0 0 0 0 0 0 0 0 0 0 0 0 0 0 0 0 0 0 0 0 0 0 0 0 0 0 0 0 0 0 0 0 0 0 0 0 0 0 0 0 0 0 0 0 0 0 0 0 0 0 0 0 0 0 0 0 0 0 0 0 0 0 0 0 0 0 0 0 0 0 0 0 0 0 0 0 0 0 0 0 0 0 0 0 0 0 0 0 0 0 0 0 0 0 0 0 0 0 0 0 0 
0 0 0 0 0 0 0 0 0 0 0 0 0 0 0 0 0 0 0 0 0 0 0 0 0 0 0 0 0 0 0 0 0 0 0 0 0 0 0 0 0 0 0 0 0 0 0 0 0 0 0 0 0 0 0 0 0 0 0 0 0 0 0 0 0 0 0 0 0 0 0 0 0 0 0 0 0 0 0 0 0 0 0 0 0 0 0 0 0 0 0 0 0 0 0 0 0 0 0 0 0 0 0 0 0 0 0 0 0 0 0 0 0 0 0 0 0 0 0 0 0 0 0 0 0 0 0 0 
0 0 0 0 0 0 0 0 0 0 0 0 0 0 0 0 0 0 0 0 0 0 0 0 0 0 0 0 0 0 0 0 0 0 0 0 0 0 0 0 0 0 0 0 0 0 0 0 0 0 0 0 0 0 0 0 0 0 0 0 0 0 0 0 0 0 0 0 0 0 0 0 0 0 0 0 0 0 0 0 0 0 0 0 0 0 0 0 0 0 0 0 0 0 0 0 0 0 0 0 0 0 0 0 0 0 0 0 0 0 0 0 0 0 0 0 0 0 0 0 0 0 0 0 0 0 0 0 
0 0 0 0 0 0 0 0 0 0 0 0 0 0 0 0 0 0 0 0 0 0 0 0 0 0 0 0 0 0 0 0 0 0 0 0 0 0 0 0 0 0 0 0 0 0 0 0 0 0 0 0 0 0 0 0 0 0 0 0 0 0 0 0 0 0 0 0 0 0 0 0 0 0 0 0 0 0 0 0 0 0 0 0 0 0 0 0 0 0 0 0 0 0 0 0 0 0 0 0 0 0 0 0 0 0 0 0 0 0 0 0 0 0 0 0 0 0 0 0 0 0 0 0 0 0 0 0 
0 0 0 0 0 0 0 0 0 0 0 0 0 0 0 0 0 0 0 0 0 0 0 0 0 0 0 0 0 0 0 0 0 0 0 0 0 0 0 0 0 0 0 0 0 0 0 0 0 0 0 0 0 0 0 0 0 0 0 0 0 0 0 0 0 0 0 0 0 0 0 0 0 0 0 0 0 0 0 0 0 0 0 0 0 0 0 0 0 0 0 0 0 0 0 0 0 0 0 0 0 0 0 0 0 0 0 0 0 0 0 0 0 0 0 0 0 0 0 0 0 0 0 0 0 0 0 0 
0 0 0 0 0 0 0 0 0 0 0 0 0 0 0 0 0 0 0 0 0 0 0 0 0 0 0 0 0 0 0 0 0 0 0 0 0 0 0 0 0 0 0 0 0 0 0 0 0 0 0 0 0 0 0 0 0 0 0 0 0 0 0 0 0 0 0 0 0 0 0 0 0 0 0 0 0 0 0 0 0 0 0 0 0 0 0 0 0 0 0 0 0 0 0 0 0 0 0 0 0 0 0 0 0 0 0 0 0 0 0 0 0 0 0 0 0 0 0 0 0 0 0 0 0 0 0 0 
0 0 0 0 0 0 0 0 0 0 0 0 0 0 0 0 0 0 0 0 0 0 0 0 0 0 0 0 0 0 0 0 0 0 0 0 0 0 0 0 0 0 0 0 0 0 0 0 0 0 0 0 0 0 0 0 0 0 0 0 0 0 0 0 0 0 0 0 0 0 0 0 0 0 0 0 0 0 0 0 0 0 0 0 0 0 0 0 0 0 0 0 0 0 0 0 0 0 0 0 0 0 0 0 0 0 0 0 0 0 0 0 0 0 0 0 0 0 0 0 0 0 0 0 0 0 0 0 
0 0 0 0 0 0 0 0 0 0 0 0 0 0 0 0 0 0 0 0 0 0 0 0 0 0 0 0 0 0 0 0 0 0 0 0 0 0 0 0 0 0 0 0 0 0 0 0 0 0 0 0 0 0 0 0 0 0 0 0 0 0 0 0 0 0 0 0 0 0 0 0 0 0 0 0 0 0 0 0 0 0 0 0 0 0 0 0 0 0 0 0 0 0 0 0 0 0 0 0 0 0 0 0 0 0 0 0 0 0 0 0 0 0 0 0 0 0 0 0 0 0 0 0 0 0 0 0 
0 0 0 0 0 0 0 0 0 0 0 0 0 0 0 0 0 0 0 0 0 0 0 0 0 0 0 0 0 0 0 0 0 0 0 0 0 0 0 0 0 0 0 0 0 0 0 0 0 0 0 0 0 0 0 0 0 0 0 0 0 0 0 0 0 0 0 0 0 0 0 0 0 0 0 0 0 0 0 0 0 0 0 0 0 0 0 0 0 0 0 0 0 0 0 0 0 0 0 0 0 0 0 0 0 0 0 0 0 0 0 0 0 0 0 0 0 0 0 0 0 0 0 0 0 0 0 0 
0 0 0 0 0 0 0 0 0 0 0 0 0 0 0 0 0 0 0 0 0 0 0 0 0 0 0 0 0 0 0 0 0 0 0 0 0 0 0 0 0 0 0 0 0 0 0 0 0 0 0 0 0 0 0 0 0 0 0 0 0 0 0 0 0 0 0 0 0 0 0 0 0 0 0 0 0 0 0 0 0 0 0 0 0 0 0 0 0 0 0 0 0 0 0 0 0 0 0 0 0 0 0 0 0 0 0 0 0 0 0 0 0 0 0 0 0 0 0 0 0 0 0 0 0 0 0 0 
0 0 0 0 0 0 0 0 0 0 0 0 0 0 0 0 0 0 0 0 0 0 0 0 0 0 0 0 0 0 0 0 0 0 0 0 0 0 0 0 0 0 0 0 0 0 0 0 0 0 0 0 0 0 0 0 0 0 0 0 0 0 0 0 0 0 0 0 0 0 0 0 0 0 0 0 0 0 0 0 0 0 0 0 0 0 0 0 0 0 0 0 0 0 0 0 0 0 0 0 0 0 0 0 0 0 0 0 0 0 0 0 0 0 0 0 0 0 0 0 0 0 0 0 0 0 0 0 
0 0 0 0 0 0 0 0 0 0 0 0 0 0 0 0 0 0 0 0 0 0 0 0 0 0 0 0 0 0 0 0 0 0 0 0 0 0 0 0 0 0 0 0 0 0 0 0 0 0 0 0 0 0 0 0 0 0 0 0 0 0 0 0 0 0 0 0 0 0 0 0 0 0 0 0 0 0 0 0 0 0 0 0 0 0 0 0 0 0 0 0 0 0 0 0 0 0 0 0 0 0 0 0 0 0 0 0 0 0 0 0 0 0 0 0 0 0 0 0 0 0 0 0 0 0 0 0 
0 0 0 0 0 0 0 0 0 0 0 0 0 0 0 0 0 0 0 0 0 0 0 0 0 0 0 0 0 0 0 0 0 0 0 0 0 0 0 0 0 0 0 0 0 0 0 0 0 0 0 0 0 0 0 0 0 0 0 0 0 0 0 0 0 0 0 0 0 0 0 0 0 0 0 0 0 0 0 0 0 0 0 0 0 0 0 0 0 0 0 0 0 0 0 0 0 0 0 0 0 0 0 0 0 0 0 0 0 0 0 0 0 0 0 0 0 0 0 0 0 0 0 0 0 0 0 0 
0 0 0 0 0 0 0 0 0 0 0 0 0 0 0 0 0 0 0 0 0 0 0 0 0 0 0 0 0 0 0 0 0 0 0 0 0 0 0 0 0 0 0 0 0 0 0 0 0 0 0 0 0 0 0 0 0 0 0 0 0 0 0 0 0 0 0 0 0 0 0 0 0 0 0 0 0 0 0 0 0 0 0 0 0 0 0 0 0 0 0 0 0 0 0 0 0 0 0 0 0 0 0 0 0 0 0 0 0 0 0 0 0 0 0 0 0 0 0 0 0 0 0 0 0 0 0 0 
0 0 0 0 0 0 0 0 0 0 0 0 0 0 0 0 0 0 0 0 0 0 0 0 0 0 0 0 0 0 0 0 0 0 0 0 0 0 0 0 0 0 0 0 0 0 0 0 0 0 0 0 0 0 0 0 0 0 0 0 0 0 0 0 0 0 0 0 0 0 0 0 0 0 0 0 0 0 0 0 0 0 0 0 0 0 0 0 0 0 0 0 0 0 0 0 0 0 0 0 0 0 0 0 0 0 0 0 0 0 0 0 0 0 0 0 0 0 0 0 0 0 0 0 0 0 0 0 
0 0 0 0 0 0 0 0 0 0 0 0 0 0 0 0 0 0 0 0 0 0 0 0 0 0 0 0 0 0 0 0 0 0 0 0 0 0 0 0 0 0 0 0 0 0 0 0 0 0 0 0 0 0 0 0 0 0 0 0 0 0 0 0 0 0 0 0 0 0 0 0 0 0 0 0 0 0 0 0 0 0 0 0 0 0 0 0 0 0 0 0 0 0 0 0 0 0 0 0 0 0 0 0 0 0 0 0 0 0 0 0 0 0 0 0 0 0 0 0 0 0 0 0 0 0 0 0 
0 0 0 0 0 0 0 0 0 0 0 0 0 0 0 0 0 0 0 0 0 0 0 0 0 0 0 0 0 0 0 0 0 0 0 0 0 0 0 0 0 0 0 0 0 0 0 0 0 0 0 0 0 0 0 0 0 0 0 0 0 0 0 0 0 0 0 0 0 0 0 0 0 0 0 0 0 0 0 0 0 0 0 0 0 0 0 0 0 0 0 0 0 0 0 0 0 0 0 0 0 0 0 0 0 0 0 0 0 0 0 0 0 0 0 0 0 0 0 0 0 0 0 0 0 0 0 0 
0 0 0 0 0 0 0 0 0 0 0 0 0 0 0 0 0 0 0 0 0 0 0 0 0 0 0 0 0 0 0 0 0 0 0 0 0 0 0 0 0 0 0 0 0 0 0 0 0 0 0 0 0 0 0 0 0 0 0 0 0 0 0 0 0 0 0 0 0 0 0 0 0 0 0 0 0 0 0 0 0 0 0 0 0 0 0 0 0 0 0 0 0 0 0 0 0 0 0 0 0 0 0 0 0 0 0 0 0 0 0 0 0 0 0 0 0 0 0 0 0 0 0 0 0 0 0 0 
0 0 0 0 0 0 0 0 0 0 0 0 0 0 0 0 0 0 0 0 0 0 0 0 0 0 0 0 0 0 0 0 0 0 0 0 0 0 0 0 0 0 0 0 0 0 0 0 0 0 0 0 0 0 0 0 0 0 0 0 0 0 0 0 0 0 0 0 0 0 0 0 0 0 0 0 0 0 0 0 0 0 0 0 0 0 0 0 0 0 0 0 0 0 0 0 0 0 0 0 0 0 0 0 0 0 0 0 0 0 0 0 0 0 0 0 0 0 0 0 0 0 0 0 0 0 0 0 
0 0 0 0 0 0 0 0 0 0 0 0 0 0 0 0 0 0 0 0 0 0 0 0 0 0 0 0 0 0 0 0 0 0 0 0 0 0 0 0 0 0 0 0 0 0 0 0 0 0 0 0 0 0 0 0 0 0 0 0 0 0 0 0 0 0 0 0 0 0 0 0 0 0 0 0 0 0 0 0 0 0 0 0 0 0 0 0 0 0 0 0 0 0 0 0 0 0 0 0 0 0 0 0 0 0 0 0 0 0 0 0 0 0 0 0 0 0 0 0 0 0 0 0 0 0 0 0 
0 0 0 0 0 0 0 0 0 0 0 0 0 0 0 0 0 0 0 0 0 0 0 0 0 0 0 0 0 0 0 0 0 0 0 0 0 0 0 0 0 0 0 0 0 0 0 0 0 0 0 0 0 0 0 0 0 0 0 0 0 0 0 0 0 0 0 0 0 0 0 0 0 0 0 0 0 0 0 0 0 0 0 0 0 0 0 0 0 0 0 0 0 0 0 0 0 0 0 0 0 0 0 0 0 0 0 0 0 0 0 0 0 0 0 0 0 0 0 0 0 0 0 0 0 0 0 0 
0 0 0 0 0 0 0 0 0 0 0 0 0 0 0 0 0 0 0 0 0 0 0 0 0 0 0 0 0 0 0 0 0 0 0 0 0 0 0 0 0 0 0 0 0 0 0 0 0 0 0 0 0 0 0 0 0 0 0 0 0 0 0 0 0 0 0 0 0 0 0 0 0 0 0 0 0 0 0 0 0 0 0 0 0 0 0 0 0 0 0 0 0 0 0 0 0 0 0 0 0 0 0 0 0 0 0 0 0 0 0 0 0 0 0 0 0 0 0 0 0 0 0 0 0 0 0 0 
0 0 0 0 0 0 0 0 0 0 0 0 0 0 0 0 0 0 0 0 0 0 0 0 0 0 0 0 0 0 0 0 0 0 0 0 0 0 0 0 0 0 0 0 0 0 0 0 0 0 0 0 0 0 0 0 0 0 0 0 0 0 0 0 0 0 0 0 0 0 0 0 0 0 0 0 0 0 0 0 0 0 0 0 0 0 0 0 0 0 0 0 0 0 0 0 0 0 0 0 0 0 0 0 0 0 0 0 0 0 0 0 0 0 0 0 0 0 0 0 0 0 0 0 0 0 0 0 
0 0 0 0 0 0 0 0 0 0 0 0 0 0 0 0 0 0 0 0 0 0 0 0 0 0 0 0 0 0 0 0 0 0 0 0 0 0 0 0 0 0 0 0 0 0 0 0 0 0 0 0 0 0 0 0 0 0 0 0 0 0 0 0 0 0 0 0 0 0 0 0 0 0 0 0 0 0 0 0 0 0 0 0 0 0 0 0 0 0 0 0 0 0 0 0 0 0 0 0 0 0 0 0 0 0 0 0 0 0 0 0 0 0 0 0 0 0 0 0 0 0 0 0 0 0 0 0 
0 0 0 0 0 0 0 0 0 0 0 0 0 0 0 0 0 0 0 0 0 0 0 0 0 0 0 0 0 0 0 0 0 0 0 0 0 0 0 0 0 0 0 0 0 0 0 0 0 0 0 0 0 0 0 0 0 0 0 0 0 0 0 0 0 0 0 0 0 0 0 0 0 0 0 0 0 0 0 0 0 0 0 0 0 0 0 0 0 0 0 0 0 0 0 0 0 0 0 0 0 0 0 0 0 0 0 0 0 0 0 0 0 0 0 0 0 0 0 0 0 0 0 0 0 0 0 0 
0 0 0 0 0 0 0 0 0 0 0 0 0 0 0 0 0 0 0 0 0 0 0 0 0 0 0 0 0 0 0 0 0 0 0 0 0 0 0 0 0 0 0 0 0 0 0 0 0 0 0 0 0 0 0 0 0 0 0 0 0 0 0 0 0 0 0 0 0 0 0 0 0 0 0 0 0 0 0 0 0 0 0 0 0 0 0 0 0 0 0 0 0 0 0 0 0 0 0 0 0 0 0 0 0 0 0 0 0 0 0 0 0 0 0 0 0 0 0 0 0 0 0 0 0 0 0 0 
0 0 0 0 0 0 0 0 0 0 0 0 0 0 0 0 0 0 0 0 0 0 0 0 0 0 0 0 0 0 0 0 0 0 0 0 0 0 0 0 0 0 0 0 0 0 0 0 0 0 0 0 0 0 0 0 0 0 0 0 0 0 0 0 0 0 0 0 0 0 0 0 0 0 0 0 0 0 0 0 0 0 0 0 0 0 0 0 0 0 0 0 0 0 0 0 0 0 0 0 0 0 0 0 0 0 0 0 0 0 0 0 0 0 0 0 0 0 0 0 0 0 0 0 0 0 0 0 
0 0 0 0 0 0 0 0 0 0 0 0 0 0 0 0 0 0 0 0 0 0 0 0 0 0 0 0 0 0 0 0 0 0 0 0 0 0 0 0 0 0 0 0 0 0 0 0 0 0 0 0 0 0 0 0 0 0 0 0 0 0 0 0 0 0 0 0 0 0 0 0 0 0 0 0 0 0 0 0 0 0 0 0 0 0 0 0 0 0 0 0 0 0 0 0 0 0 0 0 0 0 0 0 0 0 0 0 0 0 0 0 0 0 0 0 0 0 0 0 0 0 0 0 0 0 0 0 
0 0 0 0 0 0 0 0 0 0 0 0 0 0 0 0 0 0 0 0 0 0 0 0 0 0 0 0 0 0 0 0 0 0 0 0 0 0 0 0 0 0 0 0 0 0 0 0 0 0 0 0 0 0 0 0 0 0 0 0 0 0 0 0 0 0 0 0 0 0 0 0 0 0 0 0 0 0 0 0 0 0 0 0 0 0 0 0 0 0 0 0 0 0 0 0 0 0 0 0 0 0 0 0 0 0 0 0 0 0 0 0 0 0 0 0 0 0 0 0 0 0 0 0 0 0 0 0 
0 0 0 0 0 0 0 0 0 0 0 0 0 0 0 0 0 0 0 0 0 0 0 0 0 0 0 0 0 0 0 0 0 0 0 0 0 0 0 0 0 0 0 0 0 0 0 0 0 0 0 0 0 0 0 0 0 0 0 0 0 0 0 0 0 0 0 0 0 0 0 0 0 0 0 0 0 0 0 0 0 0 0 0 0 0 0 0 0 0 0 0 0 0 0 0 0 0 0 0 0 0 0 0 0 0 0 0 0 0 0 0 0 0 0 0 0 0 0 0 0 0 0 0 0 0 0 0 
0 0 0 0 0 0 0 0 0 0 0 0 0 0 0 0 0 0 0 0 0 0 0 0 0 0 0 0 0 0 0 0 0 0 0 0 0 0 0 0 0 0 0 0 0 0 0 0 0 0 0 0 0 0 0 0 0 0 0 0 0 0 0 0 0 0 0 0 0 0 0 0 0 0 0 0 0 0 0 0 0 0 0 0 0 0 0 0 0 0 0 0 0 0 0 0 0 0 0 0 0 0 0 0 0 0 0 0 0 0 0 0 0 0 0 0 0 0 0 0 0 0 0 0 0 0 0 0 
0 0 0 0 0 0 0 0 0 0 0 0 0 0 0 0 0 0 0 0 0 0 0 0 0 0 0 0 0 0 0 0 0 0 0 0 0 0 0 0 0 0 0 0 0 0 0 0 0 0 0 0 0 0 0 0 0 0 0 0 0 0 0 0 0 0 0 0 0 0 0 0 0 0 0 0 0 0 0 0 0 0 0 0 0 0 0 0 0 0 0 0 0 0 0 0 0 0 0 0 0 0 0 0 0 0 0 0 0 0 0 0 0 0 0 0 0 0 0 0 0 0 0 0 0 0 0 0 
0 0 0 0 0 0 0 0 0 0 0 0 0 0 0 0 0 0 0 0 0 0 0 0 0 0 0 0 0 0 0 0 0 0 0 0 0 0 0 0 0 0 0 0 0 0 0 0 0 0 0 0 0 0 0 0 0 0 0 0 0 0 0 0 0 0 0 0 0 0 0 0 0 0 0 0 0 0 0 0 0 0 0 0 0 0 0 0 0 0 0 0 0 0 0 0 0 0 0 0 0 0 0 0 0 0 0 0 0 0 0 0 0 0 0 0 0 0 0 0 0 0 0 0 0 0 0 0 
0 0 0 0 0 0 0 0 0 0 0 0 0 0 0 0 0 0 0 0 0 0 0 0 0 0 0 0 0 0 0 0 0 0 0 0 0 0 0 0 0 0 0 0 0 0 0 0 0 0 0 0 0 0 0 0 0 0 0 0 0 0 0 0 0 0 0 0 0 0 0 0 0 0 0 0 0 0 0 0 0 0 0 0 0 0 0 0 0 0 0 0 0 0 0 0 0 0 0 0 0 0 0 0 0 0 0 0 0 0 0 0 0 0 0 0 0 0 0 0 0 0 0 0 0 0 0 0 
0 0 0 0 0 0 0 0 0 0 0 0 0 0 0 0 0 0 0 0 0 0 0 0 0 0 0 0 0 0 0 0 0 0 0 0 0 0 0 0 0 0 0 0 0 0 0 0 0 0 0 0 0 0 0 0 0 0 0 0 0 0 0 0 0 0 0 0 0 0 0 0 0 0 0 0 0 0 0 0 0 0 0 0 0 0 0 0 0 0 0 0 0 0 0 0 0 0 0 0 0 0 0 0 0 0 0 0 0 0 0 0 0 0 0 0 0 0 0 0 0 0 0 0 0 0 0 0 
0 0 0 0 0 0 0 0 0 0 0 0 0 0 0 0 0 0 0 0 0 0 0 0 0 0 0 0 0 0 0 0 0 0 0 0 0 0 0 0 0 0 0 0 0 0 0 0 0 0 0 0 0 0 0 0 0 0 0 0 0 0 0 0 0 0 0 0 0 0 0 0 0 0 0 0 0 0 0 0 0 0 0 0 0 0 0 0 0 0 0 0 0 0 0 0 0 0 0 0 0 0 0 0 0 0 0 0 0 0 0 0 0 0 0 0 0 0 0 0 0 0 0 0 0 0 0 0 
0 0 0 0 0 0 0 0 0 0 0 0 0 0 0 0 0 0 0 0 0 0 0 0 0 0 0 0 0 0 0 0 0 0 0 0 0 0 0 0 0 0 0 0 0 0 0 0 0 0 0 0 0 0 0 0 0 0 0 0 0 0 0 0 0 0 0 0 0 0 0 0 0 0 0 0 0 0 0 0 0 0 0 0 0 0 0 0 0 0 0 0 0 0 0 0 0 0 0 0 0 0 0 0 0 0 0 0 0 0 0 0 0 0 0 0 0 0 0 0 0 0 0 0 0 0 0 0 
0 0 0 0 0 0 0 0 0 0 0 0 0 0 0 0 0 0 0 0 0 0 0 0 0 0 0 0 0 0 0 0 0 0 0 0 0 0 0 0 0 0 0 0 0 0 0 0 0 0 0 0 0 0 0 0 0 0 0 0 0 0 0 0 0 0 0 0 0 0 0 0 0 0 0 0 0 0 0 0 0 0 0 0 0 0 0 0 0 0 0 0 0 0 0 0 0 0 0 0 0 0 0 0 0 0 0 0 0 0 0 0 0 0 0 0 0 0 0 0 0 0 0 0 0 0 0 0 
0 0 0 0 0 0 0 0 0 0 0 0 0 0 0 0 0 0 0 0 0 0 0 0 0 0 0 0 0 0 0 0 0 0 0 0 0 0 0 0 0 0 0 0 0 0 0 0 0 0 0 0 0 0 0 0 0 0 0 0 0 0 0 0 0 0 0 0 0 0 0 0 0 0 0 0 0 0 0 0 0 0 0 0 0 0 0 0 0 0 0 0 0 0 0 0 0 0 0 0 0 0 0 0 0 0 0 0 0 0 0 0 0 0 0 0 0 0 0 0 0 0 0 0 0 0 0 0 
0 0 0 0 0 0 0 0 0 0 0 0 0 0 0 0 0 0 0 0 0 0 0 0 0 0 0 0 0 0 0 0 0 0 0 0 0 0 0 0 0 0 0 0 0 0 0 0 0 0 0 0 0 0 0 0 0 0 0 0 0 0 0 0 0 0 0 0 0 0 0 0 0 0 0 0 0 0 0 0 0 0 0 0 0 0 0 0 0 0 0 0 0 0 0 0 0 0 0 0 0 0 0 0 0 0 0 0 0 0 0 0 0 0 0 0 0 0 0 0 0 0 0 0 0 0 0 0 
0 0 0 0 0 0 0 0 0 0 0 0 0 0 0 0 0 0 0 0 0 0 0 0 0 0 0 0 0 0 0 0 0 0 0 0 0 0 0 0 0 0 0 0 0 0 0 0 0 0 0 0 0 0 0 0 0 0 0 0 0 0 0 0 0 0 0 0 0 0 0 0 0 0 0 0 0 0 0 0 0 0 0 0 0 0 0 0 0 0 0 0 0 0 0 0 0 0 0 0 0 0 0 0 0 0 0 0 0 0 0 0 0 0 0 0 0 0 0 0 0 0 0 0 0 0 0 0 
0 0 0 0 0 0 0 0 0 0 0 0 0 0 0 0 0 0 0 0 0 0 0 0 0 0 0 0 0 0 0 0 0 0 0 0 0 0 0 0 0 0 0 0 0 0 0 0 0 0 0 0 0 0 0 0 0 0 0 0 0 0 0 0 0 0 0 0 0 0 0 0 0 0 0 0 0 0 0 0 0 0 0 0 0 0 0 0 0 0 0 0 0 0 0 0 0 0 0 0 0 0 0 0 0 0 0 0 0 0 0 0 0 0 0 0 0 0 0 0 0 0 0 0 0 0 0 0 
0 0 0 0 0 0 0 0 0 0 0 0 0 0 0 0 0 0 0 0 0 0 0 0 0 0 0 0 0 0 0 0 0 0 0 0 0 0 0 0 0 0 0 0 0 0 0 0 0 0 0 0 0 0 0 0 0 0 0 0 0 0 0 0 0 0 0 0 0 0 0 0 0 0 0 0 0 0 0 0 0 0 0 0 0 0 0 0 0 0 0 0 0 0 0 0 0 0 0 0 0 0 0 0 0 0 0 0 0 0 0 0 0 0 0 0 0 0 0 0 0 0 0 0 0 0 0 0 
0 0 0 0 0 0 0 0 0 0 0 0 0 0 0 0 0 0 0 0 0 0 0 0 0 0 0 0 0 0 0 0 0 0 0 0 0 0 0 0 0 0 0 0 0 0 0 0 0 0 0 0 0 0 0 0 0 0 0 0 0 0 0 0 0 0 0 0 0 0 0 0 0 0 0 0 0 0 0 0 0 0 0 0 0 0 0 0 0 0 0 0 0 0 0 0 0 0 0 0 0 0 0 0 0 0 0 0 0 0 0 0 0 0 0 0 0 0 0 0 0 0 0 0 0 0 0 0 
0 0 0 0 0 0 0 0 0 0 0 0 0 0 0 0 0 0 0 0 0 0 0 0 0 0 0 0 0 0 0 0 0 0 0 0 0 0 0 0 0 0 0 0 0 0 0 0 0 0 0 0 0 0 0 0 0 0 0 0 0 0 0 0 0 0 0 0 0 0 0 0 0 0 0 0 0 0 0 0 0 0 0 0 0 0 0 0 0 0 0 0 0 0 0 0 0 0 0 0 0 0 0 0 0 0 0 0 0 0 0 0 0 0 0 0 0 0 0 0 0 0 0 0 0 0 0 0 
0 0 0 0 0 0 0 0 0 0 0 0 0 0 0 0 0 0 0 0 0 0 0 0 0 0 0 0 0 0 0 0 0 0 0 0 0 0 0 0 0 0 0 0 0 0 0 0 0 0 0 0 0 0 0 0 0 0 0 0 0 0 0 0 0 0 0 0 0 0 0 0 0 0 0 0 0 0 0 0 0 0 0 0 0 0 0 0 0 0 0 0 0 0 0 0 0 0 0 0 0 0 0 0 0 0 0 0 0 0 0 0 0 0 0 0 0 0 0 0 0 0 0 0 0 0 0 0 
0 0 0 0 0 0 0 0 0 0 0 0 0 0 0 0 0 0 0 0 0 0 0 0 0 0 0 0 0 0 0 0 0 0 0 0 0 0 0 0 0 0 0 0 0 0 0 0 0 0 0 0 0 0 0 0 0 0 0 0 0 0 0 0 0 0 0 0 0 0 0 0 0 0 0 0 0 0 0 0 0 0 0 0 0 0 0 0 0 0 0 0 0 0 0 0 0 0 0 0 0 0 0 0 0 0 0 0 0 0 0 0 0 0 0 0 0 0 0 0 0 0 0 0 0 0 0 0 
0 0 0 0 0 0 0 0 0 0 0 0 0 0 0 0 0 0 0 0 0 0 0 0 0 0 0 0 0 0 0 0 0 0 0 0 0 0 0 0 0 0 0 0 0 0 0 0 0 0 0 0 0 0 0 0 0 0 0 0 0 0 0 0 0 0 0 0 0 0 0 0 0 0 0 0 0 0 0 0 0 0 0 0 0 0 0 0 0 0 0 0 0 0 0 0 0 0 0 0 0 0 0 0 0 0 0 0 0 0 0 0 0 0 0 0 0 0 0 0 0 0 0 0 0 0 0 0 
0 0 0 0 0 0 0 0 0 0 0 0 0 0 0 0 0 0 0 0 0 0 0 0 0 0 0 0 0 0 0 0 0 0 0 0 0 0 0 0 0 0 0 0 0 0 0 0 0 0 0 0 0 0 0 0 0 0 0 0 0 0 0 0 0 0 0 0 0 0 0 0 0 0 0 0 0 0 0 0 0 0 0 0 0 0 0 0 0 0 0 0 0 0 0 0 0 0 0 0 0 0 0 0 0 0 0 0 0 0 0 0 0 0 0 0 0 0 0 0 0 0 0 0 0 0 0 0 
0 0 0 0 0 0 0 0 0 0 0 0 0 0 0 0 0 0 0 0 0 0 0 0 0 0 0 0 0 0 0 0 0 0 0 0 0 0 0 0 0 0 0 0 0 0 0 0 0 0 0 0 0 0 0 0 0 0 0 0 0 0 0 0 0 0 0 0 0 0 0 0 0 0 0 0 0 0 0 0 0 0 0 0 0 0 0 0 0 0 0 0 0 0 0 0 0 0 0 0 0 0 0 0 0 0 0 0 0 0 0 0 0 0 0 0 0 0 0 0 0 0 0 0 0 0 0 0 
0 0 0 0 0 0 0 0 0 0 0 0 0 0 0 0 0 0 0 0 0 0 0 0 0 0 0 0 0 0 0 0 0 0 0 0 0 0 0 0 0 0 0 0 0 0 0 0 0 0 0 0 0 0 0 0 0 0 0 0 0 0 0 0 0 0 0 0 0 0 0 0 0 0 0 0 0 0 0 0 0 0 0 0 0 0 0 0 0 0 0 0 0 0 0 0 0 0 0 0 0 0 0 0 0 0 0 0 0 0 0 0 0 0 0 0 0 0 0 0 0 0 0 0 0 0 0 0 
0 0 0 0 0 0 0 0 0 0 0 0 0 0 0 0 0 0 0 0 0 0 0 0 0 0 0 0 0 0 0 0 0 0 0 0 0 0 0 0 0 0 0 0 0 0 0 0 0 0 0 0 0 0 0 0 0 0 0 0 0 0 0 0 0 0 0 0 0 0 0 0 0 0 0 0 0 0 0 0 0 0 0 0 0 0 0 0 0 0 0 0 0 0 0 0 0 0 0 0 0 0 0 0 0 0 0 0 0 0 0 0 0 0 0 0 0 0 0 0 0 0 0 0 0 0 0 0 
0 0 0 0 0 0 0 0 0 0 0 0 0 0 0 0 0 0 0 0 0 0 0 0 0 0 0 0 0 0 0 0 0 0 0 0 0 0 0 0 0 0 0 0 0 0 0 0 0 0 0 0 0 0 0 0 0 0 0 0 0 0 0 0 0 0 0 0 0 0 0 0 0 0 0 0 0 0 0 0 0 0 0 0 0 0 0 0 0 0 0 0 0 0 0 0 0 0 0 0 0 0 0 0 0 0 0 0 0 0 0 0 0 0 0 0 0 0 0 0 0 0 0 0 0 0 0 0 
0 0 0 0 0 0 0 0 0 0 0 0 0 0 0 0 0 0 0 0 0 0 0 0 0 0 0 0 0 0 0 0 0 0 0 0 0 0 0 0 0 0 0 0 0 0 0 0 0 0 0 0 0 0 0 0 0 0 0 0 0 0 0 0 0 0 0 0 0 0 0 0 0 0 0 0 0 0 0 0 0 0 0 0 0 0 0 0 0 0 0 0 0 0 0 0 0 0 0 0 0 0 0 0 0 0 0 0 0 0 0 0 0 0 0 0 0 0 0 0 0 0 0 0 0 0 0 0 
0 0 0 0 0 0 0 0 0 0 0 0 0 0 0 0 0 0 0 0 0 0 0 0 0 0 0 0 0 0 0 0 0 0 0 0 0 0 0 0 0 0 0 0 0 0 0 0 0 0 0 0 0 0 0 0 0 0 0 0 0 0 0 0 0 0 0 0 0 0 0 0 0 0 0 0 0 0 0 0 0 0 0 0 0 0 0 0 0 0 0 0 0 0 0 0 0 0 0 0 0 0 0 0 0 0 0 0 0 0 0 0 0 0 0 0 0 0 0 0 0 0 0 0 0 0 0 0 
0 0 0 0 0 0 0 0 0 0 0 0 0 0 0 0 0 0 0 0 0 0 0 0 0 0 0 0 0 0 0 0 0 0 0 0 0 0 0 0 0 0 0 0 0 0 0 0 0 0 0 0 0 0 0 0 0 0 0 0 0 0 0 0 0 0 0 0 0 0 0 0 0 0 0 0 0 0 0 0 0 0 0 0 0 0 0 0 0 0 0 0 0 0 0 0 0 0 0 0 0 0 0 0 0 0 0 0 0 0 0 0 0 0 0 0 0 0 0 0 0 0 0 0 0 0 0 0 
0 0 0 0 0 0 0 0 0 0 0 0 0 0 0 0 0 0 0 0 0 0 0 0 0 0 0 0 0 0 0 0 0 0 0 0 0 0 0 0 0 0 0 0 0 0 0 0 0 0 0 0 0 0 0 0 0 0 0 0 0 0 0 0 0 0 0 0 0 0 0 0 0 0 0 0 0 0 0 0 0 0 0 0 0 0 0 0 0 0 0 0 0 0 0 0 0 0 0 0 0 0 0 0 0 0 0 0 0 0 0 0 0 0 0 0 0 0 0 0 0 0 0 0 0 0 0 0 
0 0 0 0 0 0 0 0 0 0 0 0 0 0 0 0 0 0 0 0 0 0 0 0 0 0 0 0 0 0 0 0 0 0 0 0 0 0 0 0 0 0 0 0 0 0 0 0 0 0 0 0 0 0 0 0 0 0 0 0 0 0 0 0 0 0 0 0 0 0 0 0 0 0 0 0 0 0 0 0 0 0 0 0 0 0 0 0 0 0 0 0 0 0 0 0 0 0 0 0 0 0 0 0 0 0 0 0 0 0 0 0 0 0 0 0 0 0 0 0 0 0 0 0 0 0 0 0 
0 0 0 0 0 0 0 0 0 0 0 0 0 0 0 0 0 0 0 0 0 0 0 0 0 0 0 0 0 0 0 0 0 0 0 0 0 0 0 0 0 0 0 0 0 0 0 0 0 0 0 0 0 0 0 0 0 0 0 0 0 0 0 0 0 0 0 0 0 0 0 0 0 0 0 0 0 0 0 0 0 0 0 0 0 0 0 0 0 0 0 0 0 0 0 0 0 0 0 0 0 0 0 0 0 0 0 0 0 0 0 0 0 0 0 0 0 0 0 0 0 0 0 0 0 0 0 0 
0 0 0 0 0 0 0 0 0 0 0 0 0 0 0 0 0 0 0 0 0 0 0 0 0 0 0 0 0 0 0 0 0 0 0 0 0 0 0 0 0 0 0 0 0 0 0 0 0 0 0 0 0 0 0 0 0 0 0 0 0 0 0 0 0 0 0 0 0 0 0 0 0 0 0 0 0 0 0 0 0 0 0 0 0 0 0 0 0 0 0 0 0 0 0 0 0 0 0 0 0 0 0 0 0 0 0 0 0 0 0 0 0 0 0 0 0 0 0 0 0 0 0 0 0 0 0 0 
0 0 0 0 0 0 0 0 0 0 0 0 0 0 0 0 0 0 0 0 0 0 0 0 0 0 0 0 0 0 0 0 0 0 0 0 0 0 0 0 0 0 0 0 0 0 0 0 0 0 0 0 0 0 0 0 0 0 0 0 0 0 0 0 0 0 0 0 0 0 0 0 0 0 0 0 0 0 0 0 0 0 0 0 0 0 0 0 0 0 0 0 0 0 0 0 0 0 0 0 0 0 0 0 0 0 0 0 0 0 0 0 0 0 0 0 0 0 0 0 0 0 0 0 0 0 0 0 
0 0 0 0 0 0 0 0 0 0 0 0 0 0 0 0 0 0 0 0 0 0 0 0 0 0 0 0 0 0 0 0 0 0 0 0 0 0 0 0 0 0 0 0 0 0 0 0 0 0 0 0 0 0 0 0 0 0 0 0 0 0 0 0 0 0 0 0 0 0 0 0 0 0 0 0 0 0 0 0 0 0 0 0 0 0 0 0 0 0 0 0 0 0 0 0 0 0 0 0 0 0 0 0 0 0 0 0 0 0 0 0 0 0 0 0 0 0 0 0 0 0 0 0 0 0 0 0 
0 0 0 0 0 0 0 0 0 0 0 0 0 0 0 0 0 0 0 0 0 0 0 0 0 0 0 0 0 0 0 0 0 0 0 0 0 0 0 0 0 0 0 0 0 0 0 0 0 0 0 0 0 0 0 0 0 0 0 0 0 0 0 0 0 0 0 0 0 0 0 0 0 0 0 0 0 0 0 0 0 0 0 0 0 0 0 0 0 0 0 0 0 0 0 0 0 0 0 0 0 0 0 0 0 0 0 0 0 0 0 0 0 0 0 0 0 0 0 0 0 0 0 0 0 0 0 0 
0 0 0 0 0 0 0 0 0 0 0 0 0 0 0 0 0 0 0 0 0 0 0 0 0 0 0 0 0 0 0 0 0 0 0 0 0 0 0 0 0 0 0 0 0 0 0 0 0 0 0 0 0 0 0 0 0 0 0 0 0 0 0 0 0 0 0 0 0 0 0 0 0 0 0 0 0 0 0 0 0 0 0 0 0 0 0 0 0 0 0 0 0 0 0 0 0 0 0 0 0 0 0 0 0 0 0 0 0 0 0 0 0 0 0 0 0 0 0 0 0 0 0 0 0 0 0 0 
0 0 0 0 0 0 0 0 0 0 0 0 0 0 0 0 0 0 0 0 0 0 0 0 0 0 0 0 0 0 0 0 0 0 0 0 0 0 0 0 0 0 0 0 0 0 0 0 0 0 0 0 0 0 0 0 0 0 0 0 0 0 0 0 0 0 0 0 0 0 0 0 0 0 0 0 0 0 0 0 0 0 0 0 0 0 0 0 0 0 0 0 0 0 0 0 0 0 0 0 0 0 0 0 0 0 0 0 0 0 0 0 0 0 0 0 0 0 0 0 0 0 0 0 0 0 0 0 
0 0 0 0 0 0 0 0 0 0 0 0 0 0 0 0 0 0 0 0 0 0 0 0 0 0 0 0 0 0 0 0 0 0 0 0 0 0 0 0 0 0 0 0 0 0 0 0 0 0 0 0 0 0 0 0 0 0 0 0 0 0 0 0 0 0 0 0 0 0 0 0 0 0 0 0 0 0 0 0 0 0 0 0 0 0 0 0 0 0 0 0 0 0 0 0 0 0 0 0 0 0 0 0 0 0 0 0 0 0 0 0 0 0 0 0 0 0 0 0 0 0 0 0 0 0 0 0 
0 0 0 0 0 0 0 0 0 0 0 0 0 0 0 0 0 0 0 0 0 0 0 0 0 0 0 0 0 0 0 0 0 0 0 0 0 0 0 0 0 0 0 0 0 0 0 0 0 0 0 0 0 0 0 0 0 0 0 0 0 0 0 0 0 0 0 0 0 0 0 0 0 0 0 0 0 0 0 0 0 0 0 0 0 0 0 0 0 0 0 0 0 0 0 0 0 0 0 0 0 0 0 0 0 0 0 0 0 0 0 0 0 0 0 0 0 0 0 0 0 0 0 0 0 0 0 0 
0 0 0 0 0 0 0 0 0 0 0 0 0 0 0 0 0 0 0 0 0 0 0 0 0 0 0 0 0 0 0 0 0 0 0 0 0 0 0 0 0 0 0 0 0 0 0 0 0 0 0 0 0 0 0 0 0 0 0 0 0 0 0 0 0 0 0 0 0 0 0 0 0 0 0 0 0 0 0 0 0 0 0 0 0 0 0 0 0 0 0 0 0 0 0 0 0 0 0 0 0 0 0 0 0 0 0 0 0 0 0 0 0 0 0 0 0 0 0 0 0 0 0 0 0 0 0 0 
0 0 0 0 0 0 0 0 0 0 0 0 0 0 0 0 0 0 0 0 0 0 0 0 0 0 0 0 0 0 0 0 0 0 0 0 0 0 0 0 0 0 0 0 0 0 0 0 0 0 0 0 0 0 0 0 0 0 0 0 0 0 0 0 0 0 0 0 0 0 0 0 0 0 0 0 0 0 0 0 0 0 0 0 0 0 0 0 0 0 0 0 0 0 0 0 0 0 0 0 0 0 0 0 0 0 0 0 0 0 0 0 0 0 0 0 0 0 0 0 0 0 0 0 0 0 0 0 
0 0 0 0 0 0 0 0 0 0 0 0 0 0 0 0 0 0 0 0 0 0 0 0 0 0 0 0 0 0 0 0 0 0 0 0 0 0 0 0 0 0 0 0 0 0 0 0 0 0 0 0 0 0 0 0 0 0 0 0 0 0 0 0 0 0 0 0 0 0 0 0 0 0 0 0 0 0 0 0 0 0 0 0 0 0 0 0 0 0 0 0 0 0 0 0 0 0 0 0 0 0 0 0 0 0 0 0 0 0 0 0 0 0 0 0 0 0 0 0 0 0 0 0 0 0 0 0 
0 0 0 0 0 0 0 0 0 0 0 0 0 0 0 0 0 0 0 0 0 0 0 0 0 0 0 0 0 0 0 0 0 0 0 0 0 0 0 0 0 0 0 0 0 0 0 0 0 0 0 0 0 0 0 0 0 0 0 0 0 0 0 0 0 0 0 0 0 0 0 0 0 0 0 0 0 0 0 0 0 0 0 0 0 0 0 0 0 0 0 0 0 0 0 0 0 0 0 0 0 0 0 0 0 0 0 0 0 0 0 0 0 0 0 0 0 0 0 0 0 0 0 0 0 0 0 0 
0 0 0 0 0 0 0 0 0 0 0 0 0 0 0 0 0 0 0 0 0 0 0 0 0 0 0 0 0 0 0 0 0 0 0 0 0 0 0 0 0 0 0 0 0 0 0 0 0 0 0 0 0 0 0 0 0 0 0 0 0 0 0 0 0 0 0 0 0 0 0 0 0 0 0 0 0 0 0 0 0 0 0 0 0 0 0 0 0 0 0 0 0 0 0 0 0 0 0 0 0 0 0 0 0 0 0 0 0 0 0 0 0 0 0 0 0 0 0 0 0 0 0 0 0 0 0 0 
0 0 0 0 0 0 0 0 0 0 0 0 0 0 0 0 0 0 0 0 0 0 0 0 0 0 0 0 0 0 0 0 0 0 0 0 0 0 0 0 0 0 0 0 0 0 0 0 0 0 0 0 0 0 0 0 0 0 0 0 0 0 0 0 0 0 0 0 0 0 0 0 0 0 0 0 0 0 0 0 0 0 0 0 0 0 0 0 0 0 0 0 0 0 0 0 0 0 0 0 0 0 0 0 0 0 0 0 0 0 0 0 0 0 0 0 0 0 0 0 0 0 0 0 0 0 0 0 
0 0 0 0 0 0 0 0 0 0 0 0 0 0 0 0 0 0 0 0 0 0 0 0 0 0 0 0 0 0 0 0 0 0 0 0 0 0 0 0 0 0 0 0 0 0 0 0 0 0 0 0 0 0 0 0 0 0 0 0 0 0 0 0 0 0 0 0 0 0 0 0 0 0 0 0 0 0 0 0 0 0 0 0 0 0 0 0 0 0 0 0 0 0 0 0 0 0 0 0 0 0 0 0 0 0 0 0 0 0 0 0 0 0 0 0 0 0 0 0 0 0 0 0 0 0 0 0 
0 0 0 0 0 0 0 0 0 0 0 0 0 0 0 0 0 0 0 0 0 0 0 0 0 0 0 0 0 0 0 0 0 0 0 0 0 0 0 0 0 0 0 0 0 0 0 0 0 0 0 0 0 0 0 0 0 0 0 0 0 0 0 0 0 0 0 0 0 0 0 0 0 0 0 0 0 0 0 0 0 0 0 0 0 0 0 0 0 0 0 0 0 0 0 0 0 0 0 0 0 0 0 0 0 0 0 0 0 0 0 0 0 0 0 0 0 0 0 0 0 0 0 0 0 0 0 0 
0 0 0 0 0 0 0 0 0 0 0 0 0 0 0 0 0 0 0 0 0 0 0 0 0 0 0 0 0 0 0 0 0 0 0 0 0 0 0 0 0 0 0 0 0 0 0 0 0 0 0 0 0 0 0 0 0 0 0 0 0 0 0 0 0 0 0 0 0 0 0 0 0 0 0 0 0 0 0 0 0 0 0 0 0 0 0 0 0 0 0 0 0 0 0 0 0 0 0 0 0 0 0 0 0 0 0 0 0 0 0 0 0 0 0 0 0 0 0 0 0 0 0 0 0 0 0 0 
0 0 0 0 0 0 0 0 0 0 0 0 0 0 0 0 0 0 0 0 0 0 0 0 0 0 0 0 0 0 0 0 0 0 0 0 0 0 0 0 0 0 0 0 0 0 0 0 0 0 0 0 0 0 0 0 0 0 0 0 0 0 0 0 0 0 0 0 0 0 0 0 0 0 0 0 0 0 0 0 0 0 0 0 0 0 0 0 0 0 0 0 0 0 0 0 0 0 0 0 0 0 0 0 0 0 0 0 0 0 0 0 0 0 0 0 0 0 0 0 0 0 0 0 0 0 0 0 
0 0 0 0 0 0 0 0 0 0 0 0 0 0 0 0 0 0 0 0 0 0 0 0 0 0 0 0 0 0 0 0 0 0 0 0 0 0 0 0 0 0 0 0 0 0 0 0 0 0 0 0 0 0 0 0 0 0 0 0 0 0 0 0 0 0 0 0 0 0 0 0 0 0 0 0 0 0 0 0 0 0 0 0 0 0 0 0 0 0 0 0 0 0 0 0 0 0 0 0 0 0 0 0 0 0 0 0 0 0 0 0 0 0 0 0 0 0 0 0 0 0 0 0 0 0 0 0 
0 0 0 0 0 0 0 0 0 0 0 0 0 0 0 0 0 0 0 0 0 0 0 0 0 0 0 0 0 0 0 0 0 0 0 0 0 0 0 0 0 0 0 0 0 0 0 0 0 0 0 0 0 0 0 0 0 0 0 0 0 0 0 0 0 0 0 0 0 0 0 0 0 0 0 0 0 0 0 0 0 0 0 0 0 0 0 0 0 0 0 0 0 0 0 0 0 0 0 0 0 0 0 0 0 0 0 0 0 0 0 0 0 0 0 0 0 0 0 0 0 0 0 0 0 0 0 0 
0 0 0 0 0 0 0 0 0 0 0 0 0 0 0 0 0 0 0 0 0 0 0 0 0 0 0 0 0 0 0 0 0 0 0 0 0 0 0 0 0 0 0 0 0 0 0 0 0 0 0 0 0 0 0 0 0 0 0 0 0 0 0 0 0 0 0 0 0 0 0 0 0 0 0 0 0 0 0 0 0 0 0 0 0 0 0 0 0 0 0 0 0 0 0 0 0 0 0 0 0 0 0 0 0 0 0 0 0 0 0 0 0 0 0 0 0 0 0 0 0 0 0 0 0 0 0 0 
0 0 0 0 0 0 0 0 0 0 0 0 0 0 0 0 0 0 0 0 0 0 0 0 0 0 0 0 0 0 0 0 0 0 0 0 0 0 0 0 0 0 0 0 0 0 0 0 0 0 0 0 0 0 0 0 0 0 0 0 0 0 0 0 0 0 0 0 0 0 0 0 0 0 0 0 0 0 0 0 0 0 0 0 0 0 0 0 0 0 0 0 0 0 0 0 0 0 0 0 0 0 0 0 0 0 0 0 0 0 0 0 0 0 0 0 0 0 0 0 0 0 0 0 0 0 0 0 
0 0 0 0 0 0 0 0 0 0 0 0 0 0 0 0 0 0 0 0 0 0 0 0 0 0 0 0 0 0 0 0 0 0 0 0 0 0 0 0 0 0 0 0 0 0 0 0 0 0 0 0 0 0 0 0 0 0 0 0 0 0 0 0 0 0 0 0 0 0 0 0 0 0 0 0 0 0 0 0 0 0 0 0 0 0 0 0 0 0 0 0 0 0 0 0 0 0 0 0 0 0 0 0 0 0 0 0 0 0 0 0 0 0 0 0 0 0 0 0 0 0 0 0 0 0 0 0 
0 0 0 0 0 0 0 0 0 0 0 0 0 0 0 0 0 0 0 0 0 0 0 0 0 0 0 0 0 0 0 0 0 0 0 0 0 0 0 0 0 0 0 0 0 0 0 0 0 0 0 0 0 0 0 0 0 0 0 0 0 0 0 0 0 0 0 0 0 0 0 0 0 0 0 0 0 0 0 0 0 0 0 0 0 0 0 0 0 0 0 0 0 0 0 0 0 0 0 0 0 0 0 0 0 0 0 0 0 0 0 0 0 0 0 0 0 0 0 0 0 0 0 0 0 0 0 0 
0 0 0 0 0 0 0 0 0 0 0 0 0 0 0 0 0 0 0 0 0 0 0 0 0 0 0 0 0 0 0 0 0 0 0 0 0 0 0 0 0 0 0 0 0 0 0 0 0 0 0 0 0 0 0 0 0 0 0 0 0 0 0 0 0 0 0 0 0 0 0 0 0 0 0 0 0 0 0 0 0 0 0 0 0 0 0 0 0 0 0 0 0 0 0 0 0 0 0 0 0 0 0 0 0 0 0 0 0 0 0 0 0 0 0 0 0 0 0 0 0 0 0 0 0 0 0 0 
0 0 0 0 0 0 0 0 0 0 0 0 0 0 0 0 0 0 0 0 0 0 0 0 0 0 0 0 0 0 0 0 0 0 0 0 0 0 0 0 0 0 0 0 0 0 0 0 0 0 0 0 0 0 0 0 0 0 0 0 0 0 0 0 0 0 0 0 0 0 0 0 0 0 0 0 0 0 0 0 0 0 0 0 0 0 0 0 0 0 0 0 0 0 0 0 0 0 0 0 0 0 0 0 0 0 0 0 0 0 0 0 0 0 0 0 0 0 0 0 0 0 0 0 0 0 0 0 
0 0 0 0 0 0 0 0 0 0 0 0 0 0 0 0 0 0 0 0 0 0 0 0 0 0 0 0 0 0 0 0 0 0 0 0 0 0 0 0 0 0 0 0 0 0 0 0 0 0 0 0 0 0 0 0 0 0 0 0 0 0 0 0 0 0 0 0 0 0 0 0 0 0 0 0 0 0 0 0 0 0 0 0 0 0 0 0 0 0 0 0 0 0 0 0 0 0 0 0 0 0 0 0 0 0 0 0 0 0 0 0 0 0 0 0 0 0 0 0 0 0 0 0 0 0 0 0 
0 0 0 0 0 0 0 0 0 0 0 0 0 0 0 0 0 0 0 0 0 0 0 0 0 0 0 0 0 0 0 0 0 0 0 0 0 0 0 0 0 0 0 0 0 0 0 0 0 0 0 0 0 0 0 0 0 0 0 0 0 0 0 0 0 0 0 0 0 0 0 0 0 0 0 0 0 0 0 0 0 0 0 0 0 0 0 0 0 0 0 0 0 0 0 0 0 0 0 0 0 0 0 0 0 0 0 0 0 0 0 0 0 0 0 0 0 0 0 0 0 0 0 0 0 0 0 0 
Tensor: shape[ 1 3 ] strides[ 3 1 ] dtype=I32 device=MOORE:0
0 0 0 
Tensor: shape[ 1 ] strides[ 1 ] dtype=I32 device=MOORE:0
1 
Tensor: shape[ 16000 ] strides[ 1 ] dtype=I32 device=MOORE:0
2 0 0 0 0 0 0 0 0 0 1 0 0 1 0 1 0 0 1 0 1 1 0 1 0 0 0 0 0 0 0 0 0 0 0 0 0 0 0 0 0 0 0 0 0 0 0 0 0 0 0 0 0 0 0 0 0 0 0 0 0 0 0 0 0 0 0 0 0 0 0 0 0 0 0 0 0 0 0 0 0 0 0 0 0 0 0 0 0 0 0 0 0 0 0 0 0 0 0 0 0 0 0 0 0 0 0 0 0 0 0 0 0 0 0 0 0 0 0 0 0 0 0 0 0 0 0 0 0 0 0 0 0 0 0 0 0 0 0 0 0 0 0 0 0 0 0 0 0 0 0 0 0 0 0 0 0 0 0 0 0 0 0 0 0 0 0 0 0 0 0 0 0 0 0 0 0 0 0 0 0 0 0 0 0 0 0 0 0 0 0 0 0 0 0 0 0 0 0 0 0 0 0 0 0 0 0 0 0 0 0 0 0 0 0 0 0 0 0 0 0 0 0 0 0 0 0 0 0 0 0 0 0 0 0 0 0 0 0 0 0 0 0 0 0 0 0 0 0 0 0 0 0 0 0 0 0 0 0 0 0 0 0 0 0 0 0 0 0 0 0 0 0 0 0 0 0 0 0 0 0 0 0 0 0 0 0 0 0 0 0 0 0 0 0 0 0 0 0 0 0 0 0 0 0 0 0 0 0 0 0 0 0 0 0 0 0 0 0 0 0 0 0 0 0 0 0 0 0 0 0 0 0 0 0 0 0 0 0 0 0 0 0 0 0 0 0 0 0 0 0 0 0 0 0 0 0 0 0 0 0 0 0 0 0 0 0 0 0 0 0 0 0 0 0 0 0 0 0 0 0 0 0 0 0 0 0 0 0 0 0 0 0 0 0 0 0 0 0 0 0 0 0 0 0 0 0 0 0 0 0 0 0 0 0 0 0 0 0 0 0 0 0 0 0 0 0 0 0 0 0 0 0 0 0 0 0 0 0 0 0 0 0 0 0 0 0 0 0 0 0 0 0 0 0 0 0 0 0 0 0 0 0 0 0 0 0 0 0 0 0 0 0 0 0 0 0 0 0 0 0 0 0 0 0 0 0 0 0 0 0 0 0 0 0 0 0 0 0 0 0 0 0 0 0 0 0 0 0 0 0 0 0 0 0 0 0 0 0 0 0 0 0 0 0 0 0 0 0 0 0 0 0 0 0 0 0 0 0 0 0 0 0 0 0 0 0 0 0 0 0 0 0 0 0 0 0 0 0 0 0 0 0 0 0 0 0 0 0 0 0 0 0 0 0 0 0 0 0 0 0 0 0 0 0 0 0 0 0 0 0 0 0 0 0 0 0 0 0 0 0 0 0 0 0 0 0 0 0 0 0 0 0 0 0 0 0 0 0 0 0 0 0 0 0 0 0 0 0 0 0 0 0 0 0 0 0 0 0 0 0 0 0 0 0 0 0 0 0 0 0 0 0 0 0 0 0 0 0 0 0 0 0 0 0 0 0 0 0 0 0 0 0 0 0 0 0 0 0 0 0 0 0 0 0 0 0 0 0 0 0 0 0 0 0 0 0 0 0 0 0 0 0 0 0 0 0 0 0 0 0 0 0 0 0 0 0 0 0 0 0 0 0 0 0 0 0 0 0 0 0 0 0 0 0 0 0 0 0 0 0 0 0 0 0 0 0 0 0 0 0 0 0 0 0 0 0 0 0 0 0 0 0 0 0 0 0 0 0 0 0 0 0 0 0 0 0 0 0 0 0 0 0 0 0 0 0 0 0 0 0 0 0 0 0 0 0 0 0 0 0 0 0 0 0 0 0 0 0 0 0 0 0 0 0 0 0 0 0 0 0 0 0 0 0 0 0 0 0 0 0 0 0 0 0 0 0 0 0 0 0 0 0 0 0 0 0 0 0 0 0 0 0 0 0 0 0 0 0 0 0 0 0 0 0 0 0 0 0 0 0 0 0 0 0 0 0 0 0 0 0 0 0 0 0 0 0 0 0 0 0 0 0 0 0 0 0 0 0 0 0 0 0 0 0 0 0 0 0 0 0 0 0 0 0 0 0 0 0 0 0 0 0 0 0 0 0 0 0 0 0 0 0 0 0 0 0 0 0 0 0 0 0 0 0 0 0 0 0 0 0 0 0 0 0 0 0 0 0 0 0 0 0 0 0 0 0 0 0 0 0 0 0 0 0 0 0 0 0 0 0 0 0 0 0 0 0 0 0 0 0 0 0 0 0 0 0 0 0 0 0 0 0 0 0 0 0 0 0 0 0 0 0 0 0 0 0 0 0 0 0 0 0 0 0 0 0 0 0 0 0 0 0 0 0 0 0 0 0 0 0 0 0 0 0 0 0 0 0 0 0 0 0 0 0 0 0 0 0 0 0 0 0 0 0 0 0 0 0 0 0 0 0 0 0 0 0 0 0 0 0 0 0 0 0 0 0 0 0 0 0 0 0 0 0 0 0 0 0 0 0 0 0 0 0 0 0 0 0 0 0 0 0 0 0 0 0 0 0 0 0 0 0 0 0 0 0 0 0 0 0 0 0 0 0 0 0 0 0 0 0 0 0 0 0 0 0 0 0 0 0 0 0 0 0 0 0 0 0 0 0 0 0 0 0 0 0 0 0 0 0 0 0 0 0 0 0 0 0 0 0 0 0 0 0 0 0 0 0 0 0 0 0 0 0 0 0 0 0 0 0 0 0 0 0 0 0 0 0 0 0 0 0 0 0 0 0 0 0 0 0 0 0 0 0 0 0 0 0 0 0 0 0 0 0 0 0 0 0 0 0 0 0 0 0 0 0 0 0 0 0 0 0 0 0 0 0 0 0 0 0 0 0 0 0 0 0 0 0 0 0 0 0 0 0 0 0 0 0 0 0 0 0 0 0 0 0 0 0 0 0 0 0 0 0 0 0 0 0 0 0 0 0 0 0 0 0 0 0 0 0 0 0 0 0 0 0 0 0 0 0 0 0 0 0 0 0 0 0 0 0 0 0 0 0 0 0 0 0 0 0 0 0 0 0 0 0 0 0 0 0 0 0 0 0 0 0 0 0 0 0 0 0 0 0 0 0 0 0 0 0 0 0 0 0 0 0 0 0 0 0 0 0 0 0 0 0 0 0 0 0 0 0 0 0 0 0 0 0 0 0 0 0 0 0 0 0 0 0 0 0 0 0 0 0 0 0 0 0 0 0 0 0 0 0 0 0 0 0 0 0 0 0 0 0 0 0 0 0 0 0 0 0 0 0 0 0 0 0 0 0 0 0 0 0 0 0 0 0 0 0 0 0 0 0 0 0 0 0 0 0 0 0 0 0 0 0 0 0 0 0 0 0 0 0 0 0 0 0 0 0 0 0 0 0 0 0 0 0 0 0 0 0 0 0 0 0 0 0 0 0 0 0 0 0 0 0 0 0 0 0 0 0 0 0 0 0 0 0 0 0 0 0 0 0 0 0 0 0 0 0 0 0 0 0 0 0 0 0 0 0 0 0 0 0 0 0 0 0 0 0 0 0 0 0 0 0 0 0 0 0 0 0 0 0 0 0 0 0 0 0 0 0 0 0 0 0 0 0 0 0 0 0 0 0 0 0 0 0 0 0 0 0 0 0 0 0 0 0 0 0 0 0 0 0 0 0 0 0 0 0 0 0 0 0 0 0 0 0 0 0 0 0 0 0 0 0 0 0 0 0 0 0 0 0 0 0 0 0 0 0 0 0 0 0 0 0 0 0 0 0 0 0 0 0 0 0 0 0 0 0 0 0 0 0 0 0 0 0 0 0 0 0 0 0 0 0 0 0 0 0 0 0 0 0 0 0 0 0 0 0 0 0 0 0 0 0 0 0 0 0 0 0 0 0 0 0 0 0 0 0 0 0 0 0 0 0 0 0 0 0 0 0 0 0 0 0 0 0 0 0 0 0 0 0 0 0 0 0 0 0 0 0 0 0 0 0 0 0 0 0 0 0 0 0 0 0 0 0 0 0 0 0 0 0 0 0 0 0 0 0 0 0 0 0 0 0 0 0 0 0 0 0 0 0 0 0 0 0 0 0 0 0 0 0 0 0 0 0 0 0 0 0 0 0 0 0 0 0 0 0 0 0 0 0 0 0 0 0 0 0 0 0 0 0 0 0 0 0 0 0 0 0 0 0 0 0 0 0 0 0 0 0 0 0 0 0 0 0 0 0 0 0 0 0 0 0 0 0 0 0 0 0 0 0 0 0 0 0 0 0 0 0 0 0 0 0 0 0 0 0 0 0 0 0 0 0 0 0 0 0 0 0 0 0 0 0 0 0 0 0 0 0 0 0 0 0 0 0 0 0 0 0 0 0 0 0 0 0 0 0 0 0 0 0 0 0 0 0 0 0 0 0 0 0 0 0 0 0 0 0 0 0 0 0 0 0 0 0 0 0 0 0 0 0 0 0 0 0 0 0 0 0 0 0 0 0 0 0 0 0 0 0 0 0 0 0 0 0 0 0 0 0 0 0 0 0 0 0 0 0 0 0 0 0 0 0 0 0 0 0 0 0 0 0 0 0 0 0 0 0 0 0 0 0 0 0 0 0 0 0 0 0 0 0 0 0 0 0 0 0 0 0 0 0 0 0 0 0 0 0 0 0 0 0 0 0 0 0 0 0 0 0 0 0 0 0 0 0 0 0 0 0 0 0 0 0 0 0 0 0 0 0 0 0 0 0 0 0 0 0 0 0 0 0 0 0 0 0 0 0 0 0 0 0 0 0 0 0 0 0 0 0 0 0 0 0 0 0 0 0 0 0 0 0 0 0 0 0 0 0 0 0 0 0 0 0 0 0 0 0 0 0 0 0 0 0 0 0 0 0 0 0 0 0 0 0 0 0 0 0 0 0 0 0 0 0 0 0 0 0 0 0 0 0 0 0 0 0 0 0 0 0 0 0 0 0 0 0 0 0 0 0 0 0 0 0 0 0 0 0 0 0 0 0 0 0 0 0 0 0 0 0 0 0 0 0 0 0 0 0 0 0 0 0 0 0 0 0 0 0 0 0 0 0 0 0 0 0 0 0 0 0 0 0 0 0 0 0 0 0 0 0 0 0 0 0 0 0 0 0 0 0 0 0 0 0 0 0 0 0 0 0 0 0 0 0 0 0 0 0 0 0 0 0 0 0 0 0 0 0 0 0 0 0 0 0 0 0 0 0 0 0 0 0 0 0 0 0 0 0 0 0 0 0 0 0 0 0 0 0 0 0 0 0 0 0 0 0 0 0 0 0 0 0 0 0 0 0 0 0 0 0 0 0 0 0 0 0 0 0 0 0 0 0 0 0 0 0 0 0 0 0 0 0 0 0 0 0 0 0 0 0 0 0 0 0 0 0 0 0 0 0 0 0 0 0 0 0 0 0 0 0 0 0 0 0 0 0 0 0 0 0 0 0 0 0 0 0 0 0 0 0 0 0 0 0 0 0 0 0 0 0 0 0 0 0 0 0 0 0 0 0 0 0 0 0 0 0 0 0 0 0 0 0 0 0 0 0 0 0 0 0 0 0 0 0 0 0 0 0 0 0 0 0 0 0 0 0 0 0 0 0 0 0 0 0 0 0 0 0 0 0 0 0 0 0 0 0 0 0 0 0 0 0 0 0 0 0 0 0 0 0 0 0 0 0 0 0 0 0 0 0 0 0 0 0 0 0 0 0 0 0 0 0 0 0 0 0 0 0 0 0 0 0 0 0 0 0 0 0 0 0 0 0 0 0 0 0 0 0 0 0 0 0 0 0 0 0 0 0 0 0 0 0 0 0 0 0 0 0 0 0 0 0 0 0 0 0 0 0 0 0 0 0 0 0 0 0 0 0 0 0 0 0 0 0 0 0 0 0 0 0 0 0 0 0 0 0 0 0 0 0 0 0 0 0 0 0 0 0 0 0 0 0 0 0 0 0 0 0 0 0 0 0 0 0 0 0 0 0 0 0 0 0 0 0 0 0 0 0 0 0 0 0 0 0 0 0 0 0 0 0 0 0 0 0 0 0 0 0 0 0 0 0 0 0 0 0 0 0 0 0 0 0 0 0 0 0 0 0 0 0 0 0 0 0 0 0 0 0 0 0 0 0 0 0 0 0 0 0 0 0 0 0 0 0 0 0 0 0 0 0 0 0 0 0 0 0 0 0 0 0 0 0 0 0 0 0 0 0 0 0 0 0 0 0 0 0 0 0 0 0 0 0 0 0 0 0 0 0 0 0 0 0 0 0 0 0 0 0 0 0 0 0 0 0 0 0 0 0 0 0 0 0 0 0 0 0 0 0 0 0 0 0 0 0 0 0 0 0 0 0 0 0 0 0 0 0 0 0 0 0 0 0 0 0 0 0 0 0 0 0 0 0 0 0 0 0 0 0 0 0 0 0 0 0 0 0 0 0 0 0 0 0 0 0 0 0 0 0 0 0 0 0 0 0 0 0 0 0 0 0 0 0 0 0 0 0 0 0 0 0 0 0 0 0 0 0 0 0 0 0 0 0 0 0 0 0 0 0 0 0 0 0 0 0 0 0 0 0 0 0 0 0 0 0 0 0 0 0 0 0 0 0 0 0 0 0 0 0 0 0 0 0 0 0 0 0 0 0 0 0 0 0 0 0 0 0 0 0 0 0 0 0 0 0 0 0 0 0 0 0 0 0 0 0 0 0 0 0 0 0 0 0 0 0 0 0 0 0 0 0 0 0 0 0 0 0 0 0 0 0 0 0 0 0 0 0 0 0 0 0 0 0 0 0 0 0 0 0 0 0 0 0 0 0 0 0 0 0 0 0 0 0 0 0 0 0 0 0 0 0 0 0 0 0 0 0 0 0 0 0 0 0 0 0 0 0 0 0 0 0 0 0 0 0 0 0 0 0 0 0 0 0 0 0 0 0 0 0 0 0 0 0 0 0 0 0 0 0 0 0 0 0 0 0 0 0 0 0 0 0 0 0 0 0 0 0 0 0 0 0 0 0 0 0 0 0 0 0 0 0 0 0 0 0 0 0 0 0 0 0 0 0 0 0 0 0 0 0 0 0 0 0 0 0 0 0 0 0 0 0 0 0 0 0 0 0 0 0 0 0 0 0 0 0 0 0 0 0 0 0 0 0 0 0 0 0 0 0 0 0 0 0 0 0 0 0 0 0 0 0 0 0 0 0 0 0 0 0 0 0 0 0 0 0 0 0 0 0 0 0 0 0 0 0 0 0 0 0 0 0 0 0 0 0 0 0 0 0 0 0 0 0 0 0 0 0 0 0 0 0 0 0 0 0 0 0 0 0 0 0 0 0 0 0 0 0 0 0 0 0 0 0 0 0 0 0 0 0 0 0 0 0 0 0 0 0 0 0 0 0 0 0 0 0 0 0 0 0 0 0 0 0 0 0 0 0 0 0 0 0 0 0 0 0 0 0 0 0 0 0 0 0 0 0 0 0 0 0 0 0 0 0 0 0 0 0 0 0 0 0 0 0 0 0 0 0 0 0 0 0 0 0 0 0 0 0 0 0 0 0 0 0 0 0 0 0 0 0 0 0 0 0 0 0 0 0 0 0 0 0 0 0 0 0 0 0 0 0 0 0 0 0 0 0 0 0 0 0 0 0 0 0 0 0 0 0 0 0 0 0 0 0 0 0 0 0 0 0 0 0 0 0 0 0 0 0 0 0 0 0 0 0 0 0 0 0 0 0 0 0 0 0 0 0 0 0 0 0 0 0 0 0 0 0 0 0 0 0 0 0 0 0 0 0 0 0 0 0 0 0 0 0 0 0 0 0 0 0 0 0 0 0 0 0 0 0 0 0 0 0 0 0 0 0 0 0 0 0 0 0 0 0 0 0 0 0 0 0 0 0 0 0 0 0 0 0 0 0 0 0 0 0 0 0 0 0 0 0 0 0 0 0 0 0 0 0 0 0 0 0 0 0 0 0 0 0 0 0 0 0 0 0 0 0 0 0 0 0 0 0 0 0 0 0 0 0 0 0 0 0 0 0 0 0 0 0 0 0 0 0 0 0 0 0 0 0 0 0 0 0 0 0 0 0 0 0 0 0 0 0 0 0 0 0 0 0 0 0 0 0 0 0 0 0 0 0 0 0 0 0 0 0 0 0 0 0 0 0 0 0 0 0 0 0 0 0 0 0 0 0 0 0 0 0 0 0 0 0 0 0 0 0 0 0 0 0 0 0 0 0 0 0 0 0 0 0 0 0 0 0 0 0 0 0 0 0 0 0 0 0 0 0 0 0 0 0 0 0 0 0 0 0 0 0 0 0 0 0 0 0 0 0 0 0 0 0 0 0 0 0 0 0 0 0 0 0 0 0 0 0 0 0 0 0 0 0 0 0 0 0 0 0 0 0 0 0 0 0 0 0 0 0 0 0 0 0 0 0 0 0 0 0 0 0 0 0 0 0 0 0 0 0 0 0 0 0 0 0 0 0 0 0 0 0 0 0 0 0 0 0 0 0 0 0 0 0 0 0 0 0 0 0 0 0 0 0 0 0 0 0 0 0 0 0 0 0 0 0 0 0 0 0 0 0 0 0 0 0 0 0 0 0 0 0 0 0 0 0 0 0 0 0 0 0 0 0 0 0 0 0 0 0 0 0 0 0 0 0 0 0 0 0 0 0 0 0 0 0 0 0 0 0 0 0 0 0 0 0 0 0 0 0 0 0 0 0 0 0 0 0 0 0 0 0 0 0 0 0 0 0 0 0 0 0 0 0 0 0 0 0 0 0 0 0 0 0 0 0 0 0 0 0 0 0 0 0 0 0 0 0 0 0 0 0 0 0 0 0 0 0 0 0 0 0 0 0 0 0 0 0 0 0 0 0 0 0 0 0 0 0 0 0 0 0 0 0 0 0 0 0 0 0 0 0 0 0 0 0 0 0 0 0 0 0 0 0 0 0 0 0 0 0 0 0 0 0 0 0 0 0 0 0 0 0 0 0 0 0 0 0 0 0 0 0 0 0 0 0 0 0 0 0 0 0 0 0 0 0 0 0 0 0 0 0 0 0 0 0 0 0 0 0 0 0 0 0 0 0 0 0 0 0 0 0 0 0 0 0 0 0 0 0 0 0 0 0 0 0 0 0 0 0 0 0 0 0 0 0 0 0 0 0 0 0 0 0 0 0 0 0 0 0 0 0 0 0 0 0 0 0 0 0 0 0 0 0 0 0 0 0 0 0 0 0 0 0 0 0 0 0 0 0 0 0 0 0 0 0 0 0 0 0 0 0 0 0 0 0 0 0 0 0 0 0 0 0 0 0 0 0 0 0 0 0 0 0 0 0 0 0 0 0 0 0 0 0 0 0 0 0 0 0 0 0 0 0 0 0 0 0 0 0 0 0 0 0 0 0 0 0 0 0 0 0 0 0 0 0 0 0 0 0 0 0 0 0 0 0 0 0 0 0 0 0 0 0 0 0 0 0 0 0 0 0 0 0 0 0 0 0 0 0 0 0 0 0 0 0 0 0 0 0 0 0 0 0 0 0 0 0 0 0 0 0 0 0 0 0 0 0 0 0 0 0 0 0 0 0 0 0 0 0 0 0 0 0 0 0 0 0 0 0 0 0 0 0 0 0 0 0 0 0 0 0 0 0 0 0 0 0 0 0 0 0 0 0 0 0 0 0 0 0 0 0 0 0 0 0 0 0 0 0 0 0 0 0 0 0 0 0 0 0 0 0 0 0 0 0 0 0 0 0 0 0 0 0 0 0 0 0 0 0 0 0 0 0 0 0 0 0 0 0 0 0 0 0 0 0 0 0 0 0 0 0 0 0 0 0 0 0 0 0 0 0 0 0 0 0 0 0 0 0 0 0 0 0 0 0 0 0 0 0 0 0 0 0 0 0 0 0 0 0 0 0 0 0 0 0 0 0 0 0 0 0 0 0 0 0 0 0 0 0 0 0 0 0 0 0 0 0 0 0 0 0 0 0 0 0 0 0 0 0 0 0 0 0 0 0 0 0 0 0 0 0 0 0 0 0 0 0 0 0 0 0 0 0 0 0 0 0 0 0 0 0 0 0 0 0 0 0 0 0 0 0 0 0 0 0 0 0 0 0 0 0 0 0 0 0 0 0 0 0 0 0 0 0 0 0 0 0 0 0 0 0 0 0 0 0 0 0 0 0 0 0 0 0 0 0 0 0 0 0 0 0 0 0 0 0 0 0 0 0 0 0 0 0 0 0 0 0 0 0 0 0 0 0 0 0 0 0 0 0 0 0 0 0 0 0 0 0 0 0 0 0 0 0 0 0 0 0 0 0 0 0 0 0 0 0 0 0 0 0 0 0 0 0 0 0 0 0 0 0 0 0 0 0 0 0 0 0 0 0 0 0 0 0 0 0 0 0 0 0 0 0 0 0 0 0 0 0 0 0 0 0 0 0 0 0 0 0 0 0 0 0 0 0 0 0 0 0 0 0 0 0 0 0 0 0 0 0 0 0 0 0 0 0 0 0 0 0 0 0 0 0 0 0 0 0 0 0 0 0 0 0 0 0 0 0 0 0 0 0 0 0 0 0 0 0 0 0 0 0 0 0 0 0 0 0 0 0 0 0 0 0 0 0 0 0 0 0 0 0 0 0 0 0 0 0 0 0 0 0 0 0 0 0 0 0 0 0 0 0 0 0 0 0 0 0 0 0 0 0 0 0 0 0 0 0 0 0 0 0 0 0 0 0 0 0 0 0 0 0 0 0 0 0 0 0 0 0 0 0 0 0 0 0 0 0 0 0 0 0 0 0 0 0 0 0 0 0 0 0 0 0 0 0 0 0 0 0 0 0 0 0 0 0 0 0 0 0 0 0 0 0 0 0 0 0 0 0 0 0 0 0 0 0 0 0 0 0 0 0 0 0 0 0 0 0 0 0 0 0 0 0 0 0 0 0 0 0 0 0 0 0 0 0 0 0 0 0 0 0 0 0 0 0 0 0 0 0 0 0 0 0 0 0 0 0 0 0 0 0 0 0 0 0 0 0 0 0 0 0 0 0 0 0 0 0 0 0 0 0 0 0 0 0 0 0 0 0 0 0 0 0 0 0 0 0 0 0 0 0 0 0 0 0 0 0 0 0 0 0 0 0 0 0 0 0 0 0 0 0 0 0 0 0 0 0 0 0 0 0 0 0 0 0 0 0 0 0 0 0 0 0 0 0 0 0 0 0 0 0 0 0 0 0 0 0 0 0 0 0 0 0 0 0 0 0 0 0 0 0 0 0 0 0 0 0 0 0 0 0 0 0 0 0 0 0 0 0 0 0 0 0 0 0 0 0 0 0 0 0 0 0 0 0 0 0 0 0 0 0 0 0 0 0 0 0 0 0 0 0 0 0 0 0 0 0 0 0 0 0 0 0 0 0 0 0 0 0 0 0 0 0 0 0 0 0 0 0 0 0 0 0 0 0 0 0 0 0 0 0 0 0 0 0 0 0 0 0 0 0 0 0 0 0 0 0 0 0 0 0 0 0 0 0 0 0 0 0 0 0 0 0 0 0 0 0 0 0 0 0 0 0 0 0 0 0 0 0 0 0 0 0 0 0 0 0 0 0 0 0 0 0 0 0 0 0 0 0 0 0 0 0 0 0 0 0 0 0 0 0 0 0 0 0 0 0 0 0 0 0 0 0 0 0 0 0 0 0 0 0 0 0 0 0 0 0 0 0 0 0 0 0 0 0 0 0 0 0 0 0 0 0 0 0 0 0 0 0 0 0 0 0 0 0 0 0 0 0 0 0 0 0 0 0 0 0 0 0 0 0 0 0 0 0 0 0 0 0 0 0 0 0 0 0 0 0 0 0 0 0 0 0 0 0 0 0 0 0 0 0 0 0 0 0 0 0 0 0 0 0 0 0 0 0 0 0 0 0 0 0 0 0 0 0 0 0 0 0 0 0 0 0 0 0 0 0 0 0 0 0 0 0 0 0 0 0 0 0 0 0 0 0 0 0 0 0 0 0 0 0 0 0 0 0 0 0 0 0 0 0 0 0 0 0 0 0 0 0 0 0 0 0 0 0 0 0 0 0 0 0 0 0 0 0 0 0 0 0 0 0 0 0 0 0 0 0 0 0 0 0 0 0 0 0 0 0 0 0 0 0 0 0 0 0 0 0 0 0 0 0 0 0 0 0 0 0 0 0 0 0 0 0 0 0 0 0 0 0 0 0 0 0 0 0 0 0 0 0 0 0 0 0 0 0 0 0 0 0 0 0 0 0 0 0 0 0 0 0 0 0 0 0 0 0 0 0 0 0 0 0 0 0 0 0 0 0 0 0 0 0 0 0 0 0 0 0 0 0 0 0 0 0 0 0 0 0 0 0 0 0 0 0 0 0 0 0 0 0 0 0 0 0 0 0 0 0 0 0 0 0 0 0 0 0 0 0 0 0 0 0 0 0 0 0 0 0 0 0 0 0 0 0 0 0 0 0 0 0 0 0 0 0 0 0 0 0 0 0 0 0 0 0 0 0 0 0 0 0 0 0 0 0 0 0 0 0 0 0 0 0 0 0 0 0 0 0 0 0 0 0 0 0 0 0 0 0 0 0 0 0 0 0 0 0 0 0 0 0 0 0 0 0 0 0 0 0 0 0 0 0 0 0 0 0 0 0 0 0 0 0 0 0 0 0 0 0 0 0 0 0 0 0 0 0 0 0 0 0 0 0 0 0 0 0 0 0 0 0 0 0 0 0 0 0 0 0 0 0 0 0 0 0 0 0 0 0 0 0 0 0 0 0 0 0 0 0 0 0 0 0 0 0 0 0 0 0 0 0 0 0 0 0 0 0 0 0 0 0 0 0 0 0 0 0 0 0 0 0 0 0 0 0 0 0 0 0 0 0 0 0 0 0 0 0 0 0 0 0 0 0 0 0 0 0 0 0 0 0 0 0 0 0 0 0 0 0 0 0 0 0 0 0 0 0 0 0 0 0 0 0 0 0 0 0 0 0 0 0 0 0 0 0 0 0 0 0 0 0 0 0 0 0 0 0 0 0 0 0 0 0 0 0 0 0 0 0 0 0 0 0 0 0 0 0 0 0 0 0 0 0 0 0 0 0 0 0 0 0 0 0 0 0 0 0 0 0 0 0 0 0 0 0 0 0 0 0 0 0 0 0 0 0 0 0 0 0 0 0 0 0 0 0 0 0 0 0 0 0 0 0 0 0 0 0 0 0 0 0 0 0 0 0 0 0 0 0 0 0 0 0 0 0 0 0 0 0 0 0 0 0 0 0 0 0 0 0 0 0 0 0 0 0 0 0 0 0 0 0 0 0 0 0 0 0 0 0 0 0 0 0 0 0 0 0 0 0 0 0 0 0 0 0 0 0 0 0 0 0 0 0 0 0 0 0 0 0 0 0 0 0 0 0 0 0 0 0 0 0 0 0 0 0 0 0 0 0 0 0 0 0 0 0 0 0 0 0 0 0 0 0 0 0 0 0 0 0 0 0 0 0 0 0 0 0 0 0 0 0 0 0 0 0 0 0 0 0 0 0 0 0 0 0 0 0 0 0 0 0 0 0 0 0 0 0 0 0 0 0 0 0 0 0 0 0 0 0 0 0 0 0 0 0 0 0 0 0 0 0 0 0 0 0 0 0 0 0 0 0 0 0 0 0 0 0 0 0 0 0 0 0 0 0 0 0 0 0 0 0 0 0 0 0 0 0 0 0 0 0 0 0 0 0 0 0 0 0 0 0 0 0 0 0 0 0 0 0 0 0 0 0 0 0 0 0 0 0 0 0 0 0 0 0 0 0 0 0 0 0 0 0 0 0 0 0 0 0 0 0 0 0 0 0 0 0 0 0 0 0 0 0 0 0 0 0 0 0 0 0 0 0 0 0 0 0 0 0 0 0 0 0 0 0 0 0 0 0 0 0 0 0 0 0 0 0 0 0 0 0 0 0 0 0 0 0 0 0 0 0 0 0 0 0 0 0 0 0 0 0 0 0 0 0 0 0 0 0 0 0 0 0 0 0 0 0 0 0 0 0 0 0 0 0 0 0 0 0 0 0 0 0 0 0 0 0 0 0 0 0 0 0 0 0 0 0 0 0 0 0 0 0 0 0 0 0 0 0 0 0 0 0 0 0 0 0 0 0 0 0 0 0 0 0 0 0 0 0 0 0 0 0 0 0 0 0 0 0 0 0 0 0 0 0 0 0 0 0 0 0 0 0 0 0 0 0 0 0 0 0 0 0 0 0 0 0 0 0 0 0 0 0 0 0 0 0 0 0 0 0 0 0 0 0 0 0 0 0 0 0 0 0 0 0 0 0 0 0 0 0 0 0 0 0 0 0 0 0 0 0 0 0 0 0 0 0 0 0 0 0 0 0 0 0 0 0 0 0 0 0 0 0 0 0 0 0 0 0 0 0 0 0 0 0 0 0 0 0 0 0 0 0 0 0 0 0 0 0 0 0 0 0 0 0 0 0 0 0 0 0 0 0 0 0 0 0 0 0 0 0 0 0 0 0 0 0 0 0 0 0 0 0 0 0 0 0 0 0 0 0 0 0 0 0 0 0 0 0 0 0 0 0 0 0 0 0 0 0 0 0 0 0 0 0 0 0 0 0 0 0 0 0 0 0 0 0 0 0 0 0 0 0 0 0 0 0 0 0 0 0 0 0 0 0 0 0 0 0 0 0 0 0 0 0 0 0 0 0 0 0 0 0 0 0 0 0 0 0 0 0 0 0 0 0 0 0 0 0 0 0 0 0 0 0 0 0 0 0 0 0 0 0 0 0 0 0 0 0 0 0 0 0 0 0 0 0 0 0 0 0 0 0 0 0 0 0 0 0 0 0 0 0 0 0 0 0 0 0 0 0 0 0 0 0 0 0 0 0 0 0 0 0 0 0 0 0 0 0 0 0 0 0 0 0 0 0 0 0 0 0 0 0 0 0 0 0 0 0 0 0 0 0 0 0 0 0 0 0 0 0 0 0 0 0 0 0 0 0 0 0 0 0 0 0 0 0 0 0 0 0 0 0 0 0 0 0 0 0 0 0 0 0 0 0 0 0 0 0 0 0 0 0 0 0 0 0 0 0 0 0 0 0 0 0 0 0 0 0 0 0 0 0 0 0 0 0 0 0 0 0 0 0 0 0 0 0 0 0 0 0 0 0 0 0 0 0 0 0 0 0 0 0 0 0 0 0 0 0 0 0 0 0 0 0 0 0 0 0 0 0 0 0 0 0 0 0 0 0 0 0 0 0 0 0 0 0 0 0 0 0 0 0 0 0 0 0 0 0 0 0 0 0 0 0 0 0 0 0 0 0 0 0 0 0 0 0 0 0 0 0 0 0 0 0 0 0 0 0 0 0 0 0 0 0 0 0 0 0 0 0 0 0 0 0 0 0 0 0 0 0 0 0 0 0 0 0 0 0 0 0 0 0 0 0 0 0 0 0 0 0 0 0 0 0 0 0 0 0 0 0 0 0 0 0 0 0 0 0 0 0 0 0 0 0 0 0 0 0 0 0 0 0 0 0 0 0 0 0 0 0 0 0 0 0 0 0 0 0 0 0 0 0 0 0 0 0 0 0 0 0 0 0 0 0 0 0 0 0 0 0 0 0 0 0 0 0 0 0 0 0 0 0 0 0 0 0 0 0 0 0 0 0 0 0 0 0 0 0 0 0 0 0 0 0 0 0 0 0 0 0 0 0 0 0 0 0 0 0 0 0 0 0 0 0 0 0 0 0 0 0 0 0 0 0 0 0 0 0 0 0 0 0 0 0 0 0 0 0 0 0 0 0 0 0 0 0 0 0 0 0 0 0 0 0 0 0 0 0 0 0 0 0 0 0 0 0 0 0 0 0 0 0 0 0 0 0 0 0 0 0 0 0 0 0 0 0 0 0 0 0 0 0 0 0 0 0 0 0 0 0 0 0 0 0 0 0 0 0 0 0 0 0 0 0 0 0 0 0 0 0 0 0 0 0 0 0 0 0 0 0 0 0 0 0 0 0 0 0 0 0 0 0 0 0 0 0 0 0 0 0 0 0 0 0 0 0 0 0 0 0 0 0 0 0 0 0 0 0 0 0 0 0 0 0 0 0 0 0 0 0 0 0 0 0 0 0 0 0 0 0 0 0 0 0 0 0 0 0 0 0 0 0 0 0 0 0 0 0 0 0 0 0 0 0 0 0 0 0 0 0 0 0 0 0 0 0 0 0 0 0 0 0 0 0 0 0 0 0 0 0 0 0 0 0 0 0 0 0 0 0 0 0 0 0 0 0 0 0 0 0 0 0 0 0 0 0 0 0 0 0 0 0 0 0 0 0 0 0 0 0 0 0 0 0 0 0 0 0 0 0 0 0 0 0 0 0 0 0 0 0 0 0 0 0 0 0 0 0 0 0 0 0 0 0 0 0 0 0 0 0 0 0 0 0 0 0 0 0 0 0 0 0 0 0 0 0 0 0 0 0 0 0 0 0 0 0 0 0 0 0 0 0 0 0 0 0 0 0 0 0 0 0 0 0 0 0 0 0 0 0 0 0 0 0 0 0 0 0 0 0 0 0 0 0 0 0 0 0 0 0 0 0 0 0 0 0 0 0 0 0 0 0 0 0 0 0 0 0 0 0 0 0 0 0 0 0 0 0 0 0 0 0 0 0 0 0 0 0 0 0 0 0 0 0 0 0 0 0 0 0 0 0 0 0 0 0 0 0 0 0 0 0 0 0 0 0 0 0 0 0 0 0 0 0 0 0 0 0 0 0 0 0 0 0 0 0 0 0 0 0 0 0 0 0 0 0 0 0 0 0 0 0 0 0 0 0 0 0 0 0 0 0 0 0 0 0 0 0 0 0 0 0 0 0 0 0 0 0 0 0 0 0 0 0 0 0 0 0 0 0 0 0 0 0 0 0 0 0 0 0 0 0 0 0 0 0 0 0 0 0 0 0 0 0 0 0 0 0 0 0 0 0 0 0 0 0 0 0 0 0 0 0 0 0 0 0 0 0 0 0 0 0 0 0 0 0 0 0 0 0 0 0 0 0 0 0 0 0 0 0 0 0 0 0 0 0 0 0 0 0 0 0 0 0 0 0 0 0 0 0 0 0 0 0 0 0 0 0 0 0 0 0 0 0 0 0 0 0 0 0 0 0 0 0 0 0 0 0 0 0 0 0 0 0 0 0 0 0 0 0 0 0 0 0 0 0 0 0 0 0 0 0 0 0 0 0 0 0 0 0 0 0 0 0 0 0 0 0 0 0 0 0 0 0 0 0 0 0 0 0 0 0 0 0 0 0 0 0 0 0 0 0 0 0 0 0 0 0 0 0 0 0 0 0 0 0 0 0 0 0 0 0 0 0 0 0 0 0 0 0 0 0 0 0 0 0 0 0 0 0 0 0 0 0 0 0 0 0 0 0 0 0 0 0 0 0 0 0 0 0 0 0 0 0 0 0 0 0 0 0 0 0 0 0 0 0 0 0 0 0 0 0 0 0 0 0 0 0 0 0 0 0 0 0 0 0 0 0 0 0 0 0 0 0 0 0 0 0 0 0 0 0 0 0 0 0 0 0 0 0 0 0 0 0 0 0 0 0 0 0 0 0 0 0 0 0 0 0 0 0 0 0 0 0 0 0 0 0 0 0 0 0 0 0 0 0 0 0 0 0 0 0 0 0 0 0 0 0 0 0 0 0 0 0 0 0 0 0 0 0 0 0 0 0 0 0 0 0 0 0 0 0 0 0 0 0 0 0 0 0 0 0 0 0 0 0 0 0 0 0 0 0 0 0 0 0 0 0 0 0 0 0 0 0 0 0 0 0 0 0 0 0 0 0 0 0 0 0 0 0 0 0 0 0 0 0 0 0 0 0 0 0 0 0 0 0 0 0 0 0 0 0 0 0 0 0 0 0 0 0 0 0 0 0 0 0 0 0 0 0 0 0 0 0 0 0 0 0 0 0 0 0 0 0 0 0 0 0 0 0 0 0 0 0 0 0 0 0 0 0 0 0 0 0 0 0 0 0 0 0 0 0 0 0 0 0 0 0 0 0 0 0 0 0 0 0 0 0 0 0 0 0 0 0 0 0 0 0 0 0 0 0 0 0 0 0 0 0 0 0 0 0 0 0 0 0 0 0 0 0 0 0 0 0 0 0 0 0 0 0 0 0 0 0 0 0 0 0 0 0 0 0 0 0 0 0 0 0 0 0 0 0 0 0 0 0 0 0 0 0 0 0 0 0 0 0 0 0 0 0 0 0 0 0 0 0 0 0 0 0 0 0 0 0 0 0 0 0 0 0 0 0 0 0 0 0 0 0 0 0 0 0 0 0 0 0 0 0 0 0 0 0 0 0 0 0 0 0 0 0 0 0 0 0 0 0 0 0 0 0 0 0 0 0 0 0 0 0 0 0 0 0 0 0 0 0 0 0 0 0 0 0 0 0 0 0 0 0 0 0 0 0 0 0 0 0 0 0 0 0 0 0 0 0 0 0 0 0 0 0 0 0 0 0 0 0 0 0 0 0 0 0 0 0 0 0 0 0 0 0 0 0 0 0 0 0 0 0 0 0 0 0 0 0 0 0 0 0 0 0 0 0 0 0 0 0 0 0 0 0 0 0 0 0 0 0 0 0 0 0 0 0 0 0 0 0 0 0 0 0 0 0 0 0 0 0 0 0 0 0 0 0 0 0 0 0 0 0 0 0 0 0 0 0 0 0 0 0 0 0 0 0 0 0 0 0 0 0 0 0 0 0 0 0 0 0 0 0 0 0 0 0 0 0 0 0 0 0 0 0 0 0 0 0 0 0 0 0 0 0 0 0 0 0 0 0 0 0 0 0 0 0 0 0 0 0 0 0 0 0 0 0 0 0 0 0 0 0 0 0 0 0 0 0 0 0 0 0 0 0 0 0 0 0 0 0 0 0 0 0 0 0 0 0 0 0 0 0 0 0 0 0 0 0 0 0 0 0 0 0 0 0 0 0 0 0 0 0 0 0 0 0 0 0 0 0 0 0 0 0 0 0 0 0 0 0 0 0 0 0 0 0 0 0 0 0 0 0 0 0 0 0 0 0 0 0 0 0 0 0 0 0 0 0 0 0 0 0 0 0 0 0 0 0 0 0 0 0 0 0 0 0 0 0 0 0 0 0 0 0 0 0 0 0 0 0 0 0 0 0 0 0 0 0 0 0 0 0 0 0 0 0 0 0 0 0 0 0 0 0 0 0 0 0 0 0 0 0 0 0 0 0 0 0 0 0 0 0 0 0 0 0 0 0 0 0 0 0 0 0 0 0 0 0 0 0 0 0 0 0 0 0 0 0 0 0 0 0 0 0 0 0 0 0 0 0 0 0 0 0 0 0 0 0 0 0 0 0 0 0 0 0 0 0 0 0 0 0 0 0 0 0 0 0 0 0 0 0 0 0 0 0 0 0 0 0 0 0 0 0 0 0 0 0 0 0 0 0 0 0 0 0 0 0 0 0 0 0 0 0 0 0 0 0 0 0 0 0 0 0 0 0 0 0 0 0 0 0 0 0 0 0 0 0 0 0 0 0 0 0 0 0 0 0 0 0 0 0 0 0 0 0 0 0 0 0 0 0 0 0 0 0 0 0 0 0 0 0 0 0 0 0 0 0 0 0 0 0 0 0 0 0 0 0 0 0 0 0 0 0 0 0 0 0 0 0 0 0 0 0 0 0 0 0 0 0 0 0 0 0 0 0 0 0 0 0 0 0 0 0 0 0 0 0 0 0 0 0 0 0 0 0 0 0 0 0 0 0 0 0 0 0 0 0 0 0 0 0 0 0 0 0 0 0 0 0 0 0 0 0 0 0 0 0 0 0 0 0 0 0 0 0 0 0 0 0 0 0 0 0 0 0 0 0 0 0 0 0 0 0 0 0 0 0 0 0 0 0 0 0 0 0 0 0 0 0 0 0 0 0 0 0 0 0 0 0 0 0 0 0 0 0 0 0 0 0 0 0 0 0 0 0 0 0 0 0 0 0 0 0 0 0 0 0 0 0 0 0 0 0 0 0 0 0 0 0 0 0 0 0 0 0 0 0 0 0 0 0 0 0 0 0 0 0 0 0 0 0 0 0 0 0 0 0 0 0 0 0 0 0 0 0 0 0 0 0 0 0 0 0 0 0 0 0 0 0 0 0 0 0 0 0 0 0 0 0 0 0 0 0 0 0 0 0 0 0 0 0 0 0 0 0 0 0 0 0 0 0 0 0 0 0 0 0 0 0 0 0 0 0 0 0 0 0 0 0 0 0 0 0 0 0 0 0 0 0 0 0 0 0 0 0 0 0 0 0 0 0 0 0 0 0 0 0 0 0 0 0 0 0 0 0 0 0 0 0 0 0 0 0 0 0 0 0 0 0 0 0 0 0 0 0 0 0 0 0 0 0 0 0 0 0 0 0 0 0 0 0 0 0 0 0 0 0 0 0 0 0 0 0 0 0 0 0 0 0 0 0 0 0 0 0 0 0 0 0 0 0 0 0 0 0 0 0 0 0 0 0 0 0 0 0 0 0 0 0 0 0 0 0 0 0 0 0 0 0 0 0 0 0 0 0 0 0 0 0 0 0 0 0 0 0 0 0 0 0 0 0 0 0 0 0 0 0 0 0 0 0 0 0 0 0 0 0 0 0 0 0 0 0 0 0 0 0 0 0 0 0 0 0 0 0 0 0 0 0 0 0 0 0 0 0 0 0 0 0 0 0 0 0 0 0 0 0 0 0 0 0 0 0 0 0 0 0 0 0 0 0 0 0 0 0 0 0 0 0 0 0 0 0 0 0 0 0 0 0 0 0 0 0 0 0 0 0 0 0 0 0 0 0 0 0 0 0 0 0 0 0 0 0 0 0 0 0 0 0 0 0 0 0 0 0 0 0 0 0 0 0 0 0 0 0 0 0 0 0 0 0 0 0 0 0 0 0 0 0 0 0 0 0 0 0 0 0 0 0 0 0 0 0 0 0 0 0 0 0 0 0 0 0 0 0 0 0 0 0 0 0 0 0 0 0 0 0 0 0 0 0 0 0 0 0 0 0 0 0 0 0 0 0 0 0 0 0 0 0 0 0 0 0 0 0 0 0 0 0 0 0 0 0 0 0 0 0 0 0 0 0 0 0 0 0 0 0 0 0 0 0 0 0 0 0 0 0 0 0 0 0 0 0 0 0 0 0 0 0 0 0 0 0 0 0 0 0 0 0 0 0 0 0 0 0 0 0 0 0 0 0 0 0 0 0 0 0 0 0 0 0 0 0 0 0 0 0 0 0 0 0 0 0 0 0 0 0 0 0 0 0 0 0 0 0 0 0 0 0 0 0 0 0 0 0 0 0 0 0 0 0 0 0 0 0 0 0 0 0 0 0 0 0 0 0 0 0 0 0 0 0 0 0 0 0 0 0 0 0 0 0 0 0 0 0 0 0 0 0 0 0 0 0 0 0 0 0 0 0 0 0 0 0 0 0 0 0 0 0 0 0 0 0 0 0 0 0 0 0 0 0 0 0 0 0 0 0 0 0 0 0 0 0 0 0 0 0 0 0 0 0 0 0 0 0 0 0 0 0 0 0 0 0 0 0 0 0 0 0 0 0 0 0 0 0 0 0 0 0 0 0 0 0 0 0 0 0 0 0 0 0 0 0 0 0 0 0 0 0 0 0 0 0 0 0 0 0 0 0 0 0 0 0 0 0 0 0 0 0 0 0 0 0 0 0 0 0 0 0 0 0 0 0 0 0 0 0 0 0 0 0 0 0 0 0 0 0 0 0 0 0 0 0 0 0 0 0 0 0 0 0 0 0 0 0 0 0 0 0 0 0 0 0 0 0 0 0 0 0 0 0 0 0 0 0 0 0 0 0 0 0 0 0 0 0 0 0 0 0 0 0 0 0 0 0 0 0 0 0 0 0 0 0 0 0 0 0 0 0 0 0 0 0 0 0 0 0 0 0 0 0 0 0 0 0 0 0 0 0 0 0 0 0 0 0 0 0 0 0 0 0 0 0 0 0 0 0 0 0 0 0 0 0 0 0 0 0 0 0 0 0 0 0 0 0 0 0 0 0 0 0 0 0 0 0 0 0 0 0 0 0 0 0 0 0 0 0 0 0 0 0 0 0 0 0 0 0 0 0 0 0 0 0 0 0 0 0 0 0 0 0 0 0 0 0 0 0 0 0 0 0 0 0 0 0 0 0 0 0 0 0 0 0 0 0 0 0 0 0 0 0 0 0 0 0 0 0 0 0 0 0 0 0 0 0 0 0 0 0 0 0 0 0 0 0 0 0 0 0 0 0 0 0 0 0 0 0 0 0 0 0 0 0 0 0 0 0 0 0 0 0 0 0 0 0 0 0 0 0 0 0 0 0 0 0 0 0 0 0 0 0 0 0 0 0 0 0 0 0 0 0 0 0 0 0 0 0 0 0 0 0 0 0 0 0 0 0 0 0 0 0 0 0 0 0 0 0 0 0 0 0 0 0 0 0 0 0 0 0 0 0 0 0 0 0 0 0 0 0 0 0 0 0 0 0 0 0 0 0 0 0 0 0 0 0 0 0 0 0 0 0 0 0 0 0 0 0 0 0 0 0 0 0 0 0 0 0 0 0 0 0 0 0 0 0 0 0 0 0 0 0 0 0 0 0 0 0 0 0 0 0 0 0 0 0 0 0 0 0 0 0 0 0 0 0 0 0 0 0 0 0 0 0 0 0 0 0 0 0 0 0 0 0 0 0 0 0 0 0 0 0 0 0 0 0 0 0 0 0 0 0 0 0 0 0 0 0 0 0 0 0 0 0 0 0 0 0 0 0 0 0 0 0 0 0 0 0 0 0 0 0 0 0 0 0 0 0 0 0 0 0 0 0 0 0 0 0 0 0 0 0 0 0 0 0 0 0 0 0 0 0 0 0 0 0 0 0 0 0 0 0 0 0 0 0 0 0 0 0 0 0 0 0 0 0 0 0 0 0 0 0 0 0 0 0 0 0 0 0 0 0 0 0 0 0 0 0 0 0 0 0 0 0 0 0 0 0 0 0 0 0 0 0 0 0 0 0 0 0 0 0 0 0 0 0 0 0 0 0 0 0 0 0 0 0 0 0 0 0 0 0 0 0 0 0 0 0 0 0 0 0 0 0 0 0 0 0 0 0 0 0 0 0 0 0 0 0 0 0 0 0 0 0 0 0 0 0 0 0 0 0 0 0 0 0 0 0 0 0 0 0 0 0 0 0 0 0 0 0 0 0 0 0 0 0 0 0 0 0 0 0 0 0 0 0 0 0 0 0 0 0 0 0 0 0 0 0 0 0 0 0 0 0 0 0 0 0 0 0 0 0 0 0 0 0 0 0 0 0 0 0 0 0 0 0 0 0 0 0 0 0 0 0 0 0 0 0 0 0 0 0 0 0 0 0 0 0 0 0 0 0 0 0 0 0 0 0 0 0 0 0 0 0 0 0 0 0 0 0 0 0 0 0 0 0 0 0 0 0 0 0 0 0 0 0 0 0 0 0 0 0 0 0 0 0 0 0 0 0 0 0 0 0 0 0 0 0 0 0 0 0 0 0 0 0 0 0 0 0 0 0 0 0 0 0 0 0 0 0 0 0 0 0 0 0 0 0 0 0 0 0 0 0 0 0 0 0 0 0 0 0 0 0 0 0 0 0 0 0 0 0 0 0 0 0 0 0 0 0 0 0 0 0 0 0 0 0 0 0 0 0 0 0 0 0 0 0 0 0 0 0 0 0 0 0 0 0 0 0 0 0 0 0 0 0 0 0 0 0 0 0 0 0 0 0 0 0 0 0 0 0 0 0 0 0 0 0 0 0 0 0 0 0 0 0 0 0 0 0 0 0 0 0 0 0 0 0 0 0 0 0 0 0 0 0 0 0 0 0 0 0 0 0 0 0 0 0 0 0 0 0 0 0 0 0 0 0 0 0 0 0 0 0 0 0 0 0 0 0 0 0 0 0 0 0 0 0 0 0 0 0 0 0 0 0 0 0 0 0 0 0 0 0 0 0 0 0 0 0 0 0 0 0 0 0 0 0 0 0 0 0 0 0 0 0 0 0 0 0 0 0 0 0 0 0 0 0 0 0 0 0 0 0 0 0 0 0 0 0 0 0 0 0 0 0 0 0 0 0 0 0 0 0 0 0 0 0 0 0 0 0 0 0 0 0 0 0 0 0 0 0 0 0 0 0 0 0 0 0 0 0 0 0 0 0 0 0 0 0 0 0 0 0 0 0 0 0 0 0 0 0 0 0 0 0 0 0 0 0 0 0 0 0 0 0 0 0 0 0 0 0 0 0 0 0 0 0 0 0 0 0 0 0 0 0 0 0 0 0 0 0 0 0 0 0 0 0 0 0 0 0 0 0 0 0 0 0 0 0 0 0 0 0 0 0 0 0 0 0 0 0 0 0 0 0 0 0 0 0 0 0 0 0 0 0 0 0 0 0 0 0 0 0 0 0 0 0 0 0 0 0 0 0 0 0 0 0 0 0 0 0 0 0 0 0 0 0 0 0 0 0 0 0 0 0 0 0 0 0 0 0 0 0 0 0 0 0 0 0 0 0 0 0 0 0 0 0 0 0 0 0 0 0 0 0 0 0 0 0 0 0 0 0 0 0 0 0 0 0 0 0 0 0 0 0 0 0 0 0 0 0 0 0 0 0 0 0 0 0 0 0 0 0 0 0 0 0 0 0 0 0 0 0 0 0 0 0 0 0 0 0 0 0 0 0 0 0 0 0 0 0 0 0 0 0 0 0 0 0 0 0 0 0 0 0 0 0 0 0 0 0 0 0 0 0 0 0 0 0 0 0 0 0 0 0 0 0 0 0 0 0 0 0 0 0 0 0 0 0 0 0 0 0 0 0 0 0 0 0 0 0 0 0 0 0 0 0 0 0 0 0 0 0 0 0 0 0 0 0 0 0 0 0 0 0 0 0 0 0 0 0 0 0 0 0 0 0 0 0 0 0 0 0 0 0 0 0 0 0 0 0 0 0 0 0 0 0 0 0 0 0 0 0 0 0 0 0 0 0 0 0 0 0 0 0 0 0 0 0 0 0 0 0 0 0 0 0 0 0 0 0 0 0 0 0 0 0 0 0 0 0 0 0 0 0 0 0 0 0 0 0 0 0 0 0 0 0 0 0 0 0 0 0 0 0 0 0 0 0 0 0 0 0 0 0 0 0 0 0 0 0 0 0 0 0 0 0 0 0 0 0 0 0 0 0 0 0 0 0 0 0 0 0 0 0 0 0 0 0 0 0 0 0 0 0 0 0 0 0 0 0 0 0 0 0 0 0 0 0 0 0 0 0 0 0 0 0 0 0 0 0 0 0 0 0 0 0 0 0 0 0 0 0 0 0 0 0 0 0 0 0 0 0 0 0 0 0 0 0 0 0 0 0 0 0 0 0 0 0 0 0 0 0 0 0 0 0 0 0 0 0 0 0 0 0 0 0 0 0 0 0 0 0 0 0 0 0 0 0 0 0 0 0 0 0 0 0 0 0 0 0 0 0 0 0 0 0 0 0 0 0 0 0 0 0 0 0 0 0 0 0 0 0 0 0 0 0 0 0 0 0 0 0 0 0 0 0 0 0 0 0 0 0 0 0 0 0 0 0 0 0 0 0 0 0 0 0 0 0 0 0 0 0 0 0 0 0 0 0 0 0 0 0 0 0 0 0 0 0 0 0 0 0 0 0 0 0 0 0 0 0 0 0 0 0 0 0 0 0 0 0 0 0 0 0 0 0 0 0 0 0 0 0 0 0 0 0 0 0 0 0 0 0 0 0 0 0 0 0 0 0 0 0 0 0 0 0 0 0 0 0 0 0 0 0 0 0 0 0 0 0 0 0 0 0 0 0 0 0 0 0 0 0 0 0 0 0 0 0 0 0 0 0 0 0 0 0 0 0 0 0 0 0 0 0 0 0 0 0 0 0 0 0 0 0 0 0 0 0 0 0 0 0 0 0 0 0 0 0 0 0 0 0 0 0 0 0 0 0 0 0 0 0 0 0 0 0 0 0 0 0 0 0 0 0 0 0 0 0 0 0 0 0 0 0 0 0 0 0 0 0 0 0 0 0 0 0 0 0 0 0 0 0 0 0 0 0 0 0 0 0 0 0 0 0 0 0 0 0 0 0 0 0 0 0 0 0 0 0 0 0 0 0 0 0 0 0 0 0 0 0 0 0 0 0 0 0 0 0 0 0 0 0 0 0 0 0 0 0 0 0 0 0 0 0 0 0 0 0 0 0 0 0 0 0 0 0 0 0 0 0 0 0 0 0 0 0 0 0 0 0 0 0 0 0 0 0 0 0 0 0 0 0 0 0 0 0 0 0 0 0 0 0 0 0 0 0 0 0 0 0 0 0 0 0 0 0 0 0 0 0 0 0 0 0 0 0 0 0 0 0 0 0 0 0 0 0 0 0 0 0 0 0 0 0 0 0 0 0 0 0 0 0 0 0 0 0 0 0 0 0 0 0 0 0 0 0 0 0 0 0 0 0 0 0 0 0 0 0 0 0 0 0 0 0 0 0 0 0 0 0 0 0 0 0 0 0 0 0 0 0 0 0 0 0 0 0 0 0 0 0 0 0 0 0 0 0 0 0 0 0 0 0 0 0 0 0 0 0 0 0 0 0 0 0 0 0 0 0 0 0 0 0 0 0 0 0 0 0 0 0 0 0 0 0 0 0 0 0 0 0 0 0 0 0 0 0 0 0 0 0 0 0 0 0 0 0 0 0 0 0 0 0 0 0 0 0 0 0 0 0 0 0 0 0 0 0 0 0 0 0 0 0 0 0 0 0 0 0 0 0 0 0 0 0 0 0 0 0 0 0 0 0 0 0 0 0 0 0 0 0 0 0 0 0 0 0 0 0 0 0 0 0 0 0 0 0 0 0 0 0 0 0 0 0 0 0 0 0 0 0 0 0 0 0 0 0 0 0 0 0 0 0 0 0 0 0 0 0 0 0 0 0 0 0 0 0 0 0 0 0 0 0 0 0 0 0 0 0 0 0 0 0 0 0 0 0 0 0 0 0 0 0 0 0 0 0 0 0 0 0 0 0 0 0 0 0 0 0 0 0 0 0 0 0 0 0 0 0 0 0 0 0 0 0 0 0 0 0 0 0 0 0 0 0 0 0 0 0 0 0 0 0 0 0 0 0 0 0 0 0 0 0 0 0 0 0 0 0 0 0 0 0 0 0 0 0 0 0 0 0 0 0 0 0 0 0 0 0 0 0 0 0 0 0 0 0 0 0 0 0 0 0 0 0 0 0 0 0 0 0 0 0 0 0 0 0 0 0 0 0 0 0 0 0 0 0 0 0 0 0 0 0 0 0 0 0 0 0 0 0 0 0 0 0 0 0 0 0 0 0 0 0 0 0 0 0 0 0 0 0 0 0 0 0 0 0 0 0 0 0 0 0 0 0 0 0 0 0 0 0 0 0 0 0 0 0 0 0 0 0 0 0 0 0 0 0 0 0 0 0 0 0 0 0 0 0 0 0 0 0 0 0 0 0 0 0 0 0 0 0 0 0 0 0 0 0 0 0 0 0 0 0 0 0 0 0 0 0 0 0 0 0 0 0 0 0 0 0 0 0 0 0 0 0 0 0 0 0 0 0 0 0 0 0 0 0 0 0 0 0 0 0 0 0 0 0 0 0 0 0 0 0 0 0 0 0 0 0 0 0 0 0 0 0 0 0 0 0 0 0 0 0 0 0 0 0 0 0 0 0 0 0 0 0 0 0 0 0 0 0 0 0 0 0 0 0 0 0 0 0 0 0 0 0 0 0 0 0 0 0 0 0 0 0 0 0 0 0 0 0 0 0 0 0 0 0 0 0 0 0 0 0 0 0 0 0 0 0 0 0 0 0 0 0 0 0 0 0 0 0 0 0 0 0 0 0 0 0 0 0 0 0 0 0 0 0 0 0 0 0 0 0 0 0 0 0 0 0 0 0 0 0 0 0 0 0 0 0 0 0 0 0 0 0 0 0 0 0 0 0 0 0 0 0 0 0 0 0 0 0 0 0 0 0 0 0 0 0 0 0 0 0 0 0 0 0 0 0 0 0 0 0 0 0 0 0 0 0 0 0 0 0 0 0 0 0 0 0 0 0 0 0 0 0 0 0 0 0 0 0 0 0 0 0 0 0 0 0 0 0 0 0 0 0 0 0 0 0 0 0 0 0 0 0 0 0 0 0 0 0 0 0 0 0 0 0 0 0 0 0 0 0 0 0 0 0 0 0 0 0 0 0 0 0 0 0 0 0 0 0 0 0 0 0 0 0 0 0 0 0 0 0 0 0 0 0 0 0 0 0 0 0 0 0 0 0 0 0 0 0 0 0 0 0 0 0 0 0 0 0 0 0 0 0 0 0 0 0 0 0 0 0 0 0 0 0 0 0 0 0 0 0 0 0 0 0 0 0 0 0 0 0 0 0 0 0 0 0 0 0 0 0 0 0 0 0 0 0 0 0 0 0 0 0 0 0 0 0 0 0 0 0 0 0 0 0 0 0 0 0 0 0 0 0 0 0 0 0 0 0 0 0 0 0 0 0 0 0 0 0 0 0 0 0 0 0 0 0 0 0 0 0 0 0 0 0 0 0 0 0 0 0 0 0 0 0 0 0 0 0 0 0 0 0 0 0 0 0 0 0 0 0 0 0 0 0 0 0 0 0 0 0 0 0 0 0 0 0 0 0 0 0 0 0 0 0 0 0 0 0 0 0 0 0 0 0 0 0 0 0 0 0 0 0 0 0 0 0 0 0 0 0 0 0 0 0 0 0 0 0 0 0 0 0 0 0 0 0 0 0 0 0 0 0 0 0 0 0 0 0 0 0 0 0 0 0 0 0 0 0 0 0 0 0 0 0 0 0 0 0 0 0 0 0 0 0 0 0 0 0 0 0 0 0 0 0 0 0 0 0 0 0 0 0 0 0 0 0 0 0 0 0 0 0 0 0 0 0 0 0 0 0 0 0 0 0 0 0 0 0 0 0 0 0 0 0 0 0 0 0 0 0 0 0 0 0 0 0 0 0 0 0 0 0 0 0 0 0 0 0 0 0 0 0 0 0 0 0 0 0 0 0 0 0 0 0 0 0 0 0 0 0 0 0 0 0 0 0 0 0 0 0 0 0 0 0 0 0 0 0 0 0 0 0 0 0 0 0 0 0 0 0 0 0 0 0 0 0 0 0 0 0 0 0 0 0 0 0 0 0 0 0 0 0 0 0 0 0 0 0 0 0 0 0 0 0 0 0 0 0 0 0 0 0 0 0 0 0 0 0 0 0 0 0 0 0 0 0 0 0 0 0 0 0 0 0 0 0 0 0 0 0 0 0 0 0 0 0 0 0 0 0 0 0 0 0 0 0 0 0 0 0 0 0 0 0 0 0 0 0 0 0 0 0 0 0 0 0 0 0 0 0 0 0 0 0 0 0 0 0 0 0 0 0 0 0 0 0 0 0 0 0 0 0 0 0 0 0 0 0 0 0 0 0 0 0 0 0 0 0 0 0 0 0 0 0 0 0 0 0 0 0 0 0 0 0 0 0 0 0 0 0 0 0 0 0 0 0 0 0 0 0 0 0 0 0 0 0 0 0 0 0 0 0 0 0 0 0 0 0 0 0 0 0 0 0 0 0 0 0 0 0 0 0 0 0 0 0 0 0 0 0 0 0 0 0 0 0 0 0 0 0 0 0 0 0 0 0 0 0 0 0 0 0 0 0 0 0 0 0 0 0 0 0 0 0 0 0 0 0 0 0 0 0 0 0 0 0 0 0 0 0 0 0 0 0 0 0 0 0 0 0 0 0 0 0 0 0 0 0 0 0 0 0 0 0 0 0 0 0 0 0 0 0 0 0 0 0 0 0 0 0 0 0 0 0 0 0 0 0 0 0 0 0 0 0 0 0 0 0 0 0 0 0 0 0 0 0 0 0 0 0 0 0 0 0 0 0 0 0 0 0 0 0 0 0 0 0 0 0 0 0 0 0 0 0 0 0 0 0 0 0 0 0 0 0 0 0 0 0 0 0 0 0 0 0 0 0 0 0 0 0 0 0 0 0 0 0 0 0 0 0 0 0 0 0 0 0 0 0 0 0 0 0 0 0 0 0 0 0 0 0 0 0 0 0 0 0 0 0 0 0 0 0 0 0 0 0 0 0 0 0 0 0 0 0 0 0 0 0 0 0 0 0 0 0 0 0 0 0 0 0 0 0 0 0 0 0 0 0 0 0 0 0 0 0 0 0 0 0 0 0 0 0 0 0 0 0 0 0 0 0 0 0 0 0 0 0 0 0 0 0 0 0 0 0 0 0 0 0 0 0 0 0 0 0 0 0 0 0 0 0 0 0 0 0 0 0 0 0 0 0 0 0 0 0 0 0 0 0 0 0 0 0 0 0 0 0 0 0 0 0 0 0 0 0 0 0 0 0 0 0 0 0 0 0 0 0 0 0 0 0 0 0 0 0 0 0 0 0 0 0 0 0 0 0 0 0 0 0 0 0 0 0 0 0 0 0 0 0 0 0 0 0 0 0 0 0 0 0 0 0 0 0 0 0 0 0 0 0 0 0 0 0 0 0 0 0 0 0 0 0 0 0 0 0 0 0 0 0 0 0 0 0 0 0 0 0 0 0 0 0 0 0 0 0 0 0 0 0 0 0 0 0 0 0 0 0 0 0 0 0 0 0 0 0 0 0 0 0 0 0 0 0 0 0 0 0 0 0 0 0 0 0 0 0 0 0 0 0 0 0 0 0 0 0 0 0 0 0 0 0 0 0 0 0 0 0 0 0 0 0 0 0 0 0 0 0 0 0 0 0 0 0 0 0 0 0 0 0 0 0 0 0 0 0 0 0 0 0 0 0 0 0 0 0 0 0 0 0 0 0 0 0 0 0 0 0 0 0 0 0 0 0 0 0 0 0 0 0 0 0 0 0 0 0 0 0 0 0 0 0 0 0 0 0 0 0 0 0 0 0 0 0 0 0 0 0 0 0 0 0 0 0 0 0 0 0 0 0 0 0 0 0 0 0 0 0 0 0 0 0 0 0 0 0 0 0 0 0 0 0 0 0 0 0 0 0 0 0 0 0 0 0 0 0 0 0 0 0 0 0 0 0 0 0 0 0 0 0 0 0 0 0 0 0 0 0 0 0 0 0 0 0 0 0 0 0 0 0 0 0 0 0 0 0 0 0 0 0 0 0 0 0 0 0 0 0 0 0 0 0 0 0 0 0 0 0 0 0 0 0 0 0 0 0 0 0 0 0 0 0 0 0 0 0 0 0 0 0 0 0 0 0 0 0 0 0 0 0 0 0 0 0 0 0 0 0 0 0 0 0 0 0 0 0 0 0 0 0 0 0 0 0 0 0 0 0 0 0 0 0 0 0 0 0 0 0 0 0 0 0 0 0 0 0 0 0 0 0 0 0 0 0 0 0 0 0 0 0 0 0 0 0 0 0 0 0 0 0 0 0 0 0 0 0 0 0 0 0 0 0 0 0 0 0 0 0 0 0 0 0 0 0 0 0 0 0 0 0 0 0 0 0 0 0 0 0 0 0 0 0 0 0 0 0 0 0 0 0 0 0 0 0 0 0 0 0 0 0 0 0 0 0 0 0 0 0 0 0 0 0 0 0 0 0 0 0 0 0 0 0 0 0 0 0 0 0 0 0 0 0 0 0 0 0 0 0 0 0 0 0 0 0 0 0 0 0 0 0 0 0 0 0 0 0 0 0 0 0 0 0 0 0 0 0 0 0 0 0 0 0 0 0 0 0 0 0 0 0 0 0 0 0 0 0 0 0 0 0 0 0 0 0 0 0 0 0 0 0 0 0 0 0 0 0 0 0 0 0 0 0 0 0 0 0 0 0 0 0 0 0 0 0 0 0 0 0 0 0 0 0 0 0 0 0 0 0 0 0 0 0 0 0 0 0 0 0 0 0 0 0 0 0 0 0 0 0 0 0 0 0 0 0 0 0 0 0 0 0 0 0 0 0 0 0 0 0 0 0 0 0 0 0 0 0 0 0 0 0 0 0 0 0 0 0 0 0 0 0 0 0 0 0 0 0 0 0 0 0 0 0 0 0 0 0 0 0 0 0 0 0 0 0 0 0 0 0 0 0 0 0 0 0 0 0 0 0 0 0 0 0 0 0 0 0 0 0 0 0 0 0 0 0 0 0 0 0 0 0 0 0 0 0 0 0 0 0 0 0 0 0 0 0 0 0 0 0 0 0 0 0 0 0 0 0 0 0 0 0 0 0 0 0 0 0 0 0 0 0 0 0 0 0 0 0 0 0 0 0 0 0 0 0 0 0 0 0 0 0 0 0 0 0 0 0 0 0 0 0 0 0 0 0 0 0 0 0 0 0 0 0 0 0 0 0 0 0 0 0 0 0 0 0 0 0 0 0 0 0 0 0 0 0 0 0 0 0 0 0 0 0 0 0 0 0 0 0 0 0 0 0 0 0 0 0 0 0 0 0 0 0 0 0 0 0 0 0 0 0 0 0 0 0 0 0 0 0 0 0 0 0 0 0 0 0 0 0 0 0 0 0 0 0 0 0 0 0 0 0 0 0 0 0 0 0 0 0 0 0 0 0 0 0 0 0 0 0 0 0 0 0 0 0 0 0 0 0 0 0 0 0 0 0 0 0 0 0 0 0 0 0 0 0 0 0 0 0 0 0 0 0 0 0 0 0 0 0 0 0 0 0 0 0 0 0 0 0 0 0 0 0 0 0 0 0 0 0 0 0 0 0 0 0 0 0 0 0 0 0 0 0 0 0 0 0 0 0 0 0 0 0 0 0 0 0 0 0 0 0 0 0 0 0 0 0 0 0 0 0 0 0 0 0 0 0 0 0 0 0 0 0 0 0 0 0 0 0 0 0 0 0 0 0 0 0 0 0 0 0 0 0 0 0 0 0 0 0 0 0 0 0 0 0 0 0 0 0 0 0 0 0 0 0 0 0 0 0 0 0 0 0 0 0 0 0 0 0 0 0 0 0 0 0 0 0 0 0 0 0 0 0 0 0 0 0 0 0 0 0 0 0 0 0 0 0 0 0 0 0 0 0 0 0 0 0 0 0 0 0 0 0 0 0 0 0 0 0 0 0 0 0 0 0 0 0 0 0 0 0 0 0 0 0 0 0 0 0 0 0 0 0 0 0 0 0 0 0 0 0 0 0 0 0 0 0 0 0 0 0 0 0 0 0 0 0 0 0 0 0 0 0 0 0 0 0 0 0 0 0 0 0 0 0 0 0 0 0 0 0 0 0 0 0 0 0 0 0 0 0 0 0 0 0 0 0 0 0 0 0 0 0 0 0 0 0 0 0 0 0 0 0 0 0 0 0 0 0 0 0 0 0 0 0 0 0 0 0 0 0 0 0 0 0 0 0 0 0 0 0 0 0 0 0 0 0 0 0 0 0 0 0 0 0 0 0 0 0 0 0 0 0 0 0 0 0 0 0 0 0 0 0 0 0 0 0 0 0 0 0 0 0 0 0 0 0 0 0 0 0 0 0 0 0 0 0 0 0 0 0 0 0 0 0 0 0 0 0 0 0 0 0 0 0 0 0 0 0 0 0 0 0 0 0 0 0 0 0 0 0 0 0 0 0 0 0 0 0 0 0 0 0 0 0 0 0 0 0 0 0 0 0 0 0 0 0 0 0 0 0 0 0 0 0 0 0 0 0 0 0 0 0 0 0 0 0 0 0 0 0 0 0 0 0 0 0 0 0 0 0 0 0 0 0 0 0 0 0 0 0 0 0 0 0 0 0 0 0 0 0 0 0 0 0 0 0 0 0 0 0 0 0 0 0 0 0 0 0 0 0 0 0 0 0 0 0 0 0 0 0 0 0 0 0 0 0 0 0 0 0 0 0 0 0 0 0 0 0 0 0 0 0 0 0 0 0 0 0 0 0 0 0 0 0 0 0 0 0 0 0 0 0 0 0 0 0 0 0 0 0 0 0 0 0 0 0 0 0 0 0 0 0 0 0 0 0 0 0 0 0 0 0 0 0 0 0 0 0 0 0 0 0 0 0 0 0 0 0 0 0 0 0 0 0 0 0 0 0 0 0 0 0 0 0 0 0 0 0 0 0 0 0 0 0 0 0 0 0 0 0 0 0 0 0 0 0 0 0 0 0 0 0 0 0 0 0 0 0 0 0 0 0 0 0 0 0 0 0 0 0 0 0 0 0 0 0 0 0 0 0 0 0 0 0 0 0 0 0 0 0 0 0 0 0 0 0 0 0 0 0 0 0 0 0 0 0 0 0 0 0 0 0 0 0 0 0 0 0 0 0 0 0 0 0 0 0 0 0 0 0 0 0 0 0 0 0 0 0 0 0 0 0 0 0 0 0 0 0 0 0 0 0 0 0 0 0 0 0 0 0 0 0 0 0 0 0 0 0 0 0 0 0 0 0 0 0 0 0 0 0 0 0 0 0 0 0 0 0 0 0 0 0 0 0 0 0 0 0 0 0 0 0 0 0 0 0 0 0 0 0 0 0 0 0 0 0 0 0 0 0 0 0 0 0 0 0 0 0 0 0 0 0 0 0 0 0 0 0 0 0 0 0 0 0 0 0 0 0 0 0 0 0 0 0 0 0 0 0 0 0 0 0 0 0 0 0 0 0 0 0 0 0 0 0 0 0 0 0 0 0 0 0 0 0 0 0 0 0 0 0 0 0 0 0 0 0 0 0 0 0 0 0 0 0 0 0 0 0 0 0 0 0 0 0 0 0 0 0 0 0 0 0 0 0 0 0 0 0 0 0 0 0 0 0 0 0 0 0 0 0 0 0 0 0 0 0 0 0 0 0 0 0 0 0 0 0 0 0 0 0 0 0 0 0 0 0 0 0 0 0 0 0 0 0 0 0 0 0 0 0 0 0 0 0 0 0 0 0 0 0 0 0 0 0 0 0 0 0 0 0 0 0 0 0 0 0 0 0 0 0 0 0 0 0 0 0 0 0 0 0 0 0 0 0 0 0 0 0 0 0 0 0 0 0 0 0 0 0 0 0 0 0 0 0 0 0 0 0 0 0 0 0 0 0 0 0 0 0 0 0 0 0 0 0 0 0 0 0 0 0 0 0 0 0 0 0 0 0 0 0 0 0 0 0 0 0 0 0 0 0 0 0 0 0 0 0 0 0 0 0 0 0 0 0 0 0 0 0 0 0 0 0 0 0 0 0 0 0 0 0 0 0 0 0 0 0 0 0 0 0 0 0 0 0 0 0 0 0 0 0 0 0 0 0 0 0 0 0 0 0 0 0 0 0 0 0 0 0 0 0 0 0 0 0 0 0 0 0 0 0 0 0 0 0 0 0 0 0 0 0 0 0 0 0 0 0 0 0 0 0 0 0 0 0 0 0 0 0 0 0 0 0 0 0 0 0 0 0 0 0 0 0 0 0 0 0 0 0 0 0 0 0 0 0 0 0 0 0 0 0 0 0 0 0 0 0 0 0 0 0 0 0 0 0 0 0 0 0 0 0 0 0 0 0 0 0 0 0 0 0 0 0 0 0 0 0 0 0 0 0 0 0 0 0 0 0 0 0 0 0 0 0 0 0 0 0 0 0 0 0 0 0 0 0 0 0 0 0 0 0 0 0 0 0 0 0 0 0 0 0 0 0 0 0 0 0 0 0 0 0 0 0 0 0 0 0 0 0 0 0 0 0 0 0 0 0 0 0 0 0 0 0 0 0 0 0 0 0 0 0 0 0 0 0 0 0 0 0 0 0 0 0 0 0 0 0 0 0 0 0 0 0 0 0 0 0 0 0 0 0 0 0 0 0 0 0 0 0 0 0 0 0 0 0 0 0 0 0 0 0 0 0 0 0 0 0 0 0 0 0 0 0 0 0 0 0 0 0 0 0 0 0 0 0 0 0 0 0 0 0 0 0 0 0 0 0 0 0 0 0 0 0 0 0 0 0 0 0 0 0 0 0 0 0 0 0 0 0 0 0 0 0 0 0 0 0 0 0 0 0 0 0 0 0 0 0 0 0 0 0 0 0 0 0 0 0 0 0 0 0 0 0 0 0 0 0 0 0 0 0 0 0 0 0 0 0 0 0 0 
Tensor: shape[ 1 32 128 ] strides[ 4096 128 1 ] dtype=BF16 device=MOORE:0
0.90625 -0.431641 -1.17188 -0.417969 1.00781 -0.746094 -1.03906 -1.03125 -2.35938 -0.300781 -1.24219 -0.337891 -0.371094 -0.269531 -0.298828 1.10156 0.219727 -0.824219 0.251953 -0.118164 0.416016 0.800781 0.457031 -0.910156 0.871094 0.326172 1.90625 -0.0698242 0.294922 0.320312 -0.0289307 1.8125 1.0625 -0.398438 1.30469 0.298828 -1.54688 -0.271484 1.03906 -0.804688 -0.988281 0.464844 -0.275391 -1.33594 0.578125 -0.820312 -0.0898438 0.515625 -1.39844 -1.03125 1.90625 -0.648438 -0.243164 0.498047 -0.118652 -0.00726318 0.112793 -0.150391 -1.21875 -0.976562 -0.0247803 0.160156 0.65625 0.267578 3.26562 0.0598145 0.239258 -0.388672 -1.74219 0.154297 1.07812 2.21875 0.0629883 -0.213867 -0.365234 -0.15332 -0.535156 0.722656 0.699219 0.0986328 -0.402344 1.10938 -0.0559082 0.474609 -0.322266 0.992188 -0.330078 -0.0397949 -0.267578 0.910156 1.82812 1.41406 0.0500488 -0.359375 -0.5 -0.78125 -0.324219 0.180664 1.85156 0.100098 -0.421875 0.25 -0.726562 1.1875 0.738281 0.0234375 -0.470703 0.322266 0.605469 0.78125 -0.765625 -0.164062 -1.89062 0.176758 -1.375 -0.314453 -0.0154419 -0.251953 0.792969 0.636719 -0.183594 0.0898438 0.384766 -0.178711 0.114746 0.392578 -1.13281 1.70312 
0.90625 -0.431641 -1.17188 -0.417969 1.00781 -0.746094 -1.03906 -1.03125 -2.35938 -0.300781 -1.24219 -0.337891 -0.371094 -0.269531 -0.298828 1.10156 0.219727 -0.824219 0.251953 -0.118164 0.416016 0.800781 0.457031 -0.910156 0.871094 0.326172 1.90625 -0.0698242 0.294922 0.320312 -0.0289307 1.8125 1.0625 -0.398438 1.30469 0.298828 -1.54688 -0.271484 1.03906 -0.804688 -0.988281 0.464844 -0.275391 -1.33594 0.578125 -0.820312 -0.0898438 0.515625 -1.39844 -1.03125 1.90625 -0.648438 -0.243164 0.498047 -0.118652 -0.00726318 0.112793 -0.150391 -1.21875 -0.976562 -0.0247803 0.160156 0.65625 0.267578 3.26562 0.0598145 0.239258 -0.388672 -1.74219 0.154297 1.07812 2.21875 0.0629883 -0.213867 -0.365234 -0.15332 -0.535156 0.722656 0.699219 0.0986328 -0.402344 1.10938 -0.0559082 0.474609 -0.322266 0.992188 -0.330078 -0.0397949 -0.267578 0.910156 1.82812 1.41406 0.0500488 -0.359375 -0.5 -0.78125 -0.324219 0.180664 1.85156 0.100098 -0.421875 0.25 -0.726562 1.1875 0.738281 0.0234375 -0.470703 0.322266 0.605469 0.78125 -0.765625 -0.164062 -1.89062 0.176758 -1.375 -0.314453 -0.0154419 -0.251953 0.792969 0.636719 -0.183594 0.0898438 0.384766 -0.178711 0.114746 0.392578 -1.13281 1.70312 
0.90625 -0.431641 -1.17188 -0.417969 1.00781 -0.746094 -1.03906 -1.03125 -2.35938 -0.300781 -1.24219 -0.337891 -0.371094 -0.269531 -0.298828 1.10156 0.219727 -0.824219 0.251953 -0.118164 0.416016 0.800781 0.457031 -0.910156 0.871094 0.326172 1.90625 -0.0698242 0.294922 0.320312 -0.0289307 1.8125 1.0625 -0.398438 1.30469 0.298828 -1.54688 -0.271484 1.03906 -0.804688 -0.988281 0.464844 -0.275391 -1.33594 0.578125 -0.820312 -0.0898438 0.515625 -1.39844 -1.03125 1.90625 -0.648438 -0.243164 0.498047 -0.118652 -0.00726318 0.112793 -0.150391 -1.21875 -0.976562 -0.0247803 0.160156 0.65625 0.267578 3.26562 0.0598145 0.239258 -0.388672 -1.74219 0.154297 1.07812 2.21875 0.0629883 -0.213867 -0.365234 -0.15332 -0.535156 0.722656 0.699219 0.0986328 -0.402344 1.10938 -0.0559082 0.474609 -0.322266 0.992188 -0.330078 -0.0397949 -0.267578 0.910156 1.82812 1.41406 0.0500488 -0.359375 -0.5 -0.78125 -0.324219 0.180664 1.85156 0.100098 -0.421875 0.25 -0.726562 1.1875 0.738281 0.0234375 -0.470703 0.322266 0.605469 0.78125 -0.765625 -0.164062 -1.89062 0.176758 -1.375 -0.314453 -0.0154419 -0.251953 0.792969 0.636719 -0.183594 0.0898438 0.384766 -0.178711 0.114746 0.392578 -1.13281 1.70312 
0.90625 -0.431641 -1.17188 -0.417969 1.00781 -0.746094 -1.03906 -1.03125 -2.35938 -0.300781 -1.24219 -0.337891 -0.371094 -0.269531 -0.298828 1.10156 0.219727 -0.824219 0.251953 -0.118164 0.416016 0.800781 0.457031 -0.910156 0.871094 0.326172 1.90625 -0.0698242 0.294922 0.320312 -0.0289307 1.8125 1.0625 -0.398438 1.30469 0.298828 -1.54688 -0.271484 1.03906 -0.804688 -0.988281 0.464844 -0.275391 -1.33594 0.578125 -0.820312 -0.0898438 0.515625 -1.39844 -1.03125 1.90625 -0.648438 -0.243164 0.498047 -0.118652 -0.00726318 0.112793 -0.150391 -1.21875 -0.976562 -0.0247803 0.160156 0.65625 0.267578 3.26562 0.0598145 0.239258 -0.388672 -1.74219 0.154297 1.07812 2.21875 0.0629883 -0.213867 -0.365234 -0.15332 -0.535156 0.722656 0.699219 0.0986328 -0.402344 1.10938 -0.0559082 0.474609 -0.322266 0.992188 -0.330078 -0.0397949 -0.267578 0.910156 1.82812 1.41406 0.0500488 -0.359375 -0.5 -0.78125 -0.324219 0.180664 1.85156 0.100098 -0.421875 0.25 -0.726562 1.1875 0.738281 0.0234375 -0.470703 0.322266 0.605469 0.78125 -0.765625 -0.164062 -1.89062 0.176758 -1.375 -0.314453 -0.0154419 -0.251953 0.792969 0.636719 -0.183594 0.0898438 0.384766 -0.178711 0.114746 0.392578 -1.13281 1.70312 
0.90625 -0.431641 -1.17188 -0.417969 1.00781 -0.746094 -1.03906 -1.03125 -2.35938 -0.300781 -1.24219 -0.337891 -0.371094 -0.269531 -0.298828 1.10156 0.219727 -0.824219 0.251953 -0.118164 0.416016 0.800781 0.457031 -0.910156 0.871094 0.326172 1.90625 -0.0698242 0.294922 0.320312 -0.0289307 1.8125 1.0625 -0.398438 1.30469 0.298828 -1.54688 -0.271484 1.03906 -0.804688 -0.988281 0.464844 -0.275391 -1.33594 0.578125 -0.820312 -0.0898438 0.515625 -1.39844 -1.03125 1.90625 -0.648438 -0.243164 0.498047 -0.118652 -0.00726318 0.112793 -0.150391 -1.21875 -0.976562 -0.0247803 0.160156 0.65625 0.267578 3.26562 0.0598145 0.239258 -0.388672 -1.74219 0.154297 1.07812 2.21875 0.0629883 -0.213867 -0.365234 -0.15332 -0.535156 0.722656 0.699219 0.0986328 -0.402344 1.10938 -0.0559082 0.474609 -0.322266 0.992188 -0.330078 -0.0397949 -0.267578 0.910156 1.82812 1.41406 0.0500488 -0.359375 -0.5 -0.78125 -0.324219 0.180664 1.85156 0.100098 -0.421875 0.25 -0.726562 1.1875 0.738281 0.0234375 -0.470703 0.322266 0.605469 0.78125 -0.765625 -0.164062 -1.89062 0.176758 -1.375 -0.314453 -0.0154419 -0.251953 0.792969 0.636719 -0.183594 0.0898438 0.384766 -0.178711 0.114746 0.392578 -1.13281 1.70312 
0.90625 -0.431641 -1.17188 -0.417969 1.00781 -0.746094 -1.03906 -1.03125 -2.35938 -0.300781 -1.24219 -0.337891 -0.371094 -0.269531 -0.298828 1.10156 0.219727 -0.824219 0.251953 -0.118164 0.416016 0.800781 0.457031 -0.910156 0.871094 0.326172 1.90625 -0.0698242 0.294922 0.320312 -0.0289307 1.8125 1.0625 -0.398438 1.30469 0.298828 -1.54688 -0.271484 1.03906 -0.804688 -0.988281 0.464844 -0.275391 -1.33594 0.578125 -0.820312 -0.0898438 0.515625 -1.39844 -1.03125 1.90625 -0.648438 -0.243164 0.498047 -0.118652 -0.00726318 0.112793 -0.150391 -1.21875 -0.976562 -0.0247803 0.160156 0.65625 0.267578 3.26562 0.0598145 0.239258 -0.388672 -1.74219 0.154297 1.07812 2.21875 0.0629883 -0.213867 -0.365234 -0.15332 -0.535156 0.722656 0.699219 0.0986328 -0.402344 1.10938 -0.0559082 0.474609 -0.322266 0.992188 -0.330078 -0.0397949 -0.267578 0.910156 1.82812 1.41406 0.0500488 -0.359375 -0.5 -0.78125 -0.324219 0.180664 1.85156 0.100098 -0.421875 0.25 -0.726562 1.1875 0.738281 0.0234375 -0.470703 0.322266 0.605469 0.78125 -0.765625 -0.164062 -1.89062 0.176758 -1.375 -0.314453 -0.0154419 -0.251953 0.792969 0.636719 -0.183594 0.0898438 0.384766 -0.178711 0.114746 0.392578 -1.13281 1.70312 
0.90625 -0.431641 -1.17188 -0.417969 1.00781 -0.746094 -1.03906 -1.03125 -2.35938 -0.300781 -1.24219 -0.337891 -0.371094 -0.269531 -0.298828 1.10156 0.219727 -0.824219 0.251953 -0.118164 0.416016 0.800781 0.457031 -0.910156 0.871094 0.326172 1.90625 -0.0698242 0.294922 0.320312 -0.0289307 1.8125 1.0625 -0.398438 1.30469 0.298828 -1.54688 -0.271484 1.03906 -0.804688 -0.988281 0.464844 -0.275391 -1.33594 0.578125 -0.820312 -0.0898438 0.515625 -1.39844 -1.03125 1.90625 -0.648438 -0.243164 0.498047 -0.118652 -0.00726318 0.112793 -0.150391 -1.21875 -0.976562 -0.0247803 0.160156 0.65625 0.267578 3.26562 0.0598145 0.239258 -0.388672 -1.74219 0.154297 1.07812 2.21875 0.0629883 -0.213867 -0.365234 -0.15332 -0.535156 0.722656 0.699219 0.0986328 -0.402344 1.10938 -0.0559082 0.474609 -0.322266 0.992188 -0.330078 -0.0397949 -0.267578 0.910156 1.82812 1.41406 0.0500488 -0.359375 -0.5 -0.78125 -0.324219 0.180664 1.85156 0.100098 -0.421875 0.25 -0.726562 1.1875 0.738281 0.0234375 -0.470703 0.322266 0.605469 0.78125 -0.765625 -0.164062 -1.89062 0.176758 -1.375 -0.314453 -0.0154419 -0.251953 0.792969 0.636719 -0.183594 0.0898438 0.384766 -0.178711 0.114746 0.392578 -1.13281 1.70312 
0.90625 -0.431641 -1.17188 -0.417969 1.00781 -0.746094 -1.03906 -1.03125 -2.35938 -0.300781 -1.24219 -0.337891 -0.371094 -0.269531 -0.298828 1.10156 0.219727 -0.824219 0.251953 -0.118164 0.416016 0.800781 0.457031 -0.910156 0.871094 0.326172 1.90625 -0.0698242 0.294922 0.320312 -0.0289307 1.8125 1.0625 -0.398438 1.30469 0.298828 -1.54688 -0.271484 1.03906 -0.804688 -0.988281 0.464844 -0.275391 -1.33594 0.578125 -0.820312 -0.0898438 0.515625 -1.39844 -1.03125 1.90625 -0.648438 -0.243164 0.498047 -0.118652 -0.00726318 0.112793 -0.150391 -1.21875 -0.976562 -0.0247803 0.160156 0.65625 0.267578 3.26562 0.0598145 0.239258 -0.388672 -1.74219 0.154297 1.07812 2.21875 0.0629883 -0.213867 -0.365234 -0.15332 -0.535156 0.722656 0.699219 0.0986328 -0.402344 1.10938 -0.0559082 0.474609 -0.322266 0.992188 -0.330078 -0.0397949 -0.267578 0.910156 1.82812 1.41406 0.0500488 -0.359375 -0.5 -0.78125 -0.324219 0.180664 1.85156 0.100098 -0.421875 0.25 -0.726562 1.1875 0.738281 0.0234375 -0.470703 0.322266 0.605469 0.78125 -0.765625 -0.164062 -1.89062 0.176758 -1.375 -0.314453 -0.0154419 -0.251953 0.792969 0.636719 -0.183594 0.0898438 0.384766 -0.178711 0.114746 0.392578 -1.13281 1.70312 
0.90625 -0.431641 -1.17188 -0.417969 1.00781 -0.746094 -1.03906 -1.03125 -2.35938 -0.300781 -1.24219 -0.337891 -0.371094 -0.269531 -0.298828 1.10156 0.219727 -0.824219 0.251953 -0.118164 0.416016 0.800781 0.457031 -0.910156 0.871094 0.326172 1.90625 -0.0698242 0.294922 0.320312 -0.0289307 1.8125 1.0625 -0.398438 1.30469 0.298828 -1.54688 -0.271484 1.03906 -0.804688 -0.988281 0.464844 -0.275391 -1.33594 0.578125 -0.820312 -0.0898438 0.515625 -1.39844 -1.03125 1.90625 -0.648438 -0.243164 0.498047 -0.118652 -0.00726318 0.112793 -0.150391 -1.21875 -0.976562 -0.0247803 0.160156 0.65625 0.267578 3.26562 0.0598145 0.239258 -0.388672 -1.74219 0.154297 1.07812 2.21875 0.0629883 -0.213867 -0.365234 -0.15332 -0.535156 0.722656 0.699219 0.0986328 -0.402344 1.10938 -0.0559082 0.474609 -0.322266 0.992188 -0.330078 -0.0397949 -0.267578 0.910156 1.82812 1.41406 0.0500488 -0.359375 -0.5 -0.78125 -0.324219 0.180664 1.85156 0.100098 -0.421875 0.25 -0.726562 1.1875 0.738281 0.0234375 -0.470703 0.322266 0.605469 0.78125 -0.765625 -0.164062 -1.89062 0.176758 -1.375 -0.314453 -0.0154419 -0.251953 0.792969 0.636719 -0.183594 0.0898438 0.384766 -0.178711 0.114746 0.392578 -1.13281 1.70312 
0.90625 -0.431641 -1.17188 -0.417969 1.00781 -0.746094 -1.03906 -1.03125 -2.35938 -0.300781 -1.24219 -0.337891 -0.371094 -0.269531 -0.298828 1.10156 0.219727 -0.824219 0.251953 -0.118164 0.416016 0.800781 0.457031 -0.910156 0.871094 0.326172 1.90625 -0.0698242 0.294922 0.320312 -0.0289307 1.8125 1.0625 -0.398438 1.30469 0.298828 -1.54688 -0.271484 1.03906 -0.804688 -0.988281 0.464844 -0.275391 -1.33594 0.578125 -0.820312 -0.0898438 0.515625 -1.39844 -1.03125 1.90625 -0.648438 -0.243164 0.498047 -0.118652 -0.00726318 0.112793 -0.150391 -1.21875 -0.976562 -0.0247803 0.160156 0.65625 0.267578 3.26562 0.0598145 0.239258 -0.388672 -1.74219 0.154297 1.07812 2.21875 0.0629883 -0.213867 -0.365234 -0.15332 -0.535156 0.722656 0.699219 0.0986328 -0.402344 1.10938 -0.0559082 0.474609 -0.322266 0.992188 -0.330078 -0.0397949 -0.267578 0.910156 1.82812 1.41406 0.0500488 -0.359375 -0.5 -0.78125 -0.324219 0.180664 1.85156 0.100098 -0.421875 0.25 -0.726562 1.1875 0.738281 0.0234375 -0.470703 0.322266 0.605469 0.78125 -0.765625 -0.164062 -1.89062 0.176758 -1.375 -0.314453 -0.0154419 -0.251953 0.792969 0.636719 -0.183594 0.0898438 0.384766 -0.178711 0.114746 0.392578 -1.13281 1.70312 
0.90625 -0.431641 -1.17188 -0.417969 1.00781 -0.746094 -1.03906 -1.03125 -2.35938 -0.300781 -1.24219 -0.337891 -0.371094 -0.269531 -0.298828 1.10156 0.219727 -0.824219 0.251953 -0.118164 0.416016 0.800781 0.457031 -0.910156 0.871094 0.326172 1.90625 -0.0698242 0.294922 0.320312 -0.0289307 1.8125 1.0625 -0.398438 1.30469 0.298828 -1.54688 -0.271484 1.03906 -0.804688 -0.988281 0.464844 -0.275391 -1.33594 0.578125 -0.820312 -0.0898438 0.515625 -1.39844 -1.03125 1.90625 -0.648438 -0.243164 0.498047 -0.118652 -0.00726318 0.112793 -0.150391 -1.21875 -0.976562 -0.0247803 0.160156 0.65625 0.267578 3.26562 0.0598145 0.239258 -0.388672 -1.74219 0.154297 1.07812 2.21875 0.0629883 -0.213867 -0.365234 -0.15332 -0.535156 0.722656 0.699219 0.0986328 -0.402344 1.10938 -0.0559082 0.474609 -0.322266 0.992188 -0.330078 -0.0397949 -0.267578 0.910156 1.82812 1.41406 0.0500488 -0.359375 -0.5 -0.78125 -0.324219 0.180664 1.85156 0.100098 -0.421875 0.25 -0.726562 1.1875 0.738281 0.0234375 -0.470703 0.322266 0.605469 0.78125 -0.765625 -0.164062 -1.89062 0.176758 -1.375 -0.314453 -0.0154419 -0.251953 0.792969 0.636719 -0.183594 0.0898438 0.384766 -0.178711 0.114746 0.392578 -1.13281 1.70312 
0.90625 -0.431641 -1.17188 -0.417969 1.00781 -0.746094 -1.03906 -1.03125 -2.35938 -0.300781 -1.24219 -0.337891 -0.371094 -0.269531 -0.298828 1.10156 0.219727 -0.824219 0.251953 -0.118164 0.416016 0.800781 0.457031 -0.910156 0.871094 0.326172 1.90625 -0.0698242 0.294922 0.320312 -0.0289307 1.8125 1.0625 -0.398438 1.30469 0.298828 -1.54688 -0.271484 1.03906 -0.804688 -0.988281 0.464844 -0.275391 -1.33594 0.578125 -0.820312 -0.0898438 0.515625 -1.39844 -1.03125 1.90625 -0.648438 -0.243164 0.498047 -0.118652 -0.00726318 0.112793 -0.150391 -1.21875 -0.976562 -0.0247803 0.160156 0.65625 0.267578 3.26562 0.0598145 0.239258 -0.388672 -1.74219 0.154297 1.07812 2.21875 0.0629883 -0.213867 -0.365234 -0.15332 -0.535156 0.722656 0.699219 0.0986328 -0.402344 1.10938 -0.0559082 0.474609 -0.322266 0.992188 -0.330078 -0.0397949 -0.267578 0.910156 1.82812 1.41406 0.0500488 -0.359375 -0.5 -0.78125 -0.324219 0.180664 1.85156 0.100098 -0.421875 0.25 -0.726562 1.1875 0.738281 0.0234375 -0.470703 0.322266 0.605469 0.78125 -0.765625 -0.164062 -1.89062 0.176758 -1.375 -0.314453 -0.0154419 -0.251953 0.792969 0.636719 -0.183594 0.0898438 0.384766 -0.178711 0.114746 0.392578 -1.13281 1.70312 
0.90625 -0.431641 -1.17188 -0.417969 1.00781 -0.746094 -1.03906 -1.03125 -2.35938 -0.300781 -1.24219 -0.337891 -0.371094 -0.269531 -0.298828 1.10156 0.219727 -0.824219 0.251953 -0.118164 0.416016 0.800781 0.457031 -0.910156 0.871094 0.326172 1.90625 -0.0698242 0.294922 0.320312 -0.0289307 1.8125 1.0625 -0.398438 1.30469 0.298828 -1.54688 -0.271484 1.03906 -0.804688 -0.988281 0.464844 -0.275391 -1.33594 0.578125 -0.820312 -0.0898438 0.515625 -1.39844 -1.03125 1.90625 -0.648438 -0.243164 0.498047 -0.118652 -0.00726318 0.112793 -0.150391 -1.21875 -0.976562 -0.0247803 0.160156 0.65625 0.267578 3.26562 0.0598145 0.239258 -0.388672 -1.74219 0.154297 1.07812 2.21875 0.0629883 -0.213867 -0.365234 -0.15332 -0.535156 0.722656 0.699219 0.0986328 -0.402344 1.10938 -0.0559082 0.474609 -0.322266 0.992188 -0.330078 -0.0397949 -0.267578 0.910156 1.82812 1.41406 0.0500488 -0.359375 -0.5 -0.78125 -0.324219 0.180664 1.85156 0.100098 -0.421875 0.25 -0.726562 1.1875 0.738281 0.0234375 -0.470703 0.322266 0.605469 0.78125 -0.765625 -0.164062 -1.89062 0.176758 -1.375 -0.314453 -0.0154419 -0.251953 0.792969 0.636719 -0.183594 0.0898438 0.384766 -0.178711 0.114746 0.392578 -1.13281 1.70312 
0.90625 -0.431641 -1.17188 -0.417969 1.00781 -0.746094 -1.03906 -1.03125 -2.35938 -0.300781 -1.24219 -0.337891 -0.371094 -0.269531 -0.298828 1.10156 0.219727 -0.824219 0.251953 -0.118164 0.416016 0.800781 0.457031 -0.910156 0.871094 0.326172 1.90625 -0.0698242 0.294922 0.320312 -0.0289307 1.8125 1.0625 -0.398438 1.30469 0.298828 -1.54688 -0.271484 1.03906 -0.804688 -0.988281 0.464844 -0.275391 -1.33594 0.578125 -0.820312 -0.0898438 0.515625 -1.39844 -1.03125 1.90625 -0.648438 -0.243164 0.498047 -0.118652 -0.00726318 0.112793 -0.150391 -1.21875 -0.976562 -0.0247803 0.160156 0.65625 0.267578 3.26562 0.0598145 0.239258 -0.388672 -1.74219 0.154297 1.07812 2.21875 0.0629883 -0.213867 -0.365234 -0.15332 -0.535156 0.722656 0.699219 0.0986328 -0.402344 1.10938 -0.0559082 0.474609 -0.322266 0.992188 -0.330078 -0.0397949 -0.267578 0.910156 1.82812 1.41406 0.0500488 -0.359375 -0.5 -0.78125 -0.324219 0.180664 1.85156 0.100098 -0.421875 0.25 -0.726562 1.1875 0.738281 0.0234375 -0.470703 0.322266 0.605469 0.78125 -0.765625 -0.164062 -1.89062 0.176758 -1.375 -0.314453 -0.0154419 -0.251953 0.792969 0.636719 -0.183594 0.0898438 0.384766 -0.178711 0.114746 0.392578 -1.13281 1.70312 
0.90625 -0.431641 -1.17188 -0.417969 1.00781 -0.746094 -1.03906 -1.03125 -2.35938 -0.300781 -1.24219 -0.337891 -0.371094 -0.269531 -0.298828 1.10156 0.219727 -0.824219 0.251953 -0.118164 0.416016 0.800781 0.457031 -0.910156 0.871094 0.326172 1.90625 -0.0698242 0.294922 0.320312 -0.0289307 1.8125 1.0625 -0.398438 1.30469 0.298828 -1.54688 -0.271484 1.03906 -0.804688 -0.988281 0.464844 -0.275391 -1.33594 0.578125 -0.820312 -0.0898438 0.515625 -1.39844 -1.03125 1.90625 -0.648438 -0.243164 0.498047 -0.118652 -0.00726318 0.112793 -0.150391 -1.21875 -0.976562 -0.0247803 0.160156 0.65625 0.267578 3.26562 0.0598145 0.239258 -0.388672 -1.74219 0.154297 1.07812 2.21875 0.0629883 -0.213867 -0.365234 -0.15332 -0.535156 0.722656 0.699219 0.0986328 -0.402344 1.10938 -0.0559082 0.474609 -0.322266 0.992188 -0.330078 -0.0397949 -0.267578 0.910156 1.82812 1.41406 0.0500488 -0.359375 -0.5 -0.78125 -0.324219 0.180664 1.85156 0.100098 -0.421875 0.25 -0.726562 1.1875 0.738281 0.0234375 -0.470703 0.322266 0.605469 0.78125 -0.765625 -0.164062 -1.89062 0.176758 -1.375 -0.314453 -0.0154419 -0.251953 0.792969 0.636719 -0.183594 0.0898438 0.384766 -0.178711 0.114746 0.392578 -1.13281 1.70312 
0.90625 -0.431641 -1.17188 -0.417969 1.00781 -0.746094 -1.03906 -1.03125 -2.35938 -0.300781 -1.24219 -0.337891 -0.371094 -0.269531 -0.298828 1.10156 0.219727 -0.824219 0.251953 -0.118164 0.416016 0.800781 0.457031 -0.910156 0.871094 0.326172 1.90625 -0.0698242 0.294922 0.320312 -0.0289307 1.8125 1.0625 -0.398438 1.30469 0.298828 -1.54688 -0.271484 1.03906 -0.804688 -0.988281 0.464844 -0.275391 -1.33594 0.578125 -0.820312 -0.0898438 0.515625 -1.39844 -1.03125 1.90625 -0.648438 -0.243164 0.498047 -0.118652 -0.00726318 0.112793 -0.150391 -1.21875 -0.976562 -0.0247803 0.160156 0.65625 0.267578 3.26562 0.0598145 0.239258 -0.388672 -1.74219 0.154297 1.07812 2.21875 0.0629883 -0.213867 -0.365234 -0.15332 -0.535156 0.722656 0.699219 0.0986328 -0.402344 1.10938 -0.0559082 0.474609 -0.322266 0.992188 -0.330078 -0.0397949 -0.267578 0.910156 1.82812 1.41406 0.0500488 -0.359375 -0.5 -0.78125 -0.324219 0.180664 1.85156 0.100098 -0.421875 0.25 -0.726562 1.1875 0.738281 0.0234375 -0.470703 0.322266 0.605469 0.78125 -0.765625 -0.164062 -1.89062 0.176758 -1.375 -0.314453 -0.0154419 -0.251953 0.792969 0.636719 -0.183594 0.0898438 0.384766 -0.178711 0.114746 0.392578 -1.13281 1.70312 
0.761719 -0.863281 0.792969 0.828125 0.296875 0.484375 0.652344 0.0703125 0.664062 0.265625 0.466797 -0.306641 0.304688 -1.15625 0.0966797 0.0524902 0.628906 -0.129883 0.171875 0.245117 -0.388672 0.238281 -0.392578 -0.0795898 -0.267578 0.392578 0.470703 -0.283203 -0.453125 0.597656 0.169922 0.820312 0.478516 0.0361328 0.144531 -0.00592041 0.376953 -0.00488281 -0.132812 0.392578 -0.648438 -0.222656 -0.460938 -0.114746 0.423828 0.431641 0.357422 -0.287109 -0.373047 -0.144531 0.117188 0.138672 0.582031 -0.263672 0.255859 0.149414 0.300781 0.194336 0.116211 0.349609 -0.863281 0.216797 0.318359 0.275391 -0.269531 -0.578125 -0.208984 0.550781 0.318359 0.5625 -0.119141 0.351562 0.010376 -0.617188 -0.835938 0.333984 0.235352 1.0625 0.460938 -0.597656 -0.322266 0.0062561 0.0463867 -0.0791016 0.101074 -0.162109 -0.535156 0.546875 0.181641 0.106445 0.652344 0.441406 -0.582031 0.158203 0.699219 -0.150391 -0.574219 0.695312 -0.128906 -0.0805664 0.292969 -0.166016 0.174805 -0.318359 0.0976562 -0.273438 -0.558594 -0.679688 0.332031 -0.535156 0.498047 0.178711 -0.302734 0.628906 -0.421875 1.42969 0.765625 -0.652344 0.205078 -0.0123291 0.0810547 -0.24707 0.792969 0.753906 -0.613281 0.453125 0.0996094 0.6875 
0.761719 -0.863281 0.792969 0.828125 0.296875 0.484375 0.652344 0.0703125 0.664062 0.265625 0.466797 -0.306641 0.304688 -1.15625 0.0966797 0.0524902 0.628906 -0.129883 0.171875 0.245117 -0.388672 0.238281 -0.392578 -0.0795898 -0.267578 0.392578 0.470703 -0.283203 -0.453125 0.597656 0.169922 0.820312 0.478516 0.0361328 0.144531 -0.00592041 0.376953 -0.00488281 -0.132812 0.392578 -0.648438 -0.222656 -0.460938 -0.114746 0.423828 0.431641 0.357422 -0.287109 -0.373047 -0.144531 0.117188 0.138672 0.582031 -0.263672 0.255859 0.149414 0.300781 0.194336 0.116211 0.349609 -0.863281 0.216797 0.318359 0.275391 -0.269531 -0.578125 -0.208984 0.550781 0.318359 0.5625 -0.119141 0.351562 0.010376 -0.617188 -0.835938 0.333984 0.235352 1.0625 0.460938 -0.597656 -0.322266 0.0062561 0.0463867 -0.0791016 0.101074 -0.162109 -0.535156 0.546875 0.181641 0.106445 0.652344 0.441406 -0.582031 0.158203 0.699219 -0.150391 -0.574219 0.695312 -0.128906 -0.0805664 0.292969 -0.166016 0.174805 -0.318359 0.0976562 -0.273438 -0.558594 -0.679688 0.332031 -0.535156 0.498047 0.178711 -0.302734 0.628906 -0.421875 1.42969 0.765625 -0.652344 0.205078 -0.0123291 0.0810547 -0.24707 0.792969 0.753906 -0.613281 0.453125 0.0996094 0.6875 
0.761719 -0.863281 0.792969 0.828125 0.296875 0.484375 0.652344 0.0703125 0.664062 0.265625 0.466797 -0.306641 0.304688 -1.15625 0.0966797 0.0524902 0.628906 -0.129883 0.171875 0.245117 -0.388672 0.238281 -0.392578 -0.0795898 -0.267578 0.392578 0.470703 -0.283203 -0.453125 0.597656 0.169922 0.820312 0.478516 0.0361328 0.144531 -0.00592041 0.376953 -0.00488281 -0.132812 0.392578 -0.648438 -0.222656 -0.460938 -0.114746 0.423828 0.431641 0.357422 -0.287109 -0.373047 -0.144531 0.117188 0.138672 0.582031 -0.263672 0.255859 0.149414 0.300781 0.194336 0.116211 0.349609 -0.863281 0.216797 0.318359 0.275391 -0.269531 -0.578125 -0.208984 0.550781 0.318359 0.5625 -0.119141 0.351562 0.010376 -0.617188 -0.835938 0.333984 0.235352 1.0625 0.460938 -0.597656 -0.322266 0.0062561 0.0463867 -0.0791016 0.101074 -0.162109 -0.535156 0.546875 0.181641 0.106445 0.652344 0.441406 -0.582031 0.158203 0.699219 -0.150391 -0.574219 0.695312 -0.128906 -0.0805664 0.292969 -0.166016 0.174805 -0.318359 0.0976562 -0.273438 -0.558594 -0.679688 0.332031 -0.535156 0.498047 0.178711 -0.302734 0.628906 -0.421875 1.42969 0.765625 -0.652344 0.205078 -0.0123291 0.0810547 -0.24707 0.792969 0.753906 -0.613281 0.453125 0.0996094 0.6875 
0.761719 -0.863281 0.792969 0.828125 0.296875 0.484375 0.652344 0.0703125 0.664062 0.265625 0.466797 -0.306641 0.304688 -1.15625 0.0966797 0.0524902 0.628906 -0.129883 0.171875 0.245117 -0.388672 0.238281 -0.392578 -0.0795898 -0.267578 0.392578 0.470703 -0.283203 -0.453125 0.597656 0.169922 0.820312 0.478516 0.0361328 0.144531 -0.00592041 0.376953 -0.00488281 -0.132812 0.392578 -0.648438 -0.222656 -0.460938 -0.114746 0.423828 0.431641 0.357422 -0.287109 -0.373047 -0.144531 0.117188 0.138672 0.582031 -0.263672 0.255859 0.149414 0.300781 0.194336 0.116211 0.349609 -0.863281 0.216797 0.318359 0.275391 -0.269531 -0.578125 -0.208984 0.550781 0.318359 0.5625 -0.119141 0.351562 0.010376 -0.617188 -0.835938 0.333984 0.235352 1.0625 0.460938 -0.597656 -0.322266 0.0062561 0.0463867 -0.0791016 0.101074 -0.162109 -0.535156 0.546875 0.181641 0.106445 0.652344 0.441406 -0.582031 0.158203 0.699219 -0.150391 -0.574219 0.695312 -0.128906 -0.0805664 0.292969 -0.166016 0.174805 -0.318359 0.0976562 -0.273438 -0.558594 -0.679688 0.332031 -0.535156 0.498047 0.178711 -0.302734 0.628906 -0.421875 1.42969 0.765625 -0.652344 0.205078 -0.0123291 0.0810547 -0.24707 0.792969 0.753906 -0.613281 0.453125 0.0996094 0.6875 
0.761719 -0.863281 0.792969 0.828125 0.296875 0.484375 0.652344 0.0703125 0.664062 0.265625 0.466797 -0.306641 0.304688 -1.15625 0.0966797 0.0524902 0.628906 -0.129883 0.171875 0.245117 -0.388672 0.238281 -0.392578 -0.0795898 -0.267578 0.392578 0.470703 -0.283203 -0.453125 0.597656 0.169922 0.820312 0.478516 0.0361328 0.144531 -0.00592041 0.376953 -0.00488281 -0.132812 0.392578 -0.648438 -0.222656 -0.460938 -0.114746 0.423828 0.431641 0.357422 -0.287109 -0.373047 -0.144531 0.117188 0.138672 0.582031 -0.263672 0.255859 0.149414 0.300781 0.194336 0.116211 0.349609 -0.863281 0.216797 0.318359 0.275391 -0.269531 -0.578125 -0.208984 0.550781 0.318359 0.5625 -0.119141 0.351562 0.010376 -0.617188 -0.835938 0.333984 0.235352 1.0625 0.460938 -0.597656 -0.322266 0.0062561 0.0463867 -0.0791016 0.101074 -0.162109 -0.535156 0.546875 0.181641 0.106445 0.652344 0.441406 -0.582031 0.158203 0.699219 -0.150391 -0.574219 0.695312 -0.128906 -0.0805664 0.292969 -0.166016 0.174805 -0.318359 0.0976562 -0.273438 -0.558594 -0.679688 0.332031 -0.535156 0.498047 0.178711 -0.302734 0.628906 -0.421875 1.42969 0.765625 -0.652344 0.205078 -0.0123291 0.0810547 -0.24707 0.792969 0.753906 -0.613281 0.453125 0.0996094 0.6875 
0.761719 -0.863281 0.792969 0.828125 0.296875 0.484375 0.652344 0.0703125 0.664062 0.265625 0.466797 -0.306641 0.304688 -1.15625 0.0966797 0.0524902 0.628906 -0.129883 0.171875 0.245117 -0.388672 0.238281 -0.392578 -0.0795898 -0.267578 0.392578 0.470703 -0.283203 -0.453125 0.597656 0.169922 0.820312 0.478516 0.0361328 0.144531 -0.00592041 0.376953 -0.00488281 -0.132812 0.392578 -0.648438 -0.222656 -0.460938 -0.114746 0.423828 0.431641 0.357422 -0.287109 -0.373047 -0.144531 0.117188 0.138672 0.582031 -0.263672 0.255859 0.149414 0.300781 0.194336 0.116211 0.349609 -0.863281 0.216797 0.318359 0.275391 -0.269531 -0.578125 -0.208984 0.550781 0.318359 0.5625 -0.119141 0.351562 0.010376 -0.617188 -0.835938 0.333984 0.235352 1.0625 0.460938 -0.597656 -0.322266 0.0062561 0.0463867 -0.0791016 0.101074 -0.162109 -0.535156 0.546875 0.181641 0.106445 0.652344 0.441406 -0.582031 0.158203 0.699219 -0.150391 -0.574219 0.695312 -0.128906 -0.0805664 0.292969 -0.166016 0.174805 -0.318359 0.0976562 -0.273438 -0.558594 -0.679688 0.332031 -0.535156 0.498047 0.178711 -0.302734 0.628906 -0.421875 1.42969 0.765625 -0.652344 0.205078 -0.0123291 0.0810547 -0.24707 0.792969 0.753906 -0.613281 0.453125 0.0996094 0.6875 
0.761719 -0.863281 0.792969 0.828125 0.296875 0.484375 0.652344 0.0703125 0.664062 0.265625 0.466797 -0.306641 0.304688 -1.15625 0.0966797 0.0524902 0.628906 -0.129883 0.171875 0.245117 -0.388672 0.238281 -0.392578 -0.0795898 -0.267578 0.392578 0.470703 -0.283203 -0.453125 0.597656 0.169922 0.820312 0.478516 0.0361328 0.144531 -0.00592041 0.376953 -0.00488281 -0.132812 0.392578 -0.648438 -0.222656 -0.460938 -0.114746 0.423828 0.431641 0.357422 -0.287109 -0.373047 -0.144531 0.117188 0.138672 0.582031 -0.263672 0.255859 0.149414 0.300781 0.194336 0.116211 0.349609 -0.863281 0.216797 0.318359 0.275391 -0.269531 -0.578125 -0.208984 0.550781 0.318359 0.5625 -0.119141 0.351562 0.010376 -0.617188 -0.835938 0.333984 0.235352 1.0625 0.460938 -0.597656 -0.322266 0.0062561 0.0463867 -0.0791016 0.101074 -0.162109 -0.535156 0.546875 0.181641 0.106445 0.652344 0.441406 -0.582031 0.158203 0.699219 -0.150391 -0.574219 0.695312 -0.128906 -0.0805664 0.292969 -0.166016 0.174805 -0.318359 0.0976562 -0.273438 -0.558594 -0.679688 0.332031 -0.535156 0.498047 0.178711 -0.302734 0.628906 -0.421875 1.42969 0.765625 -0.652344 0.205078 -0.0123291 0.0810547 -0.24707 0.792969 0.753906 -0.613281 0.453125 0.0996094 0.6875 
0.761719 -0.863281 0.792969 0.828125 0.296875 0.484375 0.652344 0.0703125 0.664062 0.265625 0.466797 -0.306641 0.304688 -1.15625 0.0966797 0.0524902 0.628906 -0.129883 0.171875 0.245117 -0.388672 0.238281 -0.392578 -0.0795898 -0.267578 0.392578 0.470703 -0.283203 -0.453125 0.597656 0.169922 0.820312 0.478516 0.0361328 0.144531 -0.00592041 0.376953 -0.00488281 -0.132812 0.392578 -0.648438 -0.222656 -0.460938 -0.114746 0.423828 0.431641 0.357422 -0.287109 -0.373047 -0.144531 0.117188 0.138672 0.582031 -0.263672 0.255859 0.149414 0.300781 0.194336 0.116211 0.349609 -0.863281 0.216797 0.318359 0.275391 -0.269531 -0.578125 -0.208984 0.550781 0.318359 0.5625 -0.119141 0.351562 0.010376 -0.617188 -0.835938 0.333984 0.235352 1.0625 0.460938 -0.597656 -0.322266 0.0062561 0.0463867 -0.0791016 0.101074 -0.162109 -0.535156 0.546875 0.181641 0.106445 0.652344 0.441406 -0.582031 0.158203 0.699219 -0.150391 -0.574219 0.695312 -0.128906 -0.0805664 0.292969 -0.166016 0.174805 -0.318359 0.0976562 -0.273438 -0.558594 -0.679688 0.332031 -0.535156 0.498047 0.178711 -0.302734 0.628906 -0.421875 1.42969 0.765625 -0.652344 0.205078 -0.0123291 0.0810547 -0.24707 0.792969 0.753906 -0.613281 0.453125 0.0996094 0.6875 
0.761719 -0.863281 0.792969 0.828125 0.296875 0.484375 0.652344 0.0703125 0.664062 0.265625 0.466797 -0.306641 0.304688 -1.15625 0.0966797 0.0524902 0.628906 -0.129883 0.171875 0.245117 -0.388672 0.238281 -0.392578 -0.0795898 -0.267578 0.392578 0.470703 -0.283203 -0.453125 0.597656 0.169922 0.820312 0.478516 0.0361328 0.144531 -0.00592041 0.376953 -0.00488281 -0.132812 0.392578 -0.648438 -0.222656 -0.460938 -0.114746 0.423828 0.431641 0.357422 -0.287109 -0.373047 -0.144531 0.117188 0.138672 0.582031 -0.263672 0.255859 0.149414 0.300781 0.194336 0.116211 0.349609 -0.863281 0.216797 0.318359 0.275391 -0.269531 -0.578125 -0.208984 0.550781 0.318359 0.5625 -0.119141 0.351562 0.010376 -0.617188 -0.835938 0.333984 0.235352 1.0625 0.460938 -0.597656 -0.322266 0.0062561 0.0463867 -0.0791016 0.101074 -0.162109 -0.535156 0.546875 0.181641 0.106445 0.652344 0.441406 -0.582031 0.158203 0.699219 -0.150391 -0.574219 0.695312 -0.128906 -0.0805664 0.292969 -0.166016 0.174805 -0.318359 0.0976562 -0.273438 -0.558594 -0.679688 0.332031 -0.535156 0.498047 0.178711 -0.302734 0.628906 -0.421875 1.42969 0.765625 -0.652344 0.205078 -0.0123291 0.0810547 -0.24707 0.792969 0.753906 -0.613281 0.453125 0.0996094 0.6875 
0.761719 -0.863281 0.792969 0.828125 0.296875 0.484375 0.652344 0.0703125 0.664062 0.265625 0.466797 -0.306641 0.304688 -1.15625 0.0966797 0.0524902 0.628906 -0.129883 0.171875 0.245117 -0.388672 0.238281 -0.392578 -0.0795898 -0.267578 0.392578 0.470703 -0.283203 -0.453125 0.597656 0.169922 0.820312 0.478516 0.0361328 0.144531 -0.00592041 0.376953 -0.00488281 -0.132812 0.392578 -0.648438 -0.222656 -0.460938 -0.114746 0.423828 0.431641 0.357422 -0.287109 -0.373047 -0.144531 0.117188 0.138672 0.582031 -0.263672 0.255859 0.149414 0.300781 0.194336 0.116211 0.349609 -0.863281 0.216797 0.318359 0.275391 -0.269531 -0.578125 -0.208984 0.550781 0.318359 0.5625 -0.119141 0.351562 0.010376 -0.617188 -0.835938 0.333984 0.235352 1.0625 0.460938 -0.597656 -0.322266 0.0062561 0.0463867 -0.0791016 0.101074 -0.162109 -0.535156 0.546875 0.181641 0.106445 0.652344 0.441406 -0.582031 0.158203 0.699219 -0.150391 -0.574219 0.695312 -0.128906 -0.0805664 0.292969 -0.166016 0.174805 -0.318359 0.0976562 -0.273438 -0.558594 -0.679688 0.332031 -0.535156 0.498047 0.178711 -0.302734 0.628906 -0.421875 1.42969 0.765625 -0.652344 0.205078 -0.0123291 0.0810547 -0.24707 0.792969 0.753906 -0.613281 0.453125 0.0996094 0.6875 
0.761719 -0.863281 0.792969 0.828125 0.296875 0.484375 0.652344 0.0703125 0.664062 0.265625 0.466797 -0.306641 0.304688 -1.15625 0.0966797 0.0524902 0.628906 -0.129883 0.171875 0.245117 -0.388672 0.238281 -0.392578 -0.0795898 -0.267578 0.392578 0.470703 -0.283203 -0.453125 0.597656 0.169922 0.820312 0.478516 0.0361328 0.144531 -0.00592041 0.376953 -0.00488281 -0.132812 0.392578 -0.648438 -0.222656 -0.460938 -0.114746 0.423828 0.431641 0.357422 -0.287109 -0.373047 -0.144531 0.117188 0.138672 0.582031 -0.263672 0.255859 0.149414 0.300781 0.194336 0.116211 0.349609 -0.863281 0.216797 0.318359 0.275391 -0.269531 -0.578125 -0.208984 0.550781 0.318359 0.5625 -0.119141 0.351562 0.010376 -0.617188 -0.835938 0.333984 0.235352 1.0625 0.460938 -0.597656 -0.322266 0.0062561 0.0463867 -0.0791016 0.101074 -0.162109 -0.535156 0.546875 0.181641 0.106445 0.652344 0.441406 -0.582031 0.158203 0.699219 -0.150391 -0.574219 0.695312 -0.128906 -0.0805664 0.292969 -0.166016 0.174805 -0.318359 0.0976562 -0.273438 -0.558594 -0.679688 0.332031 -0.535156 0.498047 0.178711 -0.302734 0.628906 -0.421875 1.42969 0.765625 -0.652344 0.205078 -0.0123291 0.0810547 -0.24707 0.792969 0.753906 -0.613281 0.453125 0.0996094 0.6875 
0.761719 -0.863281 0.792969 0.828125 0.296875 0.484375 0.652344 0.0703125 0.664062 0.265625 0.466797 -0.306641 0.304688 -1.15625 0.0966797 0.0524902 0.628906 -0.129883 0.171875 0.245117 -0.388672 0.238281 -0.392578 -0.0795898 -0.267578 0.392578 0.470703 -0.283203 -0.453125 0.597656 0.169922 0.820312 0.478516 0.0361328 0.144531 -0.00592041 0.376953 -0.00488281 -0.132812 0.392578 -0.648438 -0.222656 -0.460938 -0.114746 0.423828 0.431641 0.357422 -0.287109 -0.373047 -0.144531 0.117188 0.138672 0.582031 -0.263672 0.255859 0.149414 0.300781 0.194336 0.116211 0.349609 -0.863281 0.216797 0.318359 0.275391 -0.269531 -0.578125 -0.208984 0.550781 0.318359 0.5625 -0.119141 0.351562 0.010376 -0.617188 -0.835938 0.333984 0.235352 1.0625 0.460938 -0.597656 -0.322266 0.0062561 0.0463867 -0.0791016 0.101074 -0.162109 -0.535156 0.546875 0.181641 0.106445 0.652344 0.441406 -0.582031 0.158203 0.699219 -0.150391 -0.574219 0.695312 -0.128906 -0.0805664 0.292969 -0.166016 0.174805 -0.318359 0.0976562 -0.273438 -0.558594 -0.679688 0.332031 -0.535156 0.498047 0.178711 -0.302734 0.628906 -0.421875 1.42969 0.765625 -0.652344 0.205078 -0.0123291 0.0810547 -0.24707 0.792969 0.753906 -0.613281 0.453125 0.0996094 0.6875 
0.761719 -0.863281 0.792969 0.828125 0.296875 0.484375 0.652344 0.0703125 0.664062 0.265625 0.466797 -0.306641 0.304688 -1.15625 0.0966797 0.0524902 0.628906 -0.129883 0.171875 0.245117 -0.388672 0.238281 -0.392578 -0.0795898 -0.267578 0.392578 0.470703 -0.283203 -0.453125 0.597656 0.169922 0.820312 0.478516 0.0361328 0.144531 -0.00592041 0.376953 -0.00488281 -0.132812 0.392578 -0.648438 -0.222656 -0.460938 -0.114746 0.423828 0.431641 0.357422 -0.287109 -0.373047 -0.144531 0.117188 0.138672 0.582031 -0.263672 0.255859 0.149414 0.300781 0.194336 0.116211 0.349609 -0.863281 0.216797 0.318359 0.275391 -0.269531 -0.578125 -0.208984 0.550781 0.318359 0.5625 -0.119141 0.351562 0.010376 -0.617188 -0.835938 0.333984 0.235352 1.0625 0.460938 -0.597656 -0.322266 0.0062561 0.0463867 -0.0791016 0.101074 -0.162109 -0.535156 0.546875 0.181641 0.106445 0.652344 0.441406 -0.582031 0.158203 0.699219 -0.150391 -0.574219 0.695312 -0.128906 -0.0805664 0.292969 -0.166016 0.174805 -0.318359 0.0976562 -0.273438 -0.558594 -0.679688 0.332031 -0.535156 0.498047 0.178711 -0.302734 0.628906 -0.421875 1.42969 0.765625 -0.652344 0.205078 -0.0123291 0.0810547 -0.24707 0.792969 0.753906 -0.613281 0.453125 0.0996094 0.6875 
0.761719 -0.863281 0.792969 0.828125 0.296875 0.484375 0.652344 0.0703125 0.664062 0.265625 0.466797 -0.306641 0.304688 -1.15625 0.0966797 0.0524902 0.628906 -0.129883 0.171875 0.245117 -0.388672 0.238281 -0.392578 -0.0795898 -0.267578 0.392578 0.470703 -0.283203 -0.453125 0.597656 0.169922 0.820312 0.478516 0.0361328 0.144531 -0.00592041 0.376953 -0.00488281 -0.132812 0.392578 -0.648438 -0.222656 -0.460938 -0.114746 0.423828 0.431641 0.357422 -0.287109 -0.373047 -0.144531 0.117188 0.138672 0.582031 -0.263672 0.255859 0.149414 0.300781 0.194336 0.116211 0.349609 -0.863281 0.216797 0.318359 0.275391 -0.269531 -0.578125 -0.208984 0.550781 0.318359 0.5625 -0.119141 0.351562 0.010376 -0.617188 -0.835938 0.333984 0.235352 1.0625 0.460938 -0.597656 -0.322266 0.0062561 0.0463867 -0.0791016 0.101074 -0.162109 -0.535156 0.546875 0.181641 0.106445 0.652344 0.441406 -0.582031 0.158203 0.699219 -0.150391 -0.574219 0.695312 -0.128906 -0.0805664 0.292969 -0.166016 0.174805 -0.318359 0.0976562 -0.273438 -0.558594 -0.679688 0.332031 -0.535156 0.498047 0.178711 -0.302734 0.628906 -0.421875 1.42969 0.765625 -0.652344 0.205078 -0.0123291 0.0810547 -0.24707 0.792969 0.753906 -0.613281 0.453125 0.0996094 0.6875 
0.761719 -0.863281 0.792969 0.828125 0.296875 0.484375 0.652344 0.0703125 0.664062 0.265625 0.466797 -0.306641 0.304688 -1.15625 0.0966797 0.0524902 0.628906 -0.129883 0.171875 0.245117 -0.388672 0.238281 -0.392578 -0.0795898 -0.267578 0.392578 0.470703 -0.283203 -0.453125 0.597656 0.169922 0.820312 0.478516 0.0361328 0.144531 -0.00592041 0.376953 -0.00488281 -0.132812 0.392578 -0.648438 -0.222656 -0.460938 -0.114746 0.423828 0.431641 0.357422 -0.287109 -0.373047 -0.144531 0.117188 0.138672 0.582031 -0.263672 0.255859 0.149414 0.300781 0.194336 0.116211 0.349609 -0.863281 0.216797 0.318359 0.275391 -0.269531 -0.578125 -0.208984 0.550781 0.318359 0.5625 -0.119141 0.351562 0.010376 -0.617188 -0.835938 0.333984 0.235352 1.0625 0.460938 -0.597656 -0.322266 0.0062561 0.0463867 -0.0791016 0.101074 -0.162109 -0.535156 0.546875 0.181641 0.106445 0.652344 0.441406 -0.582031 0.158203 0.699219 -0.150391 -0.574219 0.695312 -0.128906 -0.0805664 0.292969 -0.166016 0.174805 -0.318359 0.0976562 -0.273438 -0.558594 -0.679688 0.332031 -0.535156 0.498047 0.178711 -0.302734 0.628906 -0.421875 1.42969 0.765625 -0.652344 0.205078 -0.0123291 0.0810547 -0.24707 0.792969 0.753906 -0.613281 0.453125 0.0996094 0.6875 
0.761719 -0.863281 0.792969 0.828125 0.296875 0.484375 0.652344 0.0703125 0.664062 0.265625 0.466797 -0.306641 0.304688 -1.15625 0.0966797 0.0524902 0.628906 -0.129883 0.171875 0.245117 -0.388672 0.238281 -0.392578 -0.0795898 -0.267578 0.392578 0.470703 -0.283203 -0.453125 0.597656 0.169922 0.820312 0.478516 0.0361328 0.144531 -0.00592041 0.376953 -0.00488281 -0.132812 0.392578 -0.648438 -0.222656 -0.460938 -0.114746 0.423828 0.431641 0.357422 -0.287109 -0.373047 -0.144531 0.117188 0.138672 0.582031 -0.263672 0.255859 0.149414 0.300781 0.194336 0.116211 0.349609 -0.863281 0.216797 0.318359 0.275391 -0.269531 -0.578125 -0.208984 0.550781 0.318359 0.5625 -0.119141 0.351562 0.010376 -0.617188 -0.835938 0.333984 0.235352 1.0625 0.460938 -0.597656 -0.322266 0.0062561 0.0463867 -0.0791016 0.101074 -0.162109 -0.535156 0.546875 0.181641 0.106445 0.652344 0.441406 -0.582031 0.158203 0.699219 -0.150391 -0.574219 0.695312 -0.128906 -0.0805664 0.292969 -0.166016 0.174805 -0.318359 0.0976562 -0.273438 -0.558594 -0.679688 0.332031 -0.535156 0.498047 0.178711 -0.302734 0.628906 -0.421875 1.42969 0.765625 -0.652344 0.205078 -0.0123291 0.0810547 -0.24707 0.792969 0.753906 -0.613281 0.453125 0.0996094 0.6875 
Tensor: shape[ 1 32 128 ] strides[ 4096 128 1 ] dtype=BF16 device=MOORE:0
-0.367188 0.605469 0.503906 0.173828 -0.0454102 -0.667969 0.265625 -0.640625 -0.0117188 -0.792969 0.59375 -0.234375 -0.433594 0.134766 0.726562 -0.117188 -0.0234375 0.207031 0.5 -0.474609 -0.652344 1.00781 0.0366211 0.249023 1.0625 -0.404297 0.589844 -0.158203 0.78125 -0.734375 0.0151978 0.237305 -0.550781 0.431641 0.367188 -0.213867 -0.0625 0.296875 -0.125977 -0.0378418 -0.0810547 0.174805 0.302734 0.244141 -0.00982666 0.828125 0.28125 -0.769531 -0.6875 0.597656 0.271484 0.617188 -0.211914 0.882812 0.219727 1.13281 -0.667969 -0.0981445 -0.378906 0.660156 -0.992188 -0.789062 -0.269531 0.326172 0.816406 -0.408203 -0.0908203 -0.535156 -0.00488281 0.0830078 0.710938 -1.10156 -0.376953 -0.542969 -0.18457 0.0159912 0.675781 0.539062 0.128906 0.251953 -0.699219 0.00585938 0.589844 0.0917969 0.248047 0.148438 0.25 0.147461 0.298828 0.224609 -0.251953 -0.231445 -0.0522461 0.251953 -0.486328 0.00506592 -0.792969 1.22656 0.703125 -0.176758 -0.425781 0.0703125 0.361328 0.0424805 0.507812 -0.773438 -0.5 0.929688 -0.308594 0.174805 0.710938 -1.21875 0.773438 -1.08594 1.15625 -0.416016 -0.133789 -0.941406 -0.8125 0.00454712 0.431641 0.769531 0.8125 0.78125 0.886719 -0.384766 -0.867188 2.1875 
-0.0742188 0.53125 -0.664062 -0.671875 -0.015625 0.140625 -0.439453 -0.230469 -0.243164 -0.0791016 -0.683594 0.808594 0.457031 0.294922 0.449219 -0.0146484 0.168945 -0.351562 -0.273438 -0.402344 0.0678711 -0.447266 -0.269531 0.25 0.824219 -0.0117188 0.0976562 0.613281 0.394531 0.148438 0.246094 -0.210938 0.097168 -1.21875 0.457031 0.503906 -0.179688 -1.21094 -0.195312 -0.917969 0.679688 -0.219727 -0.318359 0.503906 0.212891 0.726562 -0.170898 0.429688 0.322266 0.0245361 -0.511719 -0.582031 1.48438 0.695312 0.398438 -0.306641 -0.640625 -1.0625 0.0898438 0.8125 1.28906 0.384766 -0.124512 -2.45312 -0.210938 -0.222656 -0.0302734 0 -0.542969 -0.644531 0.71875 -0.310547 0.296875 -0.5625 -0.0605469 0.151367 0.621094 0.5625 0.722656 -0.601562 -0.217773 -0.0595703 0.400391 0.253906 -0.133789 -0.375 0.291016 -0.194336 0.5 -1.53906 0.277344 0.941406 0.00756836 0.632812 0.496094 -0.369141 -0.482422 0.820312 0.863281 -1.13281 -0.206055 0.183594 -0.535156 -0.470703 0.722656 -0.777344 -1.49219 0.566406 0.318359 -0.490234 0.363281 -1.14062 0.480469 -0.40625 0.191406 0.0249023 -1.57812 -2.40625 0.671875 0.388672 1.0625 1.49219 -1.17188 -0.464844 1.17188 -0.341797 0.636719 -0.25 
0.703125 -0.00158691 0.933594 0.351562 -0.131836 0.898438 0.183594 -0.363281 -0.316406 -0.248047 -0.335938 1.03125 0.578125 0.285156 0.161133 -0.316406 -0.269531 -0.423828 -0.4375 -0.174805 -0.0480957 0.0301514 0.0144043 0.445312 0.726562 0.765625 0.667969 -0.00476074 0.431641 0.490234 -0.269531 -0.625 -0.925781 -0.363281 0.34375 0.34375 -0.125977 -0.539062 -0.328125 0.326172 0.855469 -0.636719 1.05469 -0.539062 -0.378906 0.582031 -0.5625 0.6875 -0.263672 0.53125 0.176758 0.132812 0.0556641 0.294922 0.394531 -0.328125 0.253906 -0.933594 -0.00476074 -1.07031 1.35938 0.279297 0.441406 -0.59375 0.248047 -0.179688 0.6875 -0.609375 -0.398438 1.32812 -0.34375 -0.451172 -0.15625 -1.39062 -0.160156 -0.511719 -1.44531 0.945312 -0.0152588 1.46875 0.24707 0.118164 0.371094 0.613281 -0.182617 -0.0913086 0.353516 -0.636719 -0.597656 -0.738281 -0.168945 -0.402344 -0.416016 0.435547 0.917969 -0.710938 0.237305 0.298828 0.494141 -0.0654297 0.129883 0.0605469 -0.570312 -0.400391 0.151367 -1.05469 -0.707031 -0.527344 0.00549316 -1.08594 0.074707 -0.742188 -1.14062 -0.431641 0.243164 -0.765625 -0.898438 -1.58594 0.347656 -0.851562 0.0247803 0.535156 -0.519531 0.15918 -0.172852 -0.683594 -0.664062 -1.48438 
-0.275391 0.53125 -0.992188 -0.026001 -0.253906 0.597656 -0.894531 0.134766 -0.554688 0.195312 -0.664062 0.217773 0.523438 0.337891 0.691406 0.722656 -0.632812 -0.824219 0.726562 0.0546875 -0.447266 0.710938 0.609375 -0.542969 0.558594 0.0849609 0.402344 -1.22656 0.157227 -0.851562 -0.0463867 -0.386719 0.0595703 -0.746094 0.302734 0.0654297 0.53125 -0.199219 -0.209961 -0.496094 -0.384766 -0.408203 0.128906 -0.792969 -0.671875 1.14062 -0.110352 -0.0522461 0.617188 1.32031 0.261719 0.726562 -0.283203 1.08594 0.078125 -0.388672 -0.0673828 -0.613281 -0.535156 0.847656 -0.0732422 -1.92969 0.570312 0.273438 0.617188 -0.191406 0.210938 -0.0703125 -0.125 0.192383 0.679688 -0.460938 0.124023 0.792969 -0.0371094 -0.00817871 -0.269531 0.695312 0.398438 0.6875 -0.523438 0.691406 -0.625 1.03906 -1.19531 -0.347656 -0.0288086 -0.189453 -0.255859 -0.667969 -0.472656 -0.0615234 0.306641 1.46094 0.0854492 -1.28125 -1.10938 -0.0163574 0.308594 -0.566406 -0.194336 0.0883789 0.0412598 0.275391 -0.457031 -1.47656 -0.229492 0.24707 -0.84375 0.0727539 0.4375 -1.40625 0.722656 0.201172 -0.0581055 -0.902344 0.478516 -1.65625 -0.816406 -0.0737305 0.824219 0.640625 -0.980469 1.64062 -0.0703125 -0.789062 0.110352 -0.204102 
0.46875 -0.474609 0.597656 -1.28125 -1.17188 -0.200195 -0.119141 -1.07812 -0.5 -0.699219 0.0478516 0.441406 1 0.566406 -0.00482178 1.13281 -0.40625 0.0439453 0.386719 0.671875 -0.828125 -0.236328 0.738281 -0.824219 0.636719 -0.164062 0.154297 -0.53125 0.425781 0.742188 0.0142212 -0.201172 -0.194336 -1.0625 0.5625 0.890625 0.380859 0.0986328 0.761719 -1.30469 0.0378418 -0.241211 0.429688 0.126953 0.179688 -0.490234 -0.648438 0.683594 -0.124023 -0.11084 0.253906 -0.527344 0.742188 0.0354004 0.00558472 0.382812 -0.259766 -0.269531 0.675781 0.193359 -0.703125 0.213867 -0.0600586 -0.198242 -0.992188 -0.761719 0.445312 0.245117 -0.03125 -0.435547 -0.472656 0.320312 -0.507812 -0.170898 -0.195312 0 0.0800781 -0.046875 -0.0252686 -0.232422 0.355469 0.369141 0.300781 0.000976562 -0.0126953 -0.248047 -0.00878906 1.32031 -1.00781 0.226562 0.137695 0.328125 0.835938 -1.17969 1.00781 0.482422 0.808594 1.0625 -0.214844 -0.384766 0.601562 0.371094 -0.636719 -0.84375 -0.269531 -1.83594 0.263672 0.172852 0.147461 -0.001297 0.316406 -0.691406 0.157227 0.472656 -0.0649414 1.53906 0.601562 -0.796875 -0.625 -0.703125 -1.08594 -1.22656 1.83594 -0.675781 0.306641 0.710938 0.21875 -0.730469 
-0.777344 -0.898438 0.601562 -0.382812 0.765625 -0.585938 0.324219 -0.5625 -0.220703 0.167969 0.384766 -0.176758 0.380859 0.106445 -0.527344 0.625 -0.609375 -0.511719 -0.703125 0.578125 -0.179688 0.578125 0.476562 0.789062 0.0961914 1.15625 0.306641 -0.523438 0.0351562 0.769531 -0.796875 1 0.194336 -0.621094 0.00494385 0.451172 0.0932617 -0.0888672 -0.494141 -0.248047 -0.137695 -0.65625 0.192383 -0.166016 0.178711 0.482422 0.539062 0.165039 -0.180664 0.427734 -0.855469 -1.08594 -0.000740051 -0.145508 0.8125 -0.683594 -0.515625 0.886719 1.17969 0.5 -0.972656 1.00781 -1.20312 -1.07812 -0.574219 -0.558594 0.359375 -0.138672 -0.12793 -0.267578 0.585938 -0.285156 0.148438 -0.773438 -0.453125 0.060791 -0.0693359 0.875 0.417969 0.386719 0.245117 0.636719 -0.511719 0.359375 -0.151367 -0.910156 0.53125 0.902344 -1.08594 0.106445 -0.259766 0.585938 -0.507812 -1.32031 0.933594 -0.0129395 0.859375 1.02344 0.212891 0.269531 0.859375 0.188477 -1.55469 1.19531 1.15625 -0.431641 -1.9375 -0.371094 0.0908203 0.945312 0.296875 -0.796875 -0.257812 -0.535156 -0.671875 -0.773438 -0.632812 -1.89062 0.875 0.0913086 1.24219 0.388672 0.523438 0.00732422 0.105957 0.238281 0.204102 -1.38281 
0.636719 -0.3125 -0.835938 1.63281 0.0500488 -0.0756836 0.265625 0.12207 0.839844 0.921875 -0.558594 -0.238281 0.554688 0.474609 -0.851562 0.679688 -0.898438 -0.761719 0.240234 0.683594 -1.21875 0.00830078 0.298828 -1.10938 -0.0874023 0.259766 0.225586 0.0568848 0.0698242 0.59375 -0.11084 0.239258 0.176758 -1.10156 0.238281 -0.245117 0.667969 0.151367 0.0351562 0.206055 -0.105469 0.570312 0.757812 -1.02344 -0.194336 0.628906 -0.699219 -0.335938 -0.277344 -1.60156 -0.816406 0.511719 0.796875 0.769531 -1.14844 -0.224609 1.53125 -0.316406 0.933594 0.378906 1.8125 0.71875 0.451172 -0.390625 0.566406 -0.765625 -0.0107422 0.480469 0.167969 -0.855469 0.820312 -0.753906 -0.0751953 -0.335938 0.347656 -0.332031 -0.496094 0.158203 -1.14062 0.382812 0.0351562 0.960938 0.255859 -0.0664062 0.714844 -0.527344 -0.259766 0.527344 -1.34375 -0.265625 -0.695312 0.241211 0.644531 0.800781 1.07812 -0.320312 0.664062 0.455078 0.115723 -1.03125 0.59375 -0.269531 -0.326172 0.466797 0.628906 -1.41406 -0.574219 0.910156 0.176758 -0.219727 -0.203125 -1.53906 -0.427734 -0.132812 0.925781 1.03906 -0.242188 -2.04688 1.13281 -0.0270996 -1.5 -0.367188 -1.4375 -0.875 0.412109 -0.455078 -0.492188 -0.5625 
-0.15625 -0.863281 0.00830078 0.193359 -0.302734 0.882812 -0.162109 -1.09375 -0.335938 -0.675781 0.617188 -0.232422 0.0229492 0.582031 0.609375 0.0800781 -0.402344 -0.996094 0.380859 0.839844 -1.00781 -0.244141 0.429688 0.134766 1.03125 -0.253906 -0.188477 0.523438 -0.0189209 0.0727539 -0.703125 0.261719 0.0144043 -0.0952148 0.300781 -1.14844 -0.800781 -0.542969 1.29688 0.211914 -0.304688 -1.40625 0.498047 -0.546875 0.490234 0.269531 0.0169678 0.133789 -0.144531 0.0133057 -0.0893555 -0.0834961 -0.0644531 0.671875 -0.730469 -0.257812 -0.511719 0.143555 0.102051 -0.867188 -0.808594 1.01562 -0.380859 0.761719 -0.78125 0.441406 0.204102 0.328125 0.408203 -0.146484 -0.671875 -0.496094 -0.828125 -0.828125 -0.730469 0.851562 -0.175781 0.0478516 0.225586 0.0732422 -0.144531 -0.201172 -0.855469 1.26562 -0.519531 0.210938 -0.585938 -0.375 -0.710938 -1.29688 -0.484375 -0.15918 0.84375 -0.0327148 1.02344 -0.707031 -0.251953 0.828125 -0.435547 0.498047 0.0898438 0.100586 -0.373047 0.212891 0.263672 -0.882812 -0.386719 -0.371094 0.0732422 0.65625 0.285156 -0.546875 -0.384766 0.128906 -0.441406 1.05469 -0.107422 -1.1875 -1.85938 -0.6875 -1.98438 0.0255127 0.660156 -0.111816 0.957031 0.453125 0.0288086 0.480469 
0.308594 0.515625 0.0410156 -0.261719 0.507812 1.23438 -0.359375 -0.75 0.120117 -1.23438 0.0322266 0.515625 -0.121094 -0.644531 0.416016 0.414062 -0.550781 -0.158203 1.14844 0.632812 -0.988281 0.0625 0.078125 0.458984 0.126953 -1.19531 -0.609375 0.169922 0.859375 -0.261719 -0.761719 -0.228516 0.609375 -0.136719 -0.177734 -0.648438 -0.574219 0.361328 -0.0585938 -0.347656 1.13281 0.139648 0.182617 -0.722656 -0.367188 0.699219 -0.578125 -0.126953 0.298828 -0.129883 0.839844 -0.898438 0.710938 0.574219 -0.929688 -0.804688 0.546875 0.328125 -0.59375 -0.753906 -1.46875 -0.120117 -0.765625 -0.570312 0.644531 0.443359 -0.332031 -0.953125 -0.0576172 0.71875 0.00195312 -0.0166016 0.249023 0.0742188 -0.28125 -0.8125 -0.636719 0.941406 -0.0683594 0.214844 0.314453 1.26562 0.0917969 -0.828125 -0.435547 -0.439453 -0.703125 0.789062 -1.08594 -0.601562 -0.503906 -0.170898 -0.124512 -0.041748 0.449219 0.118652 -0.765625 1.80469 -0.539062 -0.466797 0.542969 -0.474609 0.322266 0.00131226 -1.10156 -0.832031 0.380859 0.0334473 -1.10938 0.197266 -0.376953 -0.867188 0.480469 0.404297 -0.496094 -0.318359 0.570312 -1 0.147461 0.523438 1.21094 0.161133 0.984375 -0.703125 -0.917969 -1.09375 -0.429688 -0.15332 
-0.703125 1.00781 1.125 0.496094 -0.789062 1.28125 -0.636719 0.419922 0.65625 0.765625 3.17188 0.0371094 -2.15625 -0.453125 0.200195 0.722656 -0.507812 2.23438 -1.57812 0.394531 2.32812 -0.78125 0.427734 -2.15625 0.605469 -0.542969 1.98438 -0.402344 -4.28125 -0.742188 -0.765625 -0.425781 0.550781 1.875 -0.375 3.375 4.125 -3.10938 0.605469 -0.0308838 -5.1875 -0.172852 -0.898438 1.25 2.54688 0.439453 -0.197266 1.5 0.648438 -0.203125 -1.24219 3.60938 -2.17188 0.11084 0.835938 1.26562 1.27344 -0.0163574 4.8125 2.34375 2.73438 -2.10938 0.753906 1.88281 -0.249023 -0.322266 -2.10938 0.578125 -0.259766 -2.78125 3.09375 -0.0537109 0.498047 1.375 -1.40625 2.65625 -3.75 -3.6875 0.0688477 0.103516 -2.5625 -2.32812 0.9375 0.875 0.476562 2.76562 3.15625 -6.6875 0.640625 3.6875 3.67188 2.07812 -3.04688 -2.17188 -1.09375 1.86719 -2.57812 -7.875 0.652344 -0.964844 2.39062 -0.423828 -0.239258 -0.257812 0.742188 -0.789062 -0.137695 -1.52344 -0.757812 -2.4375 -0.46875 1.38281 -0.0859375 4.625 1.5 -1.95312 2.875 -1.38281 1.07031 -2.23438 1.96875 -2.76562 1.11719 0.691406 -2.60938 0.349609 3.67188 -2.17188 
-0.0917969 0.320312 -0.890625 0.113281 0.427734 -0.423828 -0.28125 0.265625 0.180664 -0.451172 0.232422 0.730469 0.194336 -0.46875 0.335938 -0.347656 -0.957031 -0.300781 -0.00439453 -0.394531 -0.111816 0.398438 -0.052002 -1.03906 0.0397949 0.155273 -0.00793457 -0.160156 -0.148438 -0.210938 -0.0698242 0.328125 -0.515625 -0.376953 0.394531 -0.291016 0.925781 -0.484375 -0.371094 -0.416016 0.65625 -0.045166 -0.0219727 0.00087738 -0.174805 0.339844 -0.800781 0.523438 -1.32812 0.570312 0.408203 -0.490234 0.182617 0.734375 0.0510254 1.21094 0.314453 -0.570312 -0.695312 -1.42188 0.425781 -0.0454102 0.382812 0.130859 0.78125 0.132812 0.515625 -1.07812 -0.910156 0.0532227 -0.237305 0.0251465 0.0539551 -0.236328 -0.6875 0.0888672 0.0361328 1.04688 0.412109 0.777344 0.105469 -0.0727539 -0.0605469 0.6875 -0.386719 0.172852 0.488281 -0.122559 0.164062 0.363281 -0.390625 0.632812 0.0622559 0.390625 0.550781 0.0288086 -0.265625 0.949219 -0.149414 0.339844 0.0849609 -0.00772095 -0.777344 0.341797 -0.392578 -0.165039 -1.23438 0.953125 0.433594 -0.271484 -0.523438 -1.28125 0.152344 -0.976562 0.302734 -0.351562 -0.240234 -1.17969 0.523438 -0.554688 0.205078 -0.0639648 -1.70312 0.414062 -0.894531 -0.800781 -0.746094 0.292969 
1.41406 0.185547 -0.566406 -0.0610352 -0.726562 -0.660156 -0.5625 -1.16406 -0.0854492 -0.570312 0.421875 0.0771484 -0.765625 -0.0678711 -0.0351562 -0.0625 -1.08594 -1.50781 0.193359 0.154297 -0.308594 0.0620117 0.0410156 -0.451172 0.207031 -0.5625 0.251953 -0.157227 -0.0698242 1 -0.333984 -0.219727 -0.12207 -0.628906 0.738281 0.181641 -0.416016 0.0183105 -0.84375 -0.174805 0.112793 -0.859375 0.400391 0.351562 -0.0137939 0.554688 -0.75 0.582031 0.427734 0.308594 -0.804688 -0.953125 0.519531 0.691406 0.222656 -0.457031 -0.578125 -0.0825195 -0.609375 0.441406 -1.14062 -0.96875 -0.209961 2.125 0.648438 0.458984 1.25 -0.174805 -0.476562 -1.51562 -0.480469 -0.46875 0.769531 0.734375 -0.322266 -1.54688 -0.078125 0.0158691 -0.585938 1.29688 0.130859 -0.470703 -0.277344 1.125 -1.13281 0.0908203 0.302734 0.150391 -0.773438 -1.32031 -0.241211 0.0152588 0.205078 0.287109 0.800781 -0.283203 0.314453 0.176758 -0.414062 0.0563965 0.302734 -0.417969 -0.558594 0.566406 0.160156 -0.234375 0.253906 0.460938 0.160156 0.118164 0.0771484 -1 -0.18457 0.632812 0.490234 1.10156 0.124023 -1.51562 0.0140991 -1.22656 0.269531 1.07812 0.550781 2.59375 -0.523438 -1.1875 2.45312 -0.589844 
-0.546875 0.0908203 -0.355469 0.332031 -0.109375 0.332031 -0.375 0.400391 0.259766 0.0324707 -0.0732422 -0.976562 0.0493164 -0.347656 -0.898438 0.71875 -0.894531 0.207031 0.0439453 0.605469 -0.648438 0.292969 -0.34375 -0.273438 -0.168945 0.207031 0.00927734 -0.367188 0.664062 0.683594 -0.796875 0.271484 0.106445 0.179688 0.265625 -0.722656 -0.761719 0.03125 0.378906 -0.273438 0.75 -0.138672 0.925781 0.101074 -0.0649414 0.226562 -0.161133 -0.515625 -0.65625 0.519531 1.15625 0.199219 0.703125 0.882812 0.0437012 0.601562 0.59375 0.816406 1.15625 0.219727 -0.110352 -0.292969 1.49219 -1.53906 -0.162109 -0.199219 0.0161133 0.158203 0.503906 -0.605469 -0.0693359 0.195312 -0.347656 -0.229492 -0.178711 0.445312 -0.174805 0.914062 -0.9375 0.492188 0.410156 -0.351562 -0.464844 -0.00585938 0.253906 -0.554688 0.0339355 0.636719 -0.507812 0.578125 0.206055 -0.0458984 0.570312 0.777344 0.613281 0.169922 0.515625 -0.244141 -0.185547 0.570312 0.114258 -0.169922 -0.839844 -0.1875 -0.125977 -0.957031 0.353516 0.0693359 -0.0410156 0.371094 0.324219 -1.17188 0.226562 -0.535156 -0.09375 0.53125 0.605469 -1.41406 -0.130859 1.17188 -0.203125 0.219727 2.09375 -1 0.335938 0.773438 1.92188 2.4375 
0.292969 -0.0498047 0.585938 -1 -0.59375 -0.613281 0.300781 -0.4375 -0.449219 -0.00146484 0.310547 -0.792969 -0.3125 -0.203125 -0.277344 1.04688 -0.0917969 0.216797 0.304688 -0.46875 -0.628906 0.0791016 0.765625 -0.839844 0.143555 -0.390625 -0.129883 -0.675781 -0.107422 0.287109 0.0252686 0.486328 -0.291016 0.443359 0.890625 0.369141 -0.174805 0.427734 -0.478516 -0.0296631 0.241211 0.789062 0.425781 -0.464844 -0.808594 0.365234 0.253906 0.679688 0.0668945 -0.228516 0.00665283 0.597656 -1.01562 0.636719 0.128906 0.00909424 1.02344 -1.47656 -0.617188 -0.585938 0.839844 0.921875 0.625 0.318359 -0.122559 -0.147461 0.255859 -0.169922 -0.0898438 0.703125 0.210938 -0.476562 0.371094 0.347656 -0.173828 -0.128906 0.5 0.664062 -0.287109 -0.324219 0.710938 -0.476562 -0.111816 0.253906 -0.0976562 -0.384766 0.107422 0.212891 -0.363281 -0.302734 -0.152344 -0.328125 0.333984 -0.155273 1.08594 -0.451172 0.0388184 0.238281 -0.00558472 0.341797 0.816406 -0.503906 -0.730469 0.478516 -0.0561523 -1.69531 -0.53125 0.675781 -0.636719 1.16406 0.75 -1.39844 0.0791016 -0.53125 0.105469 0.570312 -1.13281 -0.894531 -0.648438 0.398438 -0.625 -0.667969 -0.789062 0.671875 0.216797 1.22656 -1.79688 -0.503906 
-1.50781 -0.191406 -0.679688 -0.0307617 -0.214844 0.178711 -0.161133 -0.75 -0.298828 0.417969 -0.210938 -1.14062 0.792969 1.04688 0.0874023 -0.3125 0.359375 0.398438 0.0332031 0.539062 -0.251953 -0.402344 0.707031 0.683594 0.11377 0.259766 -0.339844 -0.291016 0.15918 0.427734 -0.507812 -0.5625 0.679688 0.00860596 -0.123535 0.117188 0.292969 -0.116211 0.0712891 -0.675781 -0.640625 0.269531 0.984375 0.539062 0.71875 0.0927734 -0.443359 0.371094 -0.202148 -1.23438 0.204102 0.283203 -0.198242 0.847656 -0.535156 -0.832031 -0.746094 -0.253906 0.355469 1.20312 0.151367 -0.988281 0.570312 -1.79688 0.257812 -0.000732422 -0.337891 -0.0473633 0.875 0.691406 -0.122559 0.753906 -0.652344 -0.640625 0.142578 0.464844 1.125 -1.03125 -0.120117 0.251953 -0.00878906 -0.285156 -1.07812 0.0224609 0.298828 0.527344 -0.0869141 0.283203 -0.472656 0.332031 0.570312 0.746094 0.114746 0.412109 0.0600586 1.25 -0.255859 0.511719 -0.0908203 0.404297 0.332031 -0.157227 -0.164062 -0.449219 -0.414062 -0.964844 -0.263672 -0.757812 0.316406 -0.145508 0.210938 -1.5625 0.582031 -0.671875 -1.60156 -0.289062 -0.972656 -1.01562 1.1875 0.960938 0.199219 -1.19531 0.46875 -1.39062 0.332031 -0.188477 -1.64062 -0.0976562 
0.589844 0.65625 -1.13281 0.227539 -0.0800781 0.00634766 0.015625 0.242188 0.402344 0.660156 -0.302734 0.519531 0.585938 -0.310547 0.0722656 0.25 0.355469 -0.550781 0.566406 0.539062 -0.710938 -0.0300293 1.10156 -1.17188 1.38281 -0.412109 -0.84375 0.753906 -0.0289307 -0.558594 -0.219727 0.824219 -0.15332 -0.0373535 0.960938 0.0571289 0.0371094 0.12793 0.172852 0.421875 0.108398 -0.201172 -0.515625 -0.742188 -0.333984 0.300781 -0.988281 0.100586 -1.0625 -1.59375 0.0463867 -0.183594 1.92969 0.859375 -0.578125 1.16406 -0.53125 -0.0177002 -0.103027 0.439453 1.04688 -0.558594 -1.53906 -1.5 -0.644531 -0.320312 -0.279297 -0.0146484 -1.07812 0.511719 0.78125 -0.206055 -0.578125 0.789062 -0.0126953 -0.204102 0.0722656 -0.0683594 0.378906 1.03125 0.148438 0.078125 0.498047 -1.04688 0.503906 0.0168457 -0.160156 0.419922 -0.707031 0.057373 -0.652344 0.824219 0.71875 0.314453 1.19531 0.261719 -0.257812 0.933594 0.388672 0.871094 0.136719 0.115234 0.0285645 -0.0917969 0.726562 -0.84375 -0.601562 0.451172 -0.980469 -0.746094 0.263672 -0.902344 0.0810547 0.449219 1.17188 1.39844 -0.996094 -2.09375 0.914062 -0.292969 -1.1875 0.710938 -0.59375 0.384766 -0.125 0.832031 -0.578125 -1.08594 
0.609375 0.116699 -0.0219727 0.238281 -0.433594 0.652344 -0.0380859 0.449219 -0.0625 -0.859375 -0.410156 0.0603027 -0.898438 -0.318359 0.123047 0.113281 0.578125 0.21582 0.273438 -0.130859 -0.78125 0.0849609 0.625 0.326172 1.32031 -0.271484 -0.233398 0.476562 0.494141 0.243164 0.439453 -0.800781 0.373047 -0.367188 -0.492188 0.800781 0.441406 -0.648438 0.386719 0.691406 -0.0600586 -0.00939941 -0.492188 -0.515625 0.554688 0.710938 0.0262451 -0.0507812 -0.945312 0.0556641 -0.287109 0.417969 -0.96875 -0.353516 0.398438 -0.253906 0.175781 0.328125 -0.480469 0.251953 0.241211 -0.839844 1.45312 0.435547 0.28125 -0.11084 0.188477 0.490234 -0.0332031 -0.261719 -0.423828 0.320312 -0.302734 -0.363281 0.242188 -0.835938 0.314453 0.945312 0.00878906 -0.0286865 0.0644531 -0.237305 0.609375 -0.351562 0.289062 0.269531 -0.18457 -0.0012207 0.240234 0.789062 -1.15625 0.124512 -0.289062 -0.195312 -1.05469 0.169922 -0.210938 -0.984375 0.816406 0.140625 0.196289 0.542969 0.0800781 0.168945 -0.324219 -0.318359 -0.386719 0.726562 0.257812 0.738281 0.283203 0.34375 0.238281 -0.435547 0.227539 0.118652 -0.121582 0.496094 0.632812 -0.211914 -0.219727 -0.195312 -0.255859 0.00308228 -0.988281 0.11377 0.0668945 -0.535156 
0.496094 -0.349609 0.824219 0.232422 -0.679688 0.734375 0.357422 0.910156 0.890625 1.28906 -0.0996094 -0.675781 -1.3125 1.07812 -0.589844 -1.57812 0.242188 -0.302734 0.792969 0.84375 -0.574219 -0.195312 -1.27344 -0.871094 -0.148438 -0.273438 0.228516 -0.664062 1.21875 -0.192383 0.953125 0.0732422 -0.0893555 -0.789062 0.527344 -0.800781 0.160156 -0.318359 0.0071106 -0.306641 0.00744629 0.65625 0.0229492 -1.0625 0.0195312 -0.707031 1.49219 -0.703125 0.863281 0.828125 -0.777344 -0.100586 -0.96875 -0.4375 -0.632812 0.0324707 1.03906 0.632812 -1.42188 0.0275879 0.902344 0.261719 0.0585938 0.200195 0.792969 0.0805664 0.625 -1.47656 -0.3125 -0.396484 -0.0527344 -0.882812 -0.400391 -1.27344 1.03125 0.566406 0.078125 0.664062 0.277344 -0.453125 0.142578 -0.186523 0.5 -0.507812 -0.447266 -0.179688 1.08594 0.605469 0.460938 -0.761719 -1.5625 0.378906 0.455078 -1.25 0.753906 -0.119141 0.503906 -1.125 0.326172 0.386719 0.478516 -0.251953 -0.109863 0.425781 0.451172 0.490234 0.490234 -0.0649414 0.878906 0.0859375 0.632812 -0.640625 -0.226562 -0.796875 0.160156 -0.192383 -0.34375 -0.535156 0.168945 -0.730469 -0.330078 -0.855469 0.369141 0.699219 1.10938 0.269531 0.369141 0.425781 
0.225586 0.914062 -0.277344 -0.232422 0.625 -0.11084 0.59375 -0.259766 -0.535156 0.519531 0.105469 0.261719 0.625 -0.197266 -0.134766 0.12207 -0.835938 0.578125 -0.109375 0.0473633 0.109863 -0.224609 -0.933594 -0.341797 0.476562 0.382812 -0.992188 -0.765625 1.13281 0.160156 0.380859 -0.359375 0.0341797 -0.484375 -0.0216064 -0.0727539 -1.25781 0.404297 0.625 -0.0498047 -0.365234 0.0615234 -0.449219 -0.0101318 0.466797 0.139648 0.894531 -0.65625 0.244141 0.648438 0.0981445 0.110352 1.1875 -0.816406 0.832031 -0.671875 0.539062 0.695312 -0.369141 -1.42188 -0.203125 0.132812 -0.0275879 0.324219 0.460938 0.0732422 0.0527344 0.414062 -0.671875 -0.0917969 -0.453125 0.0849609 0.271484 -0.228516 -1.10938 0.265625 -0.503906 -0.472656 0.0136108 0.0800781 0.224609 -0.209961 0.3125 -0.535156 0.382812 -0.0133057 -0.515625 0.0273438 -0.269531 0.472656 -0.0922852 0.535156 0.316406 0.703125 -0.96875 -0.730469 -0.675781 -0.570312 0.535156 0.0791016 0.306641 0.855469 0.339844 -0.15332 -0.878906 -0.199219 -0.839844 1.02344 0.400391 -0.808594 0.170898 0.271484 -0.875 -2.01562 -0.761719 -0.390625 0.445312 0.546875 -0.414062 -0.128906 0.863281 -0.012085 0.859375 -0.582031 -0.617188 0.472656 0.703125 0.886719 
-0.960938 -0.0407715 -0.193359 -0.917969 -0.207031 0.289062 -0.102539 -0.300781 -0.945312 -0.535156 -0.466797 -0.231445 1.22656 0.000488281 1.21875 0.667969 -0.65625 0.417969 0.171875 -0.664062 -0.0395508 0.145508 0.777344 0.112305 0.945312 0.408203 0.367188 -0.0844727 -0.261719 -0.195312 -0.135742 -0.414062 0.125 -0.198242 0.660156 -0.149414 -0.675781 0.139648 0.458984 0.150391 -0.00921631 -0.6875 -0.0255127 -0.482422 0.605469 -0.306641 0.400391 -0.318359 -1.20312 0.261719 -1.03125 0.259766 -2.15625 -1.38281 -0.316406 -1.25781 0.558594 1.375 -3.625 -0.206055 0.335938 -0.117676 0.164062 -0.201172 0.523438 0.065918 -0.224609 0.212891 -0.464844 -0.0100098 0.519531 -0.328125 0.835938 -0.3125 -0.539062 0.474609 1.52344 -0.326172 -0.142578 0.237305 -0.0664062 0.204102 -0.189453 0.431641 -0.0441895 0.0703125 -0.429688 -0.679688 -0.941406 0.0869141 -0.118164 -0.257812 -0.433594 0.117188 -0.40625 -1.11719 1.39844 0.341797 -0.0429688 -0.679688 -0.112305 1.10938 -1.23438 -0.294922 -0.157227 0.25 -0.945312 -0.139648 0.103516 -0.976562 0.0223389 -0.902344 -0.330078 -0.804688 0.71875 -0.519531 -2.17188 1.67188 1.125 -2.01562 1.29688 1.26562 -1.5 0.589844 -0.345703 -0.476562 2.875 -0.132812 
-0.546875 0.279297 -0.462891 -0.675781 0.298828 0.0952148 0.527344 -0.12793 0.458984 0.337891 -0.828125 -0.228516 -0.953125 0.625 -0.186523 -1.59375 0.53125 0.337891 0.601562 0.636719 -0.84375 -0.769531 -0.441406 1.60938 -0.0283203 0.302734 0.458984 0.285156 0.0751953 0.0131836 0.0859375 -0.585938 0.484375 -0.00135803 -0.115234 0.111328 0.621094 0.710938 -0.3125 -0.0786133 0.0549316 -0.578125 -0.106445 -0.933594 0.108887 -0.742188 0.363281 0.332031 -0.449219 0.189453 1.66406 -0.394531 0.523438 -0.804688 1.28125 -0.162109 -0.59375 1.04688 -0.478516 -1.82031 -0.761719 0.253906 0.527344 0.558594 0.582031 0.0351562 1.20312 0.216797 1.125 0.960938 -0.359375 0.380859 0.539062 -1.45312 0.046875 -0.229492 0.0078125 0.523438 -0.0202637 0.203125 -0.0605469 0.480469 -0.871094 0.453125 -0.292969 -0.402344 1.08594 0.820312 -0.135742 1.09375 0.296875 -0.957031 -1.13281 -1.58594 0.0805664 1.24219 0.4375 -0.277344 0.144531 0.291016 0.245117 1.03906 0.0957031 0.0296631 0.578125 -0.523438 -1.15625 0.0844727 -0.414062 -0.0766602 0.125 -0.773438 0.022583 -1.89062 -1.02344 0.100098 -0.384766 0.464844 0.738281 -1.30469 0.601562 -0.0991211 0.839844 -0.691406 -0.283203 0.124023 0.00546265 0.507812 
-0.152344 0.710938 -0.181641 0.453125 -0.0332031 0.18457 -0.457031 -0.59375 0.449219 -0.40625 0.558594 0.992188 -0.597656 0.123047 -0.11377 0.578125 -0.322266 -0.265625 -0.234375 -0.050293 0.988281 -1.14062 0.996094 -0.261719 0.265625 0.800781 0.726562 -0.617188 -0.104492 0.00488281 0.992188 -0.0341797 0.515625 -0.482422 0.310547 -0.839844 0.875 0.291016 0.294922 -0.519531 -0.632812 0.125 0.492188 -0.263672 0.988281 -0.326172 0.0517578 0.0869141 -0.117676 0.289062 1.28906 -0.222656 -0.828125 -0.341797 1.23438 0.71875 0.427734 -0.601562 1.55469 -0.0255127 0.375 -1.35938 -0.263672 -0.384766 1.57812 -0.373047 -0.9375 0.9375 0.351562 0.285156 -0.115234 0.816406 0.84375 0.427734 -0.683594 0.273438 1.04688 -0.675781 0.150391 -0.804688 -0.804688 -0.0244141 0.839844 0.175781 0.621094 -0.138672 -0.882812 -0.251953 0.108398 0.209961 0.0133057 -0.251953 0.279297 -0.394531 -0.0410156 -0.492188 -0.421875 -1.11719 0.201172 0.632812 0.341797 0.122559 1.07031 -1.07031 -0.4375 0.640625 0.742188 -0.0810547 0.0703125 -0.941406 -0.867188 -0.386719 -0.0358887 -1.0625 0.734375 -0.539062 1.46094 0.335938 -0.00427246 0.462891 -1.21875 -1.25781 0.291016 0.371094 1.30469 0.373047 -0.515625 0.707031 
-0.0131836 0.6875 -0.101562 -1.54688 0.640625 -0.726562 -1.03906 0.875 0.550781 -0.707031 -1.27344 -0.851562 -0.847656 0.722656 -1.13281 -0.59375 -1.07031 -1.70312 1.46094 -1.46094 -0.257812 1.64844 -0.0107422 0.621094 0.19043 -1.85938 0.435547 1.33594 0.871094 -2.35938 -0.507812 0.316406 0.472656 -0.220703 -0.112793 0.554688 -0.0148926 -0.671875 0.0639648 2.3125 0.628906 1.32031 0.384766 0.108887 -1.01562 0.229492 -0.433594 0.15332 1.27344 -1.83594 -1.47656 0.022583 -1.55469 3.95312 1.02344 1.66406 -2.15625 0.398438 0.722656 0.527344 -2.98438 -0.148438 -2.53125 2.09375 -0.251953 0.236328 0.196289 -0.445312 0.507812 -0.632812 -0.205078 0.59375 -0.263672 -1.14844 1.51562 2.92188 1.14062 0.0551758 1.83594 0.585938 1.11719 -1.6875 -0.609375 -0.103516 1.30469 0.208008 1.09375 1.05469 2.01562 -0.416016 1.57812 2.39062 1.71094 -0.410156 1.17188 0.515625 -0.226562 -2.29688 -1.41406 1.42188 0.46875 -1.34375 0.310547 0.337891 0.00634766 -2.26562 -0.322266 -0.738281 -0.828125 -0.294922 -0.0859375 -0.0927734 -0.0292969 -2.0625 -1.71094 -0.722656 -0.0625 -0.476562 -0.535156 2.0625 0.867188 0.644531 -0.369141 0.875 -0.871094 1.35156 -1.34375 0.0791016 
-0.289062 -0.263672 -0.318359 -0.703125 -0.462891 -0.648438 0.0175781 0.208984 0.558594 -0.390625 0.0625 -0.933594 -0.291016 -0.046875 0.0678711 -1.30469 -0.738281 -0.96875 0.0117188 -0.145508 -0.133789 0.621094 -0.257812 -0.140625 -0.314453 0.742188 -0.921875 0.382812 0.859375 -0.933594 0.326172 -0.101074 0.470703 -0.00720215 0.503906 -0.613281 0.773438 0.209961 -0.318359 -1.02344 -0.984375 -0.214844 0.273438 -0.114258 -0.648438 0.427734 0.28125 -0.361328 0.074707 0.100098 0.847656 -0.0253906 -0.217773 -0.449219 0.925781 -0.804688 -0.259766 1.30469 0.365234 -1.75 -0.816406 -0.597656 -0.341797 1.30469 0.257812 -0.165039 0.166016 -0.100586 -1.07031 -0.152344 -0.355469 0.644531 -0.392578 0.363281 0.734375 -0.180664 -0.875 -0.478516 0.141602 -0.257812 -0.527344 0.0488281 0.232422 -0.519531 -0.390625 -1.07812 0.482422 0.460938 0.40625 -0.765625 0.143555 -1.21875 0.279297 -1.27344 -0.128906 0.375 0.225586 -0.0170898 0.613281 0.351562 0.0927734 -0.195312 -0.59375 0.0424805 -0.796875 -0.324219 0.363281 -0.0072937 0.507812 -0.757812 1.54688 -0.108398 0.765625 -2.125 -0.800781 -0.832031 0.133789 -0.535156 -0.792969 0.314453 -0.492188 0.667969 -0.0390625 -0.0805664 -0.519531 -0.972656 0.0424805 0.0505371 
-0.621094 0.369141 -1.03125 0.408203 0.105469 -0.0717773 1.32812 0.675781 -0.19043 1.10938 1.65625 0.597656 -0.265625 -1.33594 -2.375 -0.0102539 0.746094 -0.203125 -1.05469 -2.15625 0.182617 0.605469 -1.45312 0.425781 2 -0.59375 0.523438 -0.242188 1.75 0.423828 1.32031 0.742188 0.298828 -1.74219 -0.287109 0.457031 0.0220947 -0.960938 -0.298828 -3.29688 -0.648438 1.27344 0.150391 -0.28125 0.0020752 -0.0732422 -1.14844 0.0256348 1.40625 0.0446777 -0.259766 -1.75781 -0.875 1.4375 1.79688 -1.85938 3.375 1.76562 2.54688 1 -1.92188 1.375 1.625 -0.259766 -0.429688 -0.785156 -0.101562 0.773438 -0.976562 0.0383301 0.785156 0.746094 -0.105957 -0.306641 -0.738281 -0.515625 0.117676 -1.14062 -1.11719 -0.304688 -0.878906 0.550781 0.498047 -3.04688 -0.96875 -0.589844 -0.166992 0.195312 -0.304688 -0.542969 -0.337891 0.474609 -0.910156 -0.148438 0.300781 0.859375 0.00518799 0.636719 1.39062 0.785156 1.41406 -0.0256348 1.10938 1.36719 -0.800781 0.484375 0.176758 2.01562 -0.0322266 -2.59375 0.542969 -0.0306396 1.875 1.5625 -0.941406 -0.345703 1.77344 -1.13281 1.96094 -1.59375 0.419922 -1.39062 1.89844 -0.957031 1.05469 -0.320312 0.12793 -1.4375 
0.464844 0.195312 -0.0480957 0.0610352 0.239258 0.271484 -0.396484 0.601562 -0.4375 0.835938 -0.707031 0.683594 -0.648438 0.90625 0.871094 0.332031 0.742188 0.394531 -0.416016 0.0175781 -0.925781 0.734375 -0.25 0.482422 -0.660156 -1.33594 0.486328 -0.304688 1.02344 -0.0463867 0.847656 -0.298828 -0.296875 -0.28125 0.0517578 0.964844 -0.640625 -0.337891 -0.644531 -0.300781 -0.25 -0.0878906 0.230469 -0.503906 -0.255859 0.617188 -0.410156 -0.621094 -1.29688 0.847656 0.796875 -0.195312 2.75 -0.976562 0.124512 0.425781 0.914062 -0.269531 0.691406 0.707031 1.83594 -0.589844 0.143555 -1.10938 -0.251953 0.134766 0.300781 0.107422 0.632812 0.164062 -0.112305 0.310547 0.462891 -0.976562 1.26562 -0.141602 -0.439453 0.929688 -0.421875 0.746094 1.32031 0.416016 0.382812 0.550781 -0.248047 1.01562 -0.714844 0.158203 -0.742188 1.625 -0.5 0.178711 -1.51562 -0.174805 0.304688 -0.232422 0.208008 -0.240234 0.178711 -0.457031 0.722656 -0.259766 0.458984 -0.308594 0.0942383 0.671875 -1.03125 0.182617 0.200195 -0.171875 0.337891 0.914062 -0.115723 -1.20312 1.52344 -1.17969 2.5625 -1.17188 -1.32812 0.589844 -0.337891 -1.625 0.105957 0.625 0.144531 0.320312 -1.21875 1.13281 
-0.925781 0.625 -1.01562 -0.585938 -0.0495605 -0.289062 -0.382812 1.03906 -0.238281 0.149414 -0.792969 -0.773438 0.289062 -0.25 -0.539062 -0.226562 0.695312 0.158203 0.177734 1.44531 -0.177734 -0.722656 -1.6875 -0.515625 -0.25 0.143555 -1.10938 -0.388672 -0.0065918 0.542969 0.863281 -0.101074 -0.0878906 -0.269531 -0.714844 0.455078 0.804688 0.539062 -0.019043 -0.0893555 1.46875 -0.263672 -0.189453 0.392578 -1.00781 -0.355469 0.609375 0.378906 -0.417969 -0.789062 0.503906 0.263672 -2.28125 0.347656 0.478516 1.65625 0.0478516 -1.19531 -0.052002 1.03125 1.44531 1.86719 -1.40625 -0.789062 -0.613281 0.601562 1.32031 -0.304688 -0.200195 -0.369141 -0.433594 0.113281 1.10156 -0.328125 0.0957031 -0.542969 0.355469 -0.664062 1.30469 -0.320312 1.29688 0.335938 0.296875 0.0585938 -0.890625 -0.832031 -0.75 -0.554688 -0.398438 0.542969 -0.0610352 -0.25 -0.375 0.19043 -0.859375 -0.738281 0.333984 -0.0568848 0.554688 -0.181641 0.431641 -0.239258 0.0253906 1.39844 -0.121582 0.326172 0.0761719 -0.447266 -1.10156 0.277344 0.167969 0.371094 0.308594 -1.32812 -0.235352 0.789062 -2.17188 -0.337891 0.259766 1.57031 0.158203 -0.5 0.515625 -1.15625 2.25 -0.644531 1.61719 1.80469 
-0.126953 0.675781 -1.10938 0.209961 0.462891 -0.894531 0.546875 0.273438 0.161133 -1.67188 0.357422 -0.306641 0.589844 -1.17188 0.209961 0.714844 -0.0532227 -0.378906 -0.367188 0.302734 0.0395508 -0.0424805 -0.0253906 1.23438 1.29688 -0.423828 0.839844 -0.730469 -0.414062 -0.679688 0.3125 -0.417969 0.253906 -0.283203 0.59375 1.16406 0.777344 0.453125 0.433594 0.0480957 -0.683594 -0.0693359 -0.445312 0.515625 -0.40625 -0.824219 -0.574219 0.0644531 0.00183868 0.257812 1.34375 0.347656 1.5625 -0.0966797 -0.0378418 -0.777344 0.166016 0.632812 1.96094 -0.804688 0.691406 -2.375 0.65625 -0.636719 -0.503906 0.0800781 0.00390625 0.233398 -0.164062 -0.695312 -0.269531 0.664062 -0.496094 0.337891 0.722656 -0.105469 -0.166016 0.179688 -0.1875 -0.96875 -0.0654297 1.05469 0.332031 0.130859 0.148438 -0.423828 -1.1875 -0.0742188 1.74219 0.238281 0.746094 0.135742 0.664062 0.124023 -0.316406 0.219727 -0.953125 -0.392578 1.02344 0.107422 0.0612793 0.589844 0.285156 0.341797 1.14062 -0.820312 -0.816406 0.326172 0.353516 0.300781 -0.283203 -0.226562 -0.178711 -1.15625 -0.832031 -1.54688 0.871094 -0.441406 0.302734 -0.0219727 -1.28125 0.171875 0.996094 1.82812 -0.9375 -0.494141 -0.65625 1.46094 
0.0830078 -0.375 -0.425781 0.0234375 0.902344 0.09375 1.07812 0.976562 -0.128906 1.375 -0.115234 -0.707031 0.378906 0.279297 -0.443359 0.484375 0.118164 -0.0429688 -0.172852 0.0300293 -0.675781 -0.621094 -0.714844 1.39062 0.585938 -1.04688 -0.296875 0.090332 1.71094 0.11084 0.582031 -0.178711 0.0883789 -0.875 -0.263672 -0.0358887 1.21094 0.0317383 0.609375 -0.166992 0.117188 0.0771484 -0.527344 -0.0371094 -0.648438 -0.882812 0.349609 -0.519531 0.453125 0.640625 -0.408203 -0.90625 -0.992188 -0.0183105 -0.239258 1.32031 0.310547 0.466797 0.498047 2.5 -0.291016 -0.357422 0.195312 -0.229492 -0.116699 0.8125 -1.53125 -0.953125 -0.382812 -0.582031 1.07812 0.271484 -0.722656 0.0332031 -0.148438 -0.458984 -0.601562 1.3125 -0.236328 0.486328 -0.429688 -0.0839844 -0.664062 -0.0284424 0.511719 -0.375 0.765625 1.5 -0.188477 -0.667969 -0.339844 -0.0476074 -0.621094 -1.25781 0.0512695 0.5625 -0.957031 -1.03125 0.542969 1.05469 0.792969 0.84375 0.0917969 -0.214844 -0.652344 -0.628906 -0.00698853 -0.523438 1.00781 0.294922 -0.691406 0.00415039 0.285156 -2.34375 -0.353516 0.222656 -0.211914 -0.324219 -0.482422 0.746094 -1.57812 0.589844 1.11719 1.99219 0.5 -0.285156 0.0595703 0.84375 
-0.304688 -0.148438 -0.150391 -0.96875 -0.992188 -0.742188 -1.23438 -1.14062 0.714844 -1.20312 -0.765625 0.828125 -0.203125 -0.554688 -0.458984 -0.898438 0.757812 -0.96875 0.480469 0.679688 0.488281 -0.0541992 0.722656 0.609375 -1.00781 -0.4375 0.0432129 0.378906 0.0678711 -0.785156 -0.00317383 -0.609375 1.14062 -0.0668945 -0.000488281 0.582031 -0.570312 0.271484 -0.3125 0.171875 1.02344 -0.496094 1.03906 0.482422 -1.375 0.209961 -0.22168 -0.4375 -0.894531 1.35938 1.01562 -1.23438 -1.21875 -0.746094 -0.871094 -0.789062 1.11719 0.433594 -1.33594 0.328125 -1.46875 0.636719 1.03125 0.180664 -0.174805 0.699219 -0.0371094 -0.316406 0.0351562 -0.0566406 -0.421875 -0.40625 0.6875 -0.816406 0.160156 0.200195 -0.310547 -1.40625 -0.0498047 0.0175781 -0.0820312 0.699219 -0.291016 0.238281 0.457031 0.291016 0.589844 0.0239258 0.777344 -0.699219 -0.824219 -0.8125 0.170898 -0.761719 -0.710938 -0.404297 0.427734 1.01562 0.902344 0.691406 0.601562 0.269531 0.269531 0.310547 0.289062 -0.921875 0.6875 -0.140625 -0.472656 -0.402344 -0.0354004 -0.597656 -1.59375 -1.61719 -0.0849609 0.369141 -1.10938 0.511719 -0.441406 -1 -0.294922 1.46875 0.671875 -0.216797 0.0834961 0.0351562 -1.23438 1.23438 
-0.59375 0.0256348 -0.400391 -0.367188 -0.910156 0.386719 0.515625 -0.894531 0.104492 0.114258 0.824219 -0.498047 -1.57812 -0.220703 0.75 -0.519531 0.012207 -0.453125 -0.00292969 0.15918 0.130859 -0.5 0.451172 0.188477 0.488281 -0.28125 0.259766 0.143555 -0.738281 0.0354004 1.74219 -0.228516 -0.332031 -0.404297 0.237305 -0.515625 1.05469 0.204102 0.605469 -0.410156 -0.259766 0.486328 0.164062 -0.141602 -0.925781 -0.248047 0.851562 -0.507812 -0.0620117 -0.0712891 0.824219 -0.660156 -2.89062 -0.157227 -1.375 -0.0490723 0.279297 -0.96875 -0.519531 2.875 -3.59375 -0.160156 0.375 -1.05469 0.137695 -0.484375 -0.265625 0.183594 -1.28906 -0.0795898 1.92188 0.484375 0.300781 0.5 -1.71875 0.117188 0.414062 -0.114258 -1.625 -0.929688 -0.112793 0.0439453 -0.310547 -0.746094 -0.882812 -1.19531 0.257812 -0.0473633 -0.129883 -0.808594 0.170898 -0.949219 0.0297852 -1.35156 -0.0908203 -0.515625 0.357422 0.0991211 0.5 0.5625 0.0795898 -0.703125 1.11719 -1.19531 -0.691406 0.174805 1.36719 0.625 0.359375 -0.0776367 -0.0290527 -0.484375 -0.707031 -2.04688 0.0996094 0.149414 -1.16406 0.177734 -0.476562 -0.800781 -0.132812 0.0010376 -1.75 0.130859 -1.67969 -2.34375 -0.605469 -0.036377 
0.103516 0.375 0.675781 -0.636719 0.589844 0.476562 -0.0629883 -0.107422 0.109375 -0.558594 -0.0546875 -0.205078 -0.75 0.421875 0.175781 -1.34375 0.664062 0.00195312 1.34375 -0.0168457 0.785156 -1.11719 -0.241211 0.925781 -1.24219 -0.0805664 -0.136719 -0.00390625 0.292969 -1.00781 -0.738281 0.369141 0.0144043 -0.124023 1.28906 0.0878906 0.129883 -0.859375 0.191406 0.490234 0.914062 -0.140625 0.0629883 1.02344 -0.335938 -0.535156 -0.108398 1.23438 -0.104004 -1.75781 -0.449219 -0.335938 -0.828125 -0.0211182 0.5 0.40625 -0.964844 1.17188 0.0301514 1.05469 0.380859 -2.57812 0.131836 0.988281 -0.867188 -0.0761719 0.314453 -0.804688 -0.162109 1.07812 0.105469 -0.789062 -0.365234 0.0205078 -0.996094 0.566406 0.320312 -0.160156 1.29688 -0.0234375 -0.539062 -0.632812 -0.875 0.126953 1.4375 0.9375 -0.171875 0.453125 -0.308594 -0.0380859 0.601562 0.412109 0.0737305 -0.137695 -1.26562 0.134766 0.0179443 -0.0065918 0.269531 0.613281 -0.0786133 0.0402832 0.890625 -0.298828 0.0776367 -0.462891 -0.441406 -0.945312 0.181641 0.664062 -0.609375 -1.07812 0.019043 -1.88281 -0.206055 -0.789062 -0.181641 0.324219 0.921875 -0.285156 1.10938 -0.353516 -0.699219 0.458984 -1.52344 1.46875 0.707031 -0.0212402 
Tensor: shape[ 3 2 64 128 ] strides[ 16384 8192 128 1 ] dtype=BF16 device=MOORE:0
-0.231445 -0.198242 -0.25 1.76562 -0.59375 0.414062 0.496094 0.214844 1.08594 1.34375 0.355469 0.53125 -1.10938 0.200195 0.285156 -0.710938 0.03125 0.699219 -0.53125 -0.53125 1.1875 1.21094 0.960938 -0.96875 1.4375 0.449219 0.984375 -0.388672 -1.92188 -1.44531 0.263672 -0.194336 -0.542969 0.224609 0.0544434 1.07031 1.57031 -0.785156 -0.839844 0.126953 -1.66406 -0.259766 0.119629 -0.200195 0.722656 -0.392578 0.316406 0.421875 -0.265625 1.23438 0.357422 1.76562 -3.64062 -1.79688 0.373047 -0.246094 1.98438 0.59375 9.75 3.65625 4.0625 -4.40625 1.78125 4.46875 0.228516 -0.400391 -1.82812 0.957031 -0.765625 -1.05469 0.710938 0.6875 0.285156 0.8125 0.00292969 1.14062 -1.30469 -0.78125 0.632812 -0.28125 -1.32031 -2.59375 0.90625 1.00781 -0.765625 1.24219 1.35938 -3.01562 -0.113281 0.828125 -0.0102539 0.3125 -0.335938 -1.13281 0.871094 -0.248047 -0.90625 -1.54688 -1.42969 -0.363281 0.0427246 -0.090332 0.105957 -0.582031 1.11719 0.429688 1.13281 -0.605469 -0.24707 -1.30469 -0.605469 -1.28125 -0.269531 3.8125 0.237305 -1.39844 4.5625 -0.71875 1.52344 -4 1.59375 -5.4375 2.35938 0.5 -2.65625 0.167969 5.90625 -4.125 
-2.32812 1.9375 0.671875 0.6875 0.5 1.57812 1.375 -0.296875 -0.851562 -0.695312 0.765625 -1.30469 -2.25 1.47656 -0.78125 2.125 -2.5 -0.0634766 -1.33594 1.25 -0.949219 -0.400391 2.21875 -0.0366211 1.50781 1.3125 1.39844 -1.32812 -2.1875 0.550781 0.0268555 1.61719 -0.396484 1.60156 2.10938 2.21875 -0.808594 -0.53125 -0.220703 -0.855469 1.86719 -1.26562 1.80469 0.757812 0.0600586 -0.0439453 -2.29688 2.15625 -1.53125 -1.375 -0.0893555 1.54688 -1.71875 -9.1875 -1.5 4.59375 -0.0100708 0.131836 2.75 0.46875 2.59375 1.71875 -1.13281 -1.97656 0.125 1.76562 1.34375 2.75 -0.492188 -0.890625 -1.13281 -0.824219 -0.785156 -2.59375 2.59375 -1.66406 -0.488281 1.3125 0.494141 0.707031 0.388672 1.03125 -0.4375 1.32812 -0.867188 0.570312 -0.570312 0.222656 -1.07812 -1.91406 -0.863281 2.09375 1.39062 -0.367188 0.644531 -0.65625 0.515625 -0.139648 -1.10156 1.42188 1.26562 -1.69531 -0.738281 -0.460938 -0.224609 -0.151367 -0.714844 0.554688 0.878906 2.46875 0.357422 -0.960938 1.10156 -0.542969 2.625 0.149414 1.58594 1.35156 1.32812 -1.64844 -0.925781 -5.03125 -2.54688 4.71875 -1.96875 1.23438 1.125 -2.51562 
-1.17969 -0.296875 -0.223633 1.79688 -0.898438 -0.546875 0.0458984 1.67188 0.574219 -0.820312 -0.742188 -0.478516 -0.582031 0.265625 0.283203 0.199219 -1.90625 -2.71875 -0.421875 0.882812 -2.15625 -0.0966797 3.73438 0.376953 0.917969 -1.86719 0.427734 -2.04688 -1.83594 0.605469 -0.200195 0.574219 -1.09375 0.328125 0.613281 0.65625 -0.120605 -0.251953 0.0344238 -0.384766 0.308594 -2.59375 -0.143555 -0.259766 0.300781 -1.71875 0.609375 2.96875 0.546875 -0.816406 -0.259766 1.25 0.640625 -6.5625 -1.23438 -4.625 3.29688 1.54688 -4.75 0.40625 -0.494141 -4.28125 1.41406 5.28125 -0.523438 0.453125 0.9375 1.61719 1.07031 -1.32812 0.216797 -0.1875 -1.94531 -0.578125 -0.953125 -0.0634766 1.38281 0.0170898 -0.375 1.89062 0.0996094 1.86719 0.628906 1.46875 -1.60938 -0.660156 -0.53125 -1.85156 -2.54688 -1.10156 -0.265625 1.32031 1.39062 0.261719 1.38281 -1.29688 1.08594 -0.273438 -1.1875 0.789062 -0.0598145 0.0397949 -1.24219 -0.441406 -0.125977 -0.0229492 0.664062 1.01562 0.5625 0.582031 -0.326172 -1.27344 1.54688 2.70312 -0.182617 -1.1875 0.699219 1.54688 -2.35938 0.373047 2.46875 5.40625 2.3125 0.621094 -3.5625 -0.421875 2.46875 0.112793 
1.10938 -2.625 1.78125 -1.89062 -2.60938 -1.25 -0.0234375 -3.42188 1.92969 2.48438 2 2.10938 -3.45312 3.73438 0.447266 3.54688 -2.3125 -2.23438 -0.980469 2.79688 -3.25 -0.992188 2.48438 -0.820312 0.378906 -0.769531 6.10352e-05 -0.914062 -1.76562 0.65625 1.23438 0.761719 -0.828125 0.259766 0.435547 1.14844 -0.5625 -0.359375 -0.416016 0.0302734 0.664062 -5.71875 0.0303955 0.353516 -0.0512695 -0.177734 -0.417969 0.855469 0.871094 0.170898 0.917969 -0.244141 -0.402344 -12.6875 -1.08594 -0.476562 -0.269531 0.013916 0.300781 -0.341797 1.45312 -0.808594 0.453125 0.8125 -1.39844 0.25 0.742188 -0.699219 -2.6875 1.29688 1.63281 0.414062 -2.53125 -1.92188 2.70312 -0.75 -0.0429688 -0.863281 -2.10938 -0.314453 3.34375 2.53125 -2.20312 1.53906 0.957031 -0.412109 -2.01562 0.213867 -3.15625 -0.769531 -2.46875 1.19531 2.5625 0.960938 2.32812 -0.929688 0.251953 0.0234375 -0.402344 0.474609 -0.357422 -0.145508 -0.3125 0.147461 -0.228516 0.710938 0.202148 1.05469 0.0161133 0.492188 0.0976562 -0.144531 0.0549316 1.10156 0.699219 -1.40625 1.6875 1.6875 0.19043 -0.474609 -0.227539 -0.921875 0.1875 1.28906 0.0629883 -0.310547 2.32812 -0.332031 
0.19043 0.314453 -1.8125 -1.75781 -1.85156 1.75 -1.48438 -0.347656 0.761719 -1.69531 0.257812 0.0117188 0.386719 1.32031 -0.890625 -0.166016 -0.617188 -0.839844 0.101562 0.847656 -0.539062 0.285156 1.35156 -1.66406 0.296875 0.3125 1.01562 -0.470703 -0.972656 0.730469 -0.433594 0.8125 -0.671875 0.294922 1.28125 0.691406 0.523438 -0.441406 -0.217773 -1.53125 0.296875 0.0588379 1.20312 -0.921875 0.386719 -0.855469 -0.523438 1.25781 -0.355469 -0.398438 -1.65625 -0.0986328 0.871094 -2.75 -1.76562 -1.19531 0.0390625 -0.488281 1.64844 -0.248047 1.96875 -0.585938 -2.28125 -2.79688 0.396484 -1.23438 0.320312 -1.29688 -0.570312 1.14062 0.914062 0.664062 0.449219 -0.414062 0.122559 2.39062 0.722656 -1.46094 -1.07031 1.70312 0.148438 -1.45312 -0.875 -0.106445 -1.01562 0.640625 -0.137695 -0.0622559 -0.71875 -0.236328 -0.203125 0.46875 -0.0830078 1.3125 0.867188 -0.141602 -0.71875 -1.08594 -0.296875 -0.636719 0.992188 -0.380859 -0.714844 0.640625 0.227539 -0.539062 -0.335938 0.225586 -0.648438 0.188477 0.261719 -2.28125 0.808594 0.498047 -0.652344 0.0598145 -0.933594 0.380859 0.941406 -1.05469 1.33594 1.96094 -2.6875 0.859375 -0.143555 -0.894531 -0.664062 1.34375 
2.35938 -0.0078125 -1.01562 -0.578125 1.0625 3.3125 -0.263672 -2.0625 -0.914062 0.875 0.0625 -1.11719 -1.07031 2.60938 -1.54688 2.9375 -2.45312 -1.14062 0.433594 0.722656 -2.75 -1.32812 2.09375 -0.644531 -0.255859 -1.28125 -0.703125 -0.945312 -1.91406 1.57031 2.79688 1.03906 -0.660156 -0.172852 -0.441406 1.59375 1.38281 -0.214844 -1.32812 0.707031 1.08594 -0.824219 -1.21875 0.660156 -1.0625 -0.671875 0.291016 1.125 2.15625 -0.65625 -2.57812 0.640625 -5.1875 -10.6875 -1.89062 0.351562 3.6875 3.28125 0.074707 0.828125 1.88281 1.5 0.0269775 -0.431641 1.94531 -2.875 2.39062 2.64062 -3.25 -0.164062 2.39062 -1.80469 0.933594 -2.82812 3.1875 0.820312 -0.375 0.945312 -0.15332 -0.53125 1.84375 2.95312 -1.75 1.25781 0.519531 -1.77344 0.609375 1.99219 -2.8125 -1.29688 -1.82812 1.9375 0.839844 -0.155273 2.78125 -0.277344 -0.820312 0.636719 -1.09375 0.714844 2.26562 0.466797 0.632812 1.79688 3.15625 0.222656 -3.01562 2.5625 -0.0202637 -0.847656 -0.859375 0.137695 3.04688 -0.832031 1.10938 3.76562 0.0737305 2.89062 -1.17969 0.0515137 0.820312 -0.0854492 1.28125 0.71875 -1.27344 -1.19531 2.26562 -0.886719 
0.0639648 0.929688 -0.945312 0.761719 0.154297 0.242188 -1.71094 0.294922 -0.144531 -0.84375 0.636719 -1.07812 -0.410156 2.375 -0.492188 -1.15625 -0.219727 -0.324219 -1.10938 1.46094 0.347656 -0.667969 0.0932617 0.0194092 0.375 -0.157227 -0.12793 -0.228516 -0.378906 1.375 -0.867188 0.267578 0.0712891 0.492188 0.867188 0.429688 -0.285156 -0.0187988 0.0898438 -1.13281 -0.271484 -0.0766602 0.255859 0.351562 0.226562 0.376953 0.582031 1.19531 -0.0140991 1.53125 -1.29688 -0.5625 -0.898438 -0.863281 2.03125 2.26562 -0.574219 -1.625 2.9375 -2.51562 -3.8125 -1.73438 0.878906 -5.25 -0.398438 -0.0585938 -0.554688 -2.14062 -0.632812 1.375 0.34375 -0.229492 -0.519531 -0.482422 0.769531 1.47656 1.125 -0.273438 -1.29688 0.988281 -0.388672 -0.878906 -0.699219 -0.119141 0.851562 0.613281 0.180664 0.384766 0.0368652 -1.32031 0.144531 -0.291016 -0.330078 0.120117 -0.15332 -0.355469 -0.777344 -0.679688 0.388672 -0.550781 0.878906 -0.249023 -0.6875 0.9375 0.0371094 -0.0698242 0.0805664 0.228516 0.0375977 0.124023 0.46875 -1.5 -0.490234 3.1875 0.384766 0.243164 1.44531 -1.10156 -3.09375 -2.71875 -1.20312 3.46875 -1.67969 1.74219 0.769531 -1.92969 -7.125 -3.40625 
-0.402344 0.173828 1.24219 1.53906 -0.21875 -1.24219 -1.77344 0.134766 1.61719 -1.10156 -1.07812 -0.851562 -0.0664062 1.85938 -1.10156 -0.316406 -0.894531 0.173828 -0.115234 1 -0.640625 -0.400391 1.15625 -1.25 0.820312 -0.886719 1.24219 -0.660156 -1.20312 -0.585938 0.00198364 0.960938 0.236328 1.34375 1.41406 -0.139648 1.00781 0.036377 -0.515625 -0.375 -0.621094 -0.722656 -0.890625 0.976562 0.046875 -1.07031 0.310547 0.65625 -1.10156 -2.17188 -0.660156 -0.945312 2.96875 -3.4375 -4.0625 2.03125 -2.76562 2.1875 2.17188 1.88281 2.17188 4.25 3.39062 -3.01562 0.851562 1.65625 -2.75 -1.38281 -2.0625 1.57812 -1.34375 -1.08594 -0.320312 -1.79688 -0.0351562 0.427734 1.40625 -0.0625 -0.320312 1.02344 -0.449219 -0.804688 0.984375 0.582031 -0.746094 0.107422 -0.285156 0.945312 -0.476562 0.423828 -0.824219 1.4375 -0.28125 0.476562 0.960938 1.22656 -0.116699 -0.320312 -0.229492 0.53125 -0.34375 -1.72656 -1.42969 0.060791 0.408203 -0.828125 -0.213867 0.0625 -0.345703 -1.05469 0.112793 -1.4375 2.29688 -0.90625 1.55469 1.27344 0.233398 0.316406 1.09375 4.25 0.355469 4.03125 -1.39844 0.601562 2.03125 -2.9375 -4.5625 2.20312 
0.0581055 0.168945 0.855469 -0.730469 0.761719 -0.796875 -0.359375 -0.341797 0.304688 -0.722656 -2.10938 -1.76562 -0.773438 0.349609 -2.23438 1.29688 -1.15625 -0.707031 1.40625 -0.12207 -0.898438 -0.431641 0.671875 -1.14844 0.726562 -0.294922 0.960938 0.585938 -1.40625 -0.0825195 0.566406 2 -0.679688 0.0252686 0.431641 0.753906 1.00781 -0.177734 -0.617188 -0.652344 0.196289 -0.941406 0.503906 0.597656 -0.0615234 0.347656 0.00915527 1.64844 -0.496094 -2.21875 -3.48438 -2.60938 1.26562 -6.21875 -7.78125 -3.14062 -1.34375 1.13281 -1.77344 -4.28125 -12.0625 -1.60938 0.527344 3.78125 -0.847656 0.10498 -0.335938 -0.847656 -1.20312 0.632812 -0.25 -1.07812 0.261719 -1.73438 1.03125 0.613281 -0.257812 -0.621094 -1.35938 0.835938 0.410156 -0.890625 0.141602 0.847656 -1.17188 0.0571289 -0.0356445 0.373047 -0.296875 0.746094 -1.61719 0.388672 -0.162109 -0.242188 0.789062 0.746094 1.34375 -0.414062 -0.761719 0.388672 0.960938 -0.660156 -0.550781 0.10498 0.839844 -0.0375977 0.507812 0.0854492 -0.166016 0.753906 0.197266 -0.753906 0.804688 0.5 0.490234 -0.447266 -1.79688 3.07812 5.0625 -1.61719 0.539062 2.89062 -0.239258 -1.07031 -2.21875 3.71875 0.917969 5 
0.210938 -0.585938 0.255859 1.01562 1.90625 1.10938 -1.75 1.95312 0.691406 2.25 -1.0625 -2.10938 -1.29688 1.375 -0.390625 1.72656 -2.60938 -0.205078 1.08594 0.515625 -2.25 0.173828 0.761719 -0.5625 -0.0195312 -0.511719 -0.210938 -0.582031 -1.08594 0.168945 1.53906 1.28125 -0.486328 -0.496094 0.355469 2.42188 0.163086 -2.3125 -0.239258 0.118164 1.77344 -0.105957 -0.515625 0.0524902 0.134766 -0.726562 1.07031 1.625 1.34375 -0.839844 -3.73438 -0.0864258 -5.125 -10.0625 -2.51562 0.742188 2.3125 2.34375 -0.769531 1.21094 0.398438 -1.10156 0.617188 0.0849609 -2.95312 2.46875 -0.333984 0.148438 2.10938 2.20312 0.960938 -1.4375 0.494141 -1.03125 2.21875 -0.675781 0.175781 0.96875 0.953125 -0.585938 1.60938 1.26562 -0.984375 1.60156 -0.3125 -1.875 -0.150391 1.5 -1.58594 -1.05469 -1.85938 1.64062 1.78125 0.206055 1.67188 -1.50781 -0.644531 -0.186523 -1.08594 0.808594 -0.601562 -0.182617 0.773438 0.230469 -1.32812 0.0246582 -3.17188 1.40625 1.09375 2.4375 1.03906 0.65625 0.714844 -0.96875 1.59375 2.51562 -0.824219 3.28125 -3.8125 -1.20312 0.867188 -0.328125 2.90625 2.98438 1.64062 2.15625 0.296875 0.527344 
0.277344 -1.10938 1.76562 1.11719 2.01562 -1.94531 0.034668 0.839844 1.51562 -0.161133 -0.988281 -0.9375 -0.371094 1.84375 -1.04688 -0.416016 -0.859375 0.216797 -0.155273 0.984375 -0.621094 -0.402344 1.16406 -1.25781 0.824219 -0.890625 1.24219 -0.664062 -1.20312 -0.585938 0.000579834 0.960938 0.236328 1.34375 1.41406 -0.139648 1.00781 0.0368652 -0.515625 -0.375 -0.621094 -0.722656 -0.890625 0.976562 0.046875 -1.07031 0.310547 0.65625 -1.10156 -2.17188 -0.660156 -0.945312 2.96875 -3.4375 -4.0625 2.03125 -2.76562 2.1875 2.17188 1.88281 2.17188 4.25 3.39062 -3.01562 -0.890625 -1.24219 2.4375 1.74219 -0.523438 -0.507812 -2.23438 -0.703125 0.648438 -2.09375 -0.423828 0.171875 1.35938 0.253906 -0.458984 0.992188 -0.511719 -0.796875 0.976562 0.617188 -0.757812 0.101074 -0.271484 0.933594 -0.470703 0.419922 -0.820312 1.4375 -0.285156 0.474609 0.960938 1.22656 -0.116699 -0.318359 -0.228516 0.53125 -0.341797 -1.72656 -1.42969 0.060791 0.408203 -0.828125 -0.213867 0.0625 -0.345703 -1.05469 0.112793 -1.4375 2.29688 -0.90625 1.55469 1.27344 0.233398 0.316406 1.09375 4.25 0.355469 4.03125 -1.39844 0.601562 2.03125 -2.9375 -4.5625 2.20312 
0.945312 0.976562 -1.21094 -0.419922 1.96875 -1.65625 0.882812 0.777344 -1.23438 0.375 -0.59375 0.640625 0.515625 -0.351562 -0.306641 0.417969 -0.539062 -0.78125 0.421875 -0.108398 0.155273 -0.0913086 -0.496094 -0.181641 0.707031 -0.304688 0.384766 -1.57812 -0.800781 0.00793457 -0.249023 0.267578 0.0864258 -0.283203 0.890625 0.796875 1.33594 -0.527344 -0.225586 0.6875 -0.484375 -0.746094 0.259766 -0.820312 1.17969 -0.00334167 0.636719 0.320312 -0.034668 -0.419922 1.83594 2.125 -1.71875 -5.375 0.804688 -4.09375 1.67188 -1.50781 0.404297 0.22168 -1.23438 2.04688 -2.71875 1.23438 0.375 -0.353516 2.53125 0.404297 0.828125 -1.3125 -0.412109 -0.212891 1.50781 -1.21875 -0.332031 -0.710938 0.0283203 -0.5625 -0.996094 1.125 -0.617188 -1.30469 0.546875 0.65625 -1.69531 0.208984 0.476562 0.0424805 0.679688 0.439453 -1.13281 1.57812 -0.667969 -0.211914 -0.101562 0.0263672 -0.148438 -0.476562 0.351562 -0.0830078 -0.498047 -0.488281 -0.695312 0.235352 1.01562 -0.100586 0.5 -1.03906 0.273438 -0.515625 0.439453 -1.41406 2.01562 0.925781 -0.707031 -0.433594 0.6875 0.949219 -3.40625 2.125 -1.24219 -2.54688 -1.71094 -1.33594 0.0490723 -5.34375 1.28906 4.21875 
0.195312 -0.960938 0.162109 -0.306641 -1.79688 -1.57812 -1.80469 2.42188 0.296875 2.48438 -1.78906 -1.82812 -1.30469 1.19531 -0.511719 1.78125 -2.71875 -0.275391 1.11719 0.46875 -2.25 0.206055 0.761719 -0.578125 -0.00805664 -0.503906 -0.204102 -0.585938 -1.08594 0.167969 1.53906 1.28125 -0.486328 -0.496094 0.355469 2.42188 0.163086 -2.3125 -0.239258 0.118164 1.77344 -0.105957 -0.515625 0.0522461 0.134766 -0.726562 1.07031 1.625 1.34375 -0.839844 -3.73438 -0.0869141 -5.125 -10.0625 -2.51562 0.742188 2.3125 2.34375 -0.769531 1.21094 0.398438 -1.10156 0.617188 0.0849609 2.96875 -2.32812 0.388672 0.976562 2.1875 1.89062 -0.839844 0.292969 0.800781 0.109375 1.67188 -1.23438 -0.117188 1.1875 0.894531 -0.417969 1.40625 1.25781 -0.9375 1.60938 -0.363281 -1.86719 -0.140625 1.49219 -1.58594 -1.05469 -1.85938 1.64062 1.78125 0.206055 1.67188 -1.50781 -0.644531 -0.186523 -1.08594 0.808594 -0.601562 -0.183594 0.773438 0.230469 -1.32812 0.0245361 -3.17188 1.40625 1.09375 2.4375 1.03906 0.65625 0.714844 -0.96875 1.59375 2.51562 -0.824219 3.28125 -3.8125 -1.20312 0.867188 -0.328125 2.90625 2.98438 1.64062 2.15625 0.296875 0.527344 
-0.15625 1.625 -3 -1.89844 0.816406 -0.3125 1.82812 1.09375 0.886719 0.8125 -0.765625 -0.949219 -0.65625 1.76562 -0.984375 -0.511719 -0.824219 0.261719 -0.196289 0.96875 -0.605469 -0.402344 1.16406 -1.26562 0.828125 -0.894531 1.25 -0.667969 -1.20312 -0.585938 -0.000793457 0.957031 0.236328 1.34375 1.41406 -0.139648 1.00781 0.0375977 -0.515625 -0.375 -0.621094 -0.722656 -0.890625 0.976562 0.0471191 -1.07031 0.310547 0.65625 -1.10156 -2.17188 -0.660156 -0.945312 2.96875 -3.4375 -4.0625 2.03125 -2.76562 2.1875 2.17188 1.88281 2.17188 4.25 3.39062 -3.01562 0.925781 0.351562 0.3125 0.824219 1.91406 -1.98438 -1.29688 0.0654297 1.39062 -1.94531 -0.753906 -0.103516 1.23438 0.558594 -0.589844 0.941406 -0.578125 -0.78125 0.96875 0.648438 -0.773438 0.09375 -0.255859 0.921875 -0.464844 0.414062 -0.8125 1.4375 -0.287109 0.474609 0.960938 1.23438 -0.116211 -0.318359 -0.227539 0.53125 -0.341797 -1.72656 -1.42969 0.060791 0.408203 -0.828125 -0.214844 0.0625 -0.345703 -1.05469 0.112793 -1.4375 2.29688 -0.90625 1.55469 1.27344 0.233398 0.316406 1.09375 4.25 0.355469 4.03125 -1.39844 0.601562 2.03125 -2.9375 -4.5625 2.20312 
0.34375 -0.679688 -0.503906 0.228516 -0.191406 0.378906 0.392578 0.349609 -1.10938 0.503906 -0.925781 0.0917969 -0.757812 -0.933594 -0.9375 0.378906 -0.628906 0.816406 -0.376953 0.00195312 0.792969 0.046875 0.0539551 -1.92969 0.314453 -0.371094 0.0961914 -0.0654297 -1.03906 -0.554688 -0.0166016 0.470703 -1.16406 0.455078 0.142578 0.386719 1.49219 -0.186523 -0.964844 -0.0100708 -0.363281 0.550781 -0.320312 -0.929688 0.648438 0.160156 -0.236328 -0.875 -1.14062 -0.902344 -1.02344 -0.210938 2.10938 -1.34375 -1.35156 0.228516 0.585938 -2.57812 0.699219 0.386719 1.15625 2.84375 -2.79688 2.375 -0.390625 0.984375 -0.757812 -0.416016 -0.0148926 -0.396484 0.707031 0.205078 -0.84375 -1.9375 -0.34375 -0.691406 -0.226562 -0.640625 -1.0625 -0.414062 -0.0498047 -0.124023 0.535156 0.933594 -0.765625 0.96875 -0.125977 -0.757812 0.714844 0.753906 -0.15332 -0.242188 0.535156 -0.332031 -0.435547 0.443359 0.691406 -0.539062 -0.945312 0.373047 0.902344 0.375 0.128906 0.298828 1.0625 0.12207 0.466797 -0.000778198 0.0996094 -0.363281 0.133789 -1.20312 0.486328 0.246094 0.431641 0.472656 -1.10938 0.5625 1.45312 1.85156 0.617188 0.730469 -0.0380859 -2.54688 0.46875 4.625 1.41406 -2.89062 
-0.585938 2.14062 -0.417969 -0.914062 -2.4375 -2.375 -0.386719 1.5625 -0.208984 2.15625 -2.28125 -1.39844 -1.25 0.980469 -0.621094 1.8125 -2.8125 -0.34375 1.16406 0.417969 -2.25 0.238281 0.761719 -0.59375 0.00341797 -0.498047 -0.196289 -0.59375 -1.09375 0.167969 1.53125 1.28125 -0.486328 -0.496094 0.357422 2.42188 0.163086 -2.3125 -0.239258 0.117676 1.77344 -0.105957 -0.511719 0.0522461 0.133789 -0.726562 1.07031 1.625 1.34375 -0.839844 -3.73438 -0.0869141 -5.125 -10.0625 -2.51562 0.742188 2.3125 2.34375 -0.769531 1.21094 0.398438 -1.10156 0.617188 0.0849609 -2.90625 1.32031 -0.0537109 -0.460938 -1.45312 -0.691406 -1.95312 1.85938 0.828125 1.23438 0.910156 -1.71094 -0.398438 1.38281 0.820312 -0.238281 1.21094 1.24219 -0.890625 1.63281 -0.417969 -1.86719 -0.129883 1.49219 -1.58594 -1.0625 -1.86719 1.64062 1.77344 0.207031 1.67188 -1.50781 -0.648438 -0.1875 -1.08594 0.808594 -0.601562 -0.18457 0.773438 0.230469 -1.32812 0.0245361 -3.17188 1.40625 1.09375 2.4375 1.03906 0.65625 0.714844 -0.96875 1.59375 2.51562 -0.824219 3.28125 -3.8125 -1.20312 0.867188 -0.328125 2.90625 2.98438 1.64062 2.15625 0.296875 0.527344 
0.398438 -0.198242 -0.219727 0.523438 -1.10156 0.820312 -0.515625 0.09375 -0.351562 1.04688 -0.138672 1.13281 1.74219 -1.60938 -1.46094 0.291016 0.10498 -0.792969 0.0473633 -0.5 0.388672 -0.257812 -0.259766 -0.777344 0.236328 -0.878906 0.515625 -0.455078 -0.644531 -1.5 -0.0610352 1.15625 -0.0678711 0.182617 0.609375 0.558594 1.3125 -0.851562 -0.427734 -0.139648 -0.808594 0.158203 -0.617188 -0.486328 -0.0458984 -0.22168 -0.164062 -0.796875 0.0913086 -2.95312 1.25 -1.53125 -0.227539 -2.6875 -9.125 -11.5 -1.42969 2.15625 3.0625 -5.59375 -1.88281 -6.75 -3.20312 0.15625 -0.375 -0.691406 -0.917969 -0.239258 0.582031 0.0117188 1.07812 0.773438 -0.376953 0.132812 -1.04688 -0.796875 -1.26562 0.109375 -1.34375 1.09375 0.371094 -0.882812 0.328125 1.5 -1.65625 0.539062 1.57031 0.451172 1.1875 -0.353516 -0.933594 0.828125 -0.578125 0.351562 -0.181641 -0.217773 1 -0.433594 -0.0673828 0.1875 -0.0266113 -1.19531 -0.373047 0.235352 1.10156 -0.243164 0.796875 -0.369141 0.304688 -0.0284424 0.910156 -0.652344 2.3125 2.6875 -2.75 -1.17969 -0.511719 0.71875 1.61719 2.15625 3.3125 -1.70312 0.449219 5.9375 -3.25 -5.1875 6.65625 -3.21875 
-0.289062 -0.0283203 0.910156 0.373047 -0.0136719 0.511719 -0.339844 0.115234 -0.441406 1.32812 -0.738281 0.283203 -0.695312 -0.8125 -0.796875 0.417969 -0.625 0.820312 -0.398438 -0.0273438 0.8125 0.0307617 0.0551758 -1.92188 0.308594 -0.375 0.0966797 -0.0644531 -1.03906 -0.554688 -0.0159912 0.470703 -1.16406 0.455078 0.142578 0.384766 1.49219 -0.186523 -0.964844 -0.0101318 -0.365234 0.550781 -0.320312 -0.929688 0.648438 0.160156 -0.236328 -0.875 -1.14062 -0.902344 -1.02344 -0.210938 2.10938 -1.34375 -1.35156 0.228516 0.585938 -2.57812 0.699219 0.386719 1.15625 2.84375 -2.79688 2.375 0.433594 -1.19531 -0.0585938 0.292969 -0.192383 0.189453 0.734375 0.388672 -1.32812 -1.49219 -0.65625 -0.632812 -0.390625 -0.785156 -1.17188 -0.375 -0.0966797 -0.0791016 0.519531 0.933594 -0.742188 0.96875 -0.124512 -0.773438 0.71875 0.75 -0.15332 -0.242188 0.53125 -0.333984 -0.435547 0.445312 0.6875 -0.539062 -0.945312 0.375 0.902344 0.375 0.128906 0.298828 1.0625 0.12207 0.466797 -0.00087738 0.0996094 -0.363281 0.133789 -1.20312 0.486328 0.246094 0.431641 0.472656 -1.10938 0.5625 1.45312 1.85156 0.617188 0.730469 -0.0380859 -2.54688 0.46875 4.625 1.41406 -2.89062 
0.980469 -2.5 0.253906 0.597656 1.07812 -0.3125 1.35156 -0.134766 -0.640625 1.35938 -2.45312 -0.851562 -1.125 0.730469 -0.726562 1.82812 -2.89062 -0.412109 1.19531 0.367188 -2.25 0.271484 0.765625 -0.609375 0.0148926 -0.492188 -0.188477 -0.597656 -1.09375 0.167969 1.53125 1.28125 -0.484375 -0.496094 0.357422 2.42188 0.163086 -2.3125 -0.239258 0.117676 1.77344 -0.105957 -0.511719 0.052002 0.133789 -0.726562 1.07031 1.625 1.34375 -0.839844 -3.73438 -0.0869141 -5.125 -10.0625 -2.51562 0.742188 2.3125 2.34375 -0.769531 1.21094 0.398438 -1.10156 0.617188 0.0849609 2.79688 0.195312 -0.333984 -0.832031 -2.625 -2.4375 -1.46875 2.42188 0.5625 2.07812 0.0234375 -2.03125 -0.671875 1.52344 0.734375 -0.0585938 0.988281 1.21875 -0.84375 1.64844 -0.46875 -1.86719 -0.120605 1.48438 -1.58594 -1.0625 -1.86719 1.64062 1.77344 0.207031 1.67969 -1.50781 -0.648438 -0.1875 -1.08594 0.8125 -0.601562 -0.18457 0.773438 0.230469 -1.32812 0.0245361 -3.17188 1.40625 1.09375 2.4375 1.03906 0.65625 0.714844 -0.96875 1.59375 2.51562 -0.824219 3.28125 -3.8125 -1.20312 0.867188 -0.328125 2.90625 2.98438 1.64062 2.15625 0.296875 0.527344 
-0.609375 0.412109 0.273438 0.162109 -0.855469 1.05469 -0.0375977 0.1875 -0.332031 1.60156 -0.306641 0.820312 -0.535156 -0.765625 -0.8125 0.785156 -0.225586 0.382812 1.10938 0.109375 0.5 0.115723 0.578125 -0.617188 0.828125 -1.22656 0.667969 -1.0625 -0.976562 -0.339844 -0.155273 0.773438 -0.886719 0.585938 0.171875 1.22656 1.48438 -0.480469 -0.621094 0.380859 0.09375 -0.667969 -0.142578 -0.789062 0.163086 0.46875 0.320312 0.804688 -0.105469 -1.83594 0.304688 -0.034668 -0.667969 -4.09375 -4.375 -2.60938 0.285156 -0.0761719 1.22656 -4.0625 3.07812 4.78125 -1.48438 2.21875 0.523438 -0.75 1.70312 0.660156 -0.902344 0.439453 -0.196289 -0.0339355 -1.24219 -1.05469 -1.04688 -0.0683594 -0.285156 -0.224609 -2.03125 0.339844 -0.447266 -1.52344 -0.542969 0.792969 -1.5625 1.08594 0.886719 -1.1875 0.0712891 0.660156 -0.388672 0.498047 0.546875 1.46094 0.578125 0.183594 -0.326172 -0.519531 -0.0219727 1.15625 -0.671875 -0.875 -0.217773 -0.570312 0.972656 0.347656 0.300781 0.335938 -0.820312 0.519531 -0.00121307 -1.86719 1.27344 0.355469 -0.15332 -0.464844 -0.6875 0.832031 1.82031 2.20312 0.894531 0.523438 -4.0625 -0.363281 0.839844 -1.21094 0.640625 -2.45312 
0.226562 0.726562 -0.404297 -0.345703 0.188477 0.0319824 -0.792969 -0.181641 0.382812 1.86719 -0.447266 0.453125 -0.585938 -0.667969 -0.632812 0.453125 -0.617188 0.828125 -0.421875 -0.0556641 0.828125 0.0136719 0.0571289 -1.90625 0.304688 -0.378906 0.0976562 -0.0639648 -1.03906 -0.554688 -0.0153198 0.46875 -1.17188 0.455078 0.143555 0.384766 1.49219 -0.186523 -0.964844 -0.0101929 -0.365234 0.550781 -0.320312 -0.929688 0.648438 0.160156 -0.236328 -0.875 -1.14062 -0.902344 -1.02344 -0.210938 2.10938 -1.34375 -1.35156 0.228516 0.585938 -2.57812 0.699219 0.386719 1.15625 2.84375 -2.79688 2.375 -0.46875 0.953125 0.820312 0.320312 -0.0419922 0.546875 0.160156 0.361328 -1.34375 -0.722656 -0.878906 -0.53125 -0.53125 -0.914062 -1.26562 -0.332031 -0.140625 -0.0351562 0.5 0.933594 -0.722656 0.96875 -0.124023 -0.789062 0.71875 0.75 -0.152344 -0.242188 0.53125 -0.335938 -0.435547 0.445312 0.6875 -0.535156 -0.945312 0.375 0.902344 0.375 0.12793 0.298828 1.0625 0.12207 0.466797 -0.000984192 0.0996094 -0.363281 0.133789 -1.20312 0.486328 0.246094 0.431641 0.472656 -1.10938 0.5625 1.45312 1.85156 0.617188 0.730469 -0.0380859 -2.54688 0.46875 4.625 1.41406 -2.89062 
-1.64062 2.15625 2.20312 0.0625 3.40625 3.28125 2.20312 -0.0859375 0.964844 0.910156 -2.9375 -0.851562 -0.0541992 0.859375 -1.09375 2.8125 -2.96875 -1.95312 0.8125 0.503906 -2.78125 -1.15625 2.04688 -0.742188 -0.146484 -1.24219 -0.664062 -0.976562 -1.92969 1.57031 2.76562 1.03906 -0.65625 -0.174805 -0.439453 1.59375 1.375 -0.21582 -1.32812 0.703125 1.07812 -0.824219 -1.21875 0.660156 -1.0625 -0.671875 0.291016 1.125 2.15625 -0.65625 -2.57812 0.640625 -5.1875 -10.6875 -1.89062 0.351562 3.6875 3.28125 0.074707 0.828125 1.88281 1.5 0.0268555 -0.431641 -2.57812 -1.92188 1.39844 -2.70312 0.15625 -0.484375 0.945312 2.75 -0.882812 2.8125 -1.21094 -1.09375 -1.13281 2.64062 -1.10938 1.00781 0.765625 2.5 -1.60938 1.35938 0.179688 -1.88281 0.75 1.95312 -2.82812 -1.33594 -1.84375 1.92188 0.816406 -0.139648 2.8125 -0.271484 -0.824219 0.636719 -1.09375 0.71875 2.26562 0.466797 0.628906 1.79688 3.15625 0.22168 -3.01562 2.5625 -0.020874 -0.847656 -0.859375 0.137695 3.04688 -0.832031 1.10938 3.76562 0.0727539 2.89062 -1.17969 0.0515137 0.820312 -0.0849609 1.28125 0.71875 -1.27344 -1.19531 2.26562 -0.886719 
1.44531 1.53906 -0.78125 0.320312 -0.667969 0.140625 -0.318359 -1.65625 -0.300781 -1.83594 -0.269531 0.333984 -0.302734 -0.275391 -0.9375 -0.0742188 -0.945312 -0.527344 0.992188 -0.703125 -1.10938 -0.0126953 1.53125 0.0649414 1.23438 -1.125 0.447266 -1.65625 -1.29688 0.0114746 0.574219 0.988281 -1.20312 -0.451172 0.158203 0.71875 0.902344 -0.373047 -0.769531 1.1875 0.617188 -0.675781 0.488281 0.542969 0.0162354 -0.0756836 0.53125 0.984375 -0.324219 -0.742188 -3.14062 -0.0834961 -0.174805 -5.9375 0.130859 -2.26562 0.730469 5.75 3.01562 -3.95312 1.14062 3.45312 7.125 8.6875 -0.00683594 0.00390625 -0.00585938 1.17188 1.13281 -0.0458984 -0.273438 -0.25 0.886719 0.757812 -1.07812 -0.667969 -0.90625 1.71875 1.23438 1.05469 -0.519531 0.0390625 0.416016 2.04688 -1.76562 -1.23438 1.05469 -0.777344 -0.380859 -0.412109 -0.421875 -0.0595703 0.0732422 -0.181641 0.769531 -1.36719 -0.71875 0.0354004 -0.730469 0.3125 -0.0515137 0.155273 -1.01562 0.124512 1.29688 -0.433594 0.236328 0.535156 0.144531 0.628906 1.0625 -0.75 -0.361328 -0.566406 -0.351562 -0.917969 -0.605469 2.625 1.42188 -2.125 0.679688 4.3125 -4.90625 -1.05469 3.1875 4.5625 6.375 7 
1.22656 1.21875 -2.01562 -0.550781 0.742188 0.257812 -1.13281 -1.20312 -0.150391 -0.464844 0.269531 1.03125 -0.427734 -0.964844 -1.16406 -1.24219 0.6875 -0.0195312 0.158203 -0.664062 -0.40625 -0.820312 1.52344 -0.828125 0.855469 -0.566406 0.585938 -0.253906 -1.86719 -0.507812 0.173828 1.125 -0.191406 0.789062 0.617188 0.369141 0.5 -0.839844 -0.796875 -0.492188 -0.953125 -0.789062 0.0415039 -0.0222168 0.337891 0.796875 0.318359 1.27344 -1 1.02344 2.54688 1.60156 -4.21875 -3.59375 1.74219 -0.898438 -0.929688 1.28125 -9.8125 -0.921875 -3.42188 -1.85938 8.8125 -2.45312 0.289062 1.03906 -1.51562 0.84375 0.140625 1.25781 -0.0898438 0.0078125 0.59375 0.195312 -0.90625 -0.177734 -0.496094 -0.710938 -0.96875 0.773438 -0.480469 -1.07812 0.0742188 2.125 -0.898438 0.933594 0.192383 -0.142578 0.00219727 0.0429688 -1.21875 0.257812 -0.144531 -0.0756836 0.328125 -1.26562 0.193359 -0.0108032 -0.412109 1.05469 0.162109 -0.335938 -0.412109 0.0500488 0.617188 0.0888672 0.02771 -0.648438 -1.55469 0.898438 0.609375 -1.27344 -0.00479126 -0.359375 -1.53125 -2.76562 0.597656 0.933594 3.5625 2.09375 7.34375 -6.40625 -0.267578 9.25 8.5 -5 1.3125 0.84375 
-0.507812 -0.507812 0.0976562 -0.00488281 -0.0202637 -0.542969 -0.402344 -0.404297 1.23438 1.9375 0.0224609 0.617188 -0.40625 -0.443359 -0.40625 0.492188 -0.601562 0.824219 -0.449219 -0.09375 0.851562 -0.0078125 0.059082 -1.89844 0.296875 -0.384766 0.0986328 -0.0629883 -1.03906 -0.554688 -0.0144653 0.46875 -1.17188 0.457031 0.143555 0.384766 1.49219 -0.186523 -0.964844 -0.0102539 -0.365234 0.550781 -0.320312 -0.929688 0.648438 0.160156 -0.236328 -0.875 -1.14062 -0.902344 -1.02344 -0.210938 2.10938 -1.34375 -1.35156 0.228516 0.585938 -2.57812 0.699219 0.386719 1.15625 2.84375 -2.79688 2.375 0.131836 -1.08594 -0.90625 -0.472656 0.192383 0.0454102 -0.703125 0.0400391 -0.664062 0.515625 -0.984375 -0.320312 -0.679688 -1.03906 -1.35156 -0.269531 -0.202148 0.0292969 0.478516 0.933594 -0.703125 0.96875 -0.123047 -0.816406 0.722656 0.746094 -0.152344 -0.243164 0.527344 -0.335938 -0.435547 0.445312 0.6875 -0.535156 -0.945312 0.375 0.902344 0.375 0.12793 0.298828 1.0625 0.12207 0.466797 -0.00111389 0.0996094 -0.363281 0.133789 -1.20312 0.486328 0.246094 0.431641 0.472656 -1.10938 0.5625 1.45312 1.85156 0.617188 0.730469 -0.0380859 -2.54688 0.46875 4.625 1.41406 -2.89062 
-1.07031 -0.867188 0.648438 -1.03125 -0.867188 -0.488281 0.457031 0.134766 -0.320312 0.0693359 0.0703125 0.0429688 0.800781 -0.675781 -0.683594 -0.609375 -0.115234 0.8125 -1.21875 -1.15625 0.289062 -0.435547 -0.449219 1.57812 0.523438 -1.52344 0.15625 0.867188 -0.992188 0.166016 -0.110352 1.33594 -0.0834961 -0.065918 -0.652344 0.886719 0.0130615 -0.371094 -0.106445 -0.539062 0.398438 -0.0181885 -0.0957031 0.9375 -0.18457 -1.00781 -0.347656 1.17188 -0.271484 0.542969 -2.48438 -0.613281 -0.679688 -1.07031 -1.77344 0.703125 1.94531 -0.291016 1.32031 -0.273438 1.67969 0.130859 4.71875 4.09375 0.664062 0.859375 -0.5 0.404297 0.613281 0.363281 0.396484 -0.378906 1.08594 0.0371094 -0.777344 -1.85156 -0.118164 0.863281 -0.722656 -0.316406 -0.664062 0.734375 -0.273438 1.03906 0.464844 -0.789062 0.816406 -0.617188 0.5625 -0.894531 0.449219 0.0849609 -1.21094 -0.550781 0.043457 -0.800781 0.699219 -1.11719 0.855469 0.609375 0.318359 0.0688477 -0.236328 0.173828 0.162109 -0.24707 0.0449219 -0.0184326 -0.707031 -1.47656 0.679688 -0.753906 -0.375 -0.972656 1.21875 -2.39062 -0.796875 -0.691406 4.65625 -4.53125 1.28906 0.503906 2.6875 2.875 -1.04688 -0.0105591 1.82812 -5.9375 
-2.96875 -2.73438 -1.58594 0.628906 -2.57812 -0.71875 -0.929688 -2.625 1.26562 -1.35938 -1.6875 -0.251953 0.361328 0.0869141 -0.835938 2.60938 -3.03125 -2.1875 0.917969 0.433594 -2.79688 -1.10156 2.03125 -0.777344 -0.111328 -1.22656 -0.648438 -0.988281 -1.92969 1.57031 2.76562 1.03906 -0.652344 -0.175781 -0.4375 1.59375 1.375 -0.21582 -1.32812 0.703125 1.07812 -0.824219 -1.21875 0.65625 -1.0625 -0.671875 0.291016 1.125 2.15625 -0.65625 -2.57812 0.640625 -5.1875 -10.6875 -1.89062 0.351562 3.6875 3.28125 0.074707 0.828125 1.88281 1.5 0.0268555 -0.431641 0.804688 -0.902344 -2.0625 2.625 2.28125 3.25 2.21875 0.769531 0.339844 2.625 -2.6875 -1.35938 -1.07812 2.76562 -1.32031 1.45312 0.382812 2.29688 -1.5625 1.39062 0.0703125 -1.91406 0.792969 1.9375 -2.8125 -1.35156 -1.84375 1.92188 0.808594 -0.134766 2.8125 -0.269531 -0.824219 0.636719 -1.09375 0.722656 2.26562 0.466797 0.628906 1.79688 3.15625 0.22168 -3.01562 2.5625 -0.0209961 -0.847656 -0.859375 0.138672 3.04688 -0.832031 1.10938 3.76562 0.0722656 2.89062 -1.17969 0.0515137 0.820312 -0.0849609 1.28125 0.71875 -1.27344 -1.19531 2.26562 -0.886719 
-0.671875 -0.742188 0.953125 0.0991211 -0.435547 -0.625 0.371094 -0.445312 -0.128906 -0.878906 0.738281 1.25 -0.601562 -1.10938 -0.0272217 -1.17969 -0.482422 -0.976562 1.32031 -0.914062 -0.503906 -1.67188 1.125 1.125 1.35156 -0.707031 0.486328 -1.17969 -0.789062 -0.0251465 0.183594 0.507812 -1.30469 -0.769531 0.0742188 -0.135742 -0.205078 -0.0458984 -0.65625 -0.613281 0.964844 -0.609375 -0.24707 0.644531 1.04688 -0.060791 -0.0549316 1.82031 -1.42188 -1.55469 2.9375 -1.17969 -1.42969 -5.4375 -3.04688 3.34375 -1.01562 4.28125 0.679688 0.507812 -6.96875 4.09375 4.3125 5.90625 -1.48438 -1.28906 -0.261719 -0.0800781 0.414062 1.0625 0.5625 -1.65625 0.202148 -0.175781 -0.765625 0.6875 -1.51562 0.5625 -0.125 1.10156 -0.511719 0.0664062 -0.380859 1.36719 -1.01562 -0.71875 0.175781 -0.228516 -0.28125 0.546875 -0.5625 0.585938 -0.992188 -0.119629 0.601562 -0.166016 -0.539062 -0.140625 -0.275391 0.742188 -0.0366211 -1.57031 -1.21094 -0.0407715 0.373047 -1.05469 0.0581055 0.824219 -0.375 0.921875 2.01562 -0.945312 0.0830078 -1.59375 -1.34375 0.839844 3.67188 1.80469 1.96875 4.0625 -0.357422 -3.3125 3.92188 1.72656 -1.96094 1.5 3.6875 7.65625 
2.3125 1.875 1.51562 -1.96875 -1.10156 -3.32812 1.33594 -2.125 -2.625 -1.39062 0.765625 3.28125 -1.53906 -0.236328 0.304688 0 -3 -2.625 1.07812 0.472656 -2.51562 -1.70312 3.0625 -0.19043 0.0322266 -0.671875 -1.02344 -1.42969 -2.125 -0.0668945 0.162109 -0.00976562 -0.621094 -1.00781 0.363281 2.45312 0.433594 -0.585938 -0.289062 1.32031 -0.664062 -0.976562 0.726562 1.02344 -0.125 -0.202148 0.166992 2.14062 1.16406 -0.816406 1.38281 1.03906 -1.36719 -7.875 -0.229492 0.996094 1.77344 2.82812 0.0839844 0.792969 -2.8125 0.0183105 -2.79688 -0.131836 -2.29688 -3.26562 2.46875 -2.85938 -3.03125 -0.746094 -0.5625 -2.10938 -0.359375 -1.76562 -2.90625 -0.476562 -1.64062 3.17188 0.910156 1.50781 1.73438 2.45312 -0.394531 1.65625 -0.578125 -0.414062 -0.310547 -0.269531 -2.42188 0.173828 -1.61719 2.60938 1.36719 0.320312 0.546875 -1.78906 -1.39844 -1.17188 -0.863281 -0.065918 1.1875 -0.996094 -0.953125 0.279297 0.451172 -0.0908203 -1.59375 1.21094 0.320312 1.03906 -0.558594 -1.17969 1.375 -1.96875 1.11719 1.50781 -0.804688 3.59375 -5.65625 -1.98438 2.6875 0.808594 4.09375 0.503906 -3.14062 -4.125 2.54688 -2.10938 
1.25781 1.36719 -0.304688 0.789062 -0.75 -1.09375 0.429688 -0.0859375 -0.609375 -0.427734 0.808594 0.960938 -0.172852 -0.671875 -0.875 -1.36719 0.75 0.0996094 0.152344 -0.796875 -0.367188 -0.847656 1.51562 -0.828125 0.851562 -0.566406 0.597656 -0.255859 -1.86719 -0.507812 0.172852 1.13281 -0.192383 0.789062 0.621094 0.369141 0.5 -0.839844 -0.796875 -0.492188 -0.953125 -0.789062 0.0415039 -0.0219727 0.337891 0.796875 0.318359 1.27344 -1 1.02344 2.54688 1.60156 -4.21875 -3.59375 1.74219 -0.898438 -0.929688 1.28125 -9.8125 -0.921875 -3.42188 -1.85938 8.8125 -2.45312 -0.0507812 -0.835938 2.48438 -0.628906 0.0839844 -0.664062 -1.05469 -1.20312 0.0732422 -0.265625 -0.486328 0.408203 -0.632812 -0.988281 -1.24219 0.515625 -0.371094 -1.07812 0.0869141 2.07812 -0.917969 0.902344 0.231445 -0.15918 0.0148926 0.0366211 -1.21094 0.255859 -0.154297 -0.0776367 0.328125 -1.25781 0.192383 -0.00970459 -0.410156 1.05469 0.163086 -0.335938 -0.412109 0.0498047 0.617188 0.0888672 0.02771 -0.648438 -1.55469 0.898438 0.609375 -1.27344 -0.00491333 -0.359375 -1.53125 -2.76562 0.597656 0.933594 3.5625 2.09375 7.34375 -6.40625 -0.269531 9.25 8.5 -5 1.3125 0.84375 
-0.449219 -1.1875 -0.835938 -0.144531 -0.0366211 0.339844 0.792969 -0.0664062 1.0625 0.703125 0.683594 0.695312 -0.0761719 -0.0703125 -0.046875 0.539062 -0.5625 0.820312 -0.484375 -0.151367 0.882812 -0.0419922 0.0625 -1.89062 0.285156 -0.392578 0.0996094 -0.0612793 -1.04688 -0.550781 -0.0132446 0.466797 -1.17188 0.457031 0.145508 0.384766 1.49219 -0.186523 -0.964844 -0.010437 -0.365234 0.550781 -0.320312 -0.929688 0.648438 0.160156 -0.236328 -0.875 -1.14062 -0.902344 -1.02344 -0.210938 2.10938 -1.34375 -1.35156 0.228516 0.585938 -2.57812 0.699219 0.386719 1.15625 2.84375 -2.79688 2.375 0.261719 0.145508 0.375 0.451172 -0.188477 -0.431641 -0.169922 -0.400391 0.910156 1.875 -0.714844 0.0683594 -0.789062 -1.13281 -1.41406 -0.169922 -0.287109 0.119141 0.439453 0.925781 -0.65625 0.96875 -0.12207 -0.851562 0.722656 0.742188 -0.151367 -0.243164 0.523438 -0.337891 -0.435547 0.447266 0.683594 -0.535156 -0.945312 0.375 0.902344 0.375 0.126953 0.298828 1.0625 0.122559 0.466797 -0.00131226 0.0996094 -0.363281 0.133789 -1.20312 0.486328 0.246094 0.431641 0.472656 -1.10938 0.5625 1.45312 1.85156 0.617188 0.730469 -0.0380859 -2.54688 0.46875 4.625 1.41406 -2.89062 
-0.964844 -0.0195312 -1.29688 0.945312 0.104492 -1.35156 0.769531 1.47656 -2.20312 -1.0625 1.30469 1.42969 -0.128906 -1.36719 -0.757812 -0.929688 -0.474609 0.777344 -0.0820312 1.15625 -0.0908203 -0.882812 1.20312 -0.228516 0.585938 0.169922 0.200195 -0.443359 -1.04688 -0.503906 0.135742 0.519531 -0.0224609 0.5625 -0.106934 1.14062 0.773438 -1.19531 -0.839844 -0.242188 -0.882812 -0.0201416 0.0698242 0.761719 0.128906 0.0167236 0.378906 0.589844 -1.72656 0.816406 -1.92969 3.3125 -3.45312 -4.5625 1.75 -0.636719 -0.0839844 0.0161133 -3.5 -6.28125 -0.207031 -8.75 0.910156 -2.95312 -0.144531 0.761719 -0.447266 0.75 -0.135742 -0.4375 -0.496094 -1.48438 -0.202148 0.194336 -1.07812 -0.640625 -0.300781 -0.104492 -0.421875 -0.703125 -0.878906 -0.734375 -0.333984 0.917969 -0.886719 -1.71094 0.738281 -0.373047 -0.625 -0.0859375 -0.882812 1 -0.835938 0.742188 0.996094 -0.757812 -0.19043 -0.183594 -1.21094 0.235352 0.613281 -1.19531 -1.02344 -0.267578 0.211914 -0.296875 0.244141 0.265625 -0.882812 -0.816406 1.03125 -1.11719 1.04688 -1.11719 -0.0712891 -3.71875 -1.92188 2.39062 1.125 -1.35156 2.67188 -0.326172 -4.0625 5.5 4.9375 1.95312 -1.10938 3.125 
0 0 0 0 0 0 0 0 0 0 0 0 0 0 0 0 0 0 0 0 0 0 0 0 0 0 0 0 0 0 0 0 0 0 0 0 0 0 0 0 0 0 0 0 0 0 0 0 0 0 0 0 0 0 0 0 0 0 0 0 0 0 0 0 0 0 0 0 0 0 0 0 0 0 0 0 0 0 0 0 0 0 0 0 0 0 0 0 0 0 0 0 0 0 0 0 0 0 0 0 0 0 0 0 0 0 0 0 0 0 0 0 0 0 0 0 0 0 0 0 0 0 0 0 0 0 0 0 
0 0 0 0 0 0 0 0 0 0 0 0 0 0 0 0 0 0 0 0 0 0 0 0 0 0 0 0 0 0 0 0 0 0 0 0 0 0 0 0 0 0 0 0 0 0 0 0 0 0 0 0 0 0 0 0 0 0 0 0 0 0 0 0 0 0 0 0 0 0 0 0 0 0 0 0 0 0 0 0 0 0 0 0 0 0 0 0 0 0 0 0 0 0 0 0 0 0 0 0 0 0 0 0 0 0 0 0 0 0 0 0 0 0 0 0 0 0 0 0 0 0 0 0 0 0 0 0 
0 0 0 0 0 0 0 0 0 0 0 0 0 0 0 0 0 0 0 0 0 0 0 0 0 0 0 0 0 0 0 0 0 0 0 0 0 0 0 0 0 0 0 0 0 0 0 0 0 0 0 0 0 0 0 0 0 0 0 0 0 0 0 0 0 0 0 0 0 0 0 0 0 0 0 0 0 0 0 0 0 0 0 0 0 0 0 0 0 0 0 0 0 0 0 0 0 0 0 0 0 0 0 0 0 0 0 0 0 0 0 0 0 0 0 0 0 0 0 0 0 0 0 0 0 0 0 0 
0 0 0 0 0 0 0 0 0 0 0 0 0 0 0 0 0 0 0 0 0 0 0 0 0 0 0 0 0 0 0 0 0 0 0 0 0 0 0 0 0 0 0 0 0 0 0 0 0 0 0 0 0 0 0 0 0 0 0 0 0 0 0 0 0 0 0 0 0 0 0 0 0 0 0 0 0 0 0 0 0 0 0 0 0 0 0 0 0 0 0 0 0 0 0 0 0 0 0 0 0 0 0 0 0 0 0 0 0 0 0 0 0 0 0 0 0 0 0 0 0 0 0 0 0 0 0 0 
0 0 0 0 0 0 0 0 0 0 0 0 0 0 0 0 0 0 0 0 0 0 0 0 0 0 0 0 0 0 0 0 0 0 0 0 0 0 0 0 0 0 0 0 0 0 0 0 0 0 0 0 0 0 0 0 0 0 0 0 0 0 0 0 0 0 0 0 0 0 0 0 0 0 0 0 0 0 0 0 0 0 0 0 0 0 0 0 0 0 0 0 0 0 0 0 0 0 0 0 0 0 0 0 0 0 0 0 0 0 0 0 0 0 0 0 0 0 0 0 0 0 0 0 0 0 0 0 
0 0 0 0 0 0 0 0 0 0 0 0 0 0 0 0 0 0 0 0 0 0 0 0 0 0 0 0 0 0 0 0 0 0 0 0 0 0 0 0 0 0 0 0 0 0 0 0 0 0 0 0 0 0 0 0 0 0 0 0 0 0 0 0 0 0 0 0 0 0 0 0 0 0 0 0 0 0 0 0 0 0 0 0 0 0 0 0 0 0 0 0 0 0 0 0 0 0 0 0 0 0 0 0 0 0 0 0 0 0 0 0 0 0 0 0 0 0 0 0 0 0 0 0 0 0 0 0 
0 0 0 0 0 0 0 0 0 0 0 0 0 0 0 0 0 0 0 0 0 0 0 0 0 0 0 0 0 0 0 0 0 0 0 0 0 0 0 0 0 0 0 0 0 0 0 0 0 0 0 0 0 0 0 0 0 0 0 0 0 0 0 0 0 0 0 0 0 0 0 0 0 0 0 0 0 0 0 0 0 0 0 0 0 0 0 0 0 0 0 0 0 0 0 0 0 0 0 0 0 0 0 0 0 0 0 0 0 0 0 0 0 0 0 0 0 0 0 0 0 0 0 0 0 0 0 0 
0 0 0 0 0 0 0 0 0 0 0 0 0 0 0 0 0 0 0 0 0 0 0 0 0 0 0 0 0 0 0 0 0 0 0 0 0 0 0 0 0 0 0 0 0 0 0 0 0 0 0 0 0 0 0 0 0 0 0 0 0 0 0 0 0 0 0 0 0 0 0 0 0 0 0 0 0 0 0 0 0 0 0 0 0 0 0 0 0 0 0 0 0 0 0 0 0 0 0 0 0 0 0 0 0 0 0 0 0 0 0 0 0 0 0 0 0 0 0 0 0 0 0 0 0 0 0 0 
0 0 0 0 0 0 0 0 0 0 0 0 0 0 0 0 0 0 0 0 0 0 0 0 0 0 0 0 0 0 0 0 0 0 0 0 0 0 0 0 0 0 0 0 0 0 0 0 0 0 0 0 0 0 0 0 0 0 0 0 0 0 0 0 0 0 0 0 0 0 0 0 0 0 0 0 0 0 0 0 0 0 0 0 0 0 0 0 0 0 0 0 0 0 0 0 0 0 0 0 0 0 0 0 0 0 0 0 0 0 0 0 0 0 0 0 0 0 0 0 0 0 0 0 0 0 0 0 
0 0 0 0 0 0 0 0 0 0 0 0 0 0 0 0 0 0 0 0 0 0 0 0 0 0 0 0 0 0 0 0 0 0 0 0 0 0 0 0 0 0 0 0 0 0 0 0 0 0 0 0 0 0 0 0 0 0 0 0 0 0 0 0 0 0 0 0 0 0 0 0 0 0 0 0 0 0 0 0 0 0 0 0 0 0 0 0 0 0 0 0 0 0 0 0 0 0 0 0 0 0 0 0 0 0 0 0 0 0 0 0 0 0 0 0 0 0 0 0 0 0 0 0 0 0 0 0 
0 0 0 0 0 0 0 0 0 0 0 0 0 0 0 0 0 0 0 0 0 0 0 0 0 0 0 0 0 0 0 0 0 0 0 0 0 0 0 0 0 0 0 0 0 0 0 0 0 0 0 0 0 0 0 0 0 0 0 0 0 0 0 0 0 0 0 0 0 0 0 0 0 0 0 0 0 0 0 0 0 0 0 0 0 0 0 0 0 0 0 0 0 0 0 0 0 0 0 0 0 0 0 0 0 0 0 0 0 0 0 0 0 0 0 0 0 0 0 0 0 0 0 0 0 0 0 0 
0 0 0 0 0 0 0 0 0 0 0 0 0 0 0 0 0 0 0 0 0 0 0 0 0 0 0 0 0 0 0 0 0 0 0 0 0 0 0 0 0 0 0 0 0 0 0 0 0 0 0 0 0 0 0 0 0 0 0 0 0 0 0 0 0 0 0 0 0 0 0 0 0 0 0 0 0 0 0 0 0 0 0 0 0 0 0 0 0 0 0 0 0 0 0 0 0 0 0 0 0 0 0 0 0 0 0 0 0 0 0 0 0 0 0 0 0 0 0 0 0 0 0 0 0 0 0 0 
0 0 0 0 0 0 0 0 0 0 0 0 0 0 0 0 0 0 0 0 0 0 0 0 0 0 0 0 0 0 0 0 0 0 0 0 0 0 0 0 0 0 0 0 0 0 0 0 0 0 0 0 0 0 0 0 0 0 0 0 0 0 0 0 0 0 0 0 0 0 0 0 0 0 0 0 0 0 0 0 0 0 0 0 0 0 0 0 0 0 0 0 0 0 0 0 0 0 0 0 0 0 0 0 0 0 0 0 0 0 0 0 0 0 0 0 0 0 0 0 0 0 0 0 0 0 0 0 
0 0 0 0 0 0 0 0 0 0 0 0 0 0 0 0 0 0 0 0 0 0 0 0 0 0 0 0 0 0 0 0 0 0 0 0 0 0 0 0 0 0 0 0 0 0 0 0 0 0 0 0 0 0 0 0 0 0 0 0 0 0 0 0 0 0 0 0 0 0 0 0 0 0 0 0 0 0 0 0 0 0 0 0 0 0 0 0 0 0 0 0 0 0 0 0 0 0 0 0 0 0 0 0 0 0 0 0 0 0 0 0 0 0 0 0 0 0 0 0 0 0 0 0 0 0 0 0 
0 0 0 0 0 0 0 0 0 0 0 0 0 0 0 0 0 0 0 0 0 0 0 0 0 0 0 0 0 0 0 0 0 0 0 0 0 0 0 0 0 0 0 0 0 0 0 0 0 0 0 0 0 0 0 0 0 0 0 0 0 0 0 0 0 0 0 0 0 0 0 0 0 0 0 0 0 0 0 0 0 0 0 0 0 0 0 0 0 0 0 0 0 0 0 0 0 0 0 0 0 0 0 0 0 0 0 0 0 0 0 0 0 0 0 0 0 0 0 0 0 0 0 0 0 0 0 0 
0 0 0 0 0 0 0 0 0 0 0 0 0 0 0 0 0 0 0 0 0 0 0 0 0 0 0 0 0 0 0 0 0 0 0 0 0 0 0 0 0 0 0 0 0 0 0 0 0 0 0 0 0 0 0 0 0 0 0 0 0 0 0 0 0 0 0 0 0 0 0 0 0 0 0 0 0 0 0 0 0 0 0 0 0 0 0 0 0 0 0 0 0 0 0 0 0 0 0 0 0 0 0 0 0 0 0 0 0 0 0 0 0 0 0 0 0 0 0 0 0 0 0 0 0 0 0 0 
0 0 0 0 0 0 0 0 0 0 0 0 0 0 0 0 0 0 0 0 0 0 0 0 0 0 0 0 0 0 0 0 0 0 0 0 0 0 0 0 0 0 0 0 0 0 0 0 0 0 0 0 0 0 0 0 0 0 0 0 0 0 0 0 0 0 0 0 0 0 0 0 0 0 0 0 0 0 0 0 0 0 0 0 0 0 0 0 0 0 0 0 0 0 0 0 0 0 0 0 0 0 0 0 0 0 0 0 0 0 0 0 0 0 0 0 0 0 0 0 0 0 0 0 0 0 0 0 
0 0 0 0 0 0 0 0 0 0 0 0 0 0 0 0 0 0 0 0 0 0 0 0 0 0 0 0 0 0 0 0 0 0 0 0 0 0 0 0 0 0 0 0 0 0 0 0 0 0 0 0 0 0 0 0 0 0 0 0 0 0 0 0 0 0 0 0 0 0 0 0 0 0 0 0 0 0 0 0 0 0 0 0 0 0 0 0 0 0 0 0 0 0 0 0 0 0 0 0 0 0 0 0 0 0 0 0 0 0 0 0 0 0 0 0 0 0 0 0 0 0 0 0 0 0 0 0 
0 0 0 0 0 0 0 0 0 0 0 0 0 0 0 0 0 0 0 0 0 0 0 0 0 0 0 0 0 0 0 0 0 0 0 0 0 0 0 0 0 0 0 0 0 0 0 0 0 0 0 0 0 0 0 0 0 0 0 0 0 0 0 0 0 0 0 0 0 0 0 0 0 0 0 0 0 0 0 0 0 0 0 0 0 0 0 0 0 0 0 0 0 0 0 0 0 0 0 0 0 0 0 0 0 0 0 0 0 0 0 0 0 0 0 0 0 0 0 0 0 0 0 0 0 0 0 0 
0 0 0 0 0 0 0 0 0 0 0 0 0 0 0 0 0 0 0 0 0 0 0 0 0 0 0 0 0 0 0 0 0 0 0 0 0 0 0 0 0 0 0 0 0 0 0 0 0 0 0 0 0 0 0 0 0 0 0 0 0 0 0 0 0 0 0 0 0 0 0 0 0 0 0 0 0 0 0 0 0 0 0 0 0 0 0 0 0 0 0 0 0 0 0 0 0 0 0 0 0 0 0 0 0 0 0 0 0 0 0 0 0 0 0 0 0 0 0 0 0 0 0 0 0 0 0 0 
0 0 0 0 0 0 0 0 0 0 0 0 0 0 0 0 0 0 0 0 0 0 0 0 0 0 0 0 0 0 0 0 0 0 0 0 0 0 0 0 0 0 0 0 0 0 0 0 0 0 0 0 0 0 0 0 0 0 0 0 0 0 0 0 0 0 0 0 0 0 0 0 0 0 0 0 0 0 0 0 0 0 0 0 0 0 0 0 0 0 0 0 0 0 0 0 0 0 0 0 0 0 0 0 0 0 0 0 0 0 0 0 0 0 0 0 0 0 0 0 0 0 0 0 0 0 0 0 
0 0 0 0 0 0 0 0 0 0 0 0 0 0 0 0 0 0 0 0 0 0 0 0 0 0 0 0 0 0 0 0 0 0 0 0 0 0 0 0 0 0 0 0 0 0 0 0 0 0 0 0 0 0 0 0 0 0 0 0 0 0 0 0 0 0 0 0 0 0 0 0 0 0 0 0 0 0 0 0 0 0 0 0 0 0 0 0 0 0 0 0 0 0 0 0 0 0 0 0 0 0 0 0 0 0 0 0 0 0 0 0 0 0 0 0 0 0 0 0 0 0 0 0 0 0 0 0 
0 0 0 0 0 0 0 0 0 0 0 0 0 0 0 0 0 0 0 0 0 0 0 0 0 0 0 0 0 0 0 0 0 0 0 0 0 0 0 0 0 0 0 0 0 0 0 0 0 0 0 0 0 0 0 0 0 0 0 0 0 0 0 0 0 0 0 0 0 0 0 0 0 0 0 0 0 0 0 0 0 0 0 0 0 0 0 0 0 0 0 0 0 0 0 0 0 0 0 0 0 0 0 0 0 0 0 0 0 0 0 0 0 0 0 0 0 0 0 0 0 0 0 0 0 0 0 0 
0 0 0 0 0 0 0 0 0 0 0 0 0 0 0 0 0 0 0 0 0 0 0 0 0 0 0 0 0 0 0 0 0 0 0 0 0 0 0 0 0 0 0 0 0 0 0 0 0 0 0 0 0 0 0 0 0 0 0 0 0 0 0 0 0 0 0 0 0 0 0 0 0 0 0 0 0 0 0 0 0 0 0 0 0 0 0 0 0 0 0 0 0 0 0 0 0 0 0 0 0 0 0 0 0 0 0 0 0 0 0 0 0 0 0 0 0 0 0 0 0 0 0 0 0 0 0 0 
0 0 0 0 0 0 0 0 0 0 0 0 0 0 0 0 0 0 0 0 0 0 0 0 0 0 0 0 0 0 0 0 0 0 0 0 0 0 0 0 0 0 0 0 0 0 0 0 0 0 0 0 0 0 0 0 0 0 0 0 0 0 0 0 0 0 0 0 0 0 0 0 0 0 0 0 0 0 0 0 0 0 0 0 0 0 0 0 0 0 0 0 0 0 0 0 0 0 0 0 0 0 0 0 0 0 0 0 0 0 0 0 0 0 0 0 0 0 0 0 0 0 0 0 0 0 0 0 
0 0 0 0 0 0 0 0 0 0 0 0 0 0 0 0 0 0 0 0 0 0 0 0 0 0 0 0 0 0 0 0 0 0 0 0 0 0 0 0 0 0 0 0 0 0 0 0 0 0 0 0 0 0 0 0 0 0 0 0 0 0 0 0 0 0 0 0 0 0 0 0 0 0 0 0 0 0 0 0 0 0 0 0 0 0 0 0 0 0 0 0 0 0 0 0 0 0 0 0 0 0 0 0 0 0 0 0 0 0 0 0 0 0 0 0 0 0 0 0 0 0 0 0 0 0 0 0 
0 0 0 0 0 0 0 0 0 0 0 0 0 0 0 0 0 0 0 0 0 0 0 0 0 0 0 0 0 0 0 0 0 0 0 0 0 0 0 0 0 0 0 0 0 0 0 0 0 0 0 0 0 0 0 0 0 0 0 0 0 0 0 0 0 0 0 0 0 0 0 0 0 0 0 0 0 0 0 0 0 0 0 0 0 0 0 0 0 0 0 0 0 0 0 0 0 0 0 0 0 0 0 0 0 0 0 0 0 0 0 0 0 0 0 0 0 0 0 0 0 0 0 0 0 0 0 0 
0 0 0 0 0 0 0 0 0 0 0 0 0 0 0 0 0 0 0 0 0 0 0 0 0 0 0 0 0 0 0 0 0 0 0 0 0 0 0 0 0 0 0 0 0 0 0 0 0 0 0 0 0 0 0 0 0 0 0 0 0 0 0 0 0 0 0 0 0 0 0 0 0 0 0 0 0 0 0 0 0 0 0 0 0 0 0 0 0 0 0 0 0 0 0 0 0 0 0 0 0 0 0 0 0 0 0 0 0 0 0 0 0 0 0 0 0 0 0 0 0 0 0 0 0 0 0 0 
0 0 0 0 0 0 0 0 0 0 0 0 0 0 0 0 0 0 0 0 0 0 0 0 0 0 0 0 0 0 0 0 0 0 0 0 0 0 0 0 0 0 0 0 0 0 0 0 0 0 0 0 0 0 0 0 0 0 0 0 0 0 0 0 0 0 0 0 0 0 0 0 0 0 0 0 0 0 0 0 0 0 0 0 0 0 0 0 0 0 0 0 0 0 0 0 0 0 0 0 0 0 0 0 0 0 0 0 0 0 0 0 0 0 0 0 0 0 0 0 0 0 0 0 0 0 0 0 
0 0 0 0 0 0 0 0 0 0 0 0 0 0 0 0 0 0 0 0 0 0 0 0 0 0 0 0 0 0 0 0 0 0 0 0 0 0 0 0 0 0 0 0 0 0 0 0 0 0 0 0 0 0 0 0 0 0 0 0 0 0 0 0 0 0 0 0 0 0 0 0 0 0 0 0 0 0 0 0 0 0 0 0 0 0 0 0 0 0 0 0 0 0 0 0 0 0 0 0 0 0 0 0 0 0 0 0 0 0 0 0 0 0 0 0 0 0 0 0 0 0 0 0 0 0 0 0 
0 0 0 0 0 0 0 0 0 0 0 0 0 0 0 0 0 0 0 0 0 0 0 0 0 0 0 0 0 0 0 0 0 0 0 0 0 0 0 0 0 0 0 0 0 0 0 0 0 0 0 0 0 0 0 0 0 0 0 0 0 0 0 0 0 0 0 0 0 0 0 0 0 0 0 0 0 0 0 0 0 0 0 0 0 0 0 0 0 0 0 0 0 0 0 0 0 0 0 0 0 0 0 0 0 0 0 0 0 0 0 0 0 0 0 0 0 0 0 0 0 0 0 0 0 0 0 0 
0 0 0 0 0 0 0 0 0 0 0 0 0 0 0 0 0 0 0 0 0 0 0 0 0 0 0 0 0 0 0 0 0 0 0 0 0 0 0 0 0 0 0 0 0 0 0 0 0 0 0 0 0 0 0 0 0 0 0 0 0 0 0 0 0 0 0 0 0 0 0 0 0 0 0 0 0 0 0 0 0 0 0 0 0 0 0 0 0 0 0 0 0 0 0 0 0 0 0 0 0 0 0 0 0 0 0 0 0 0 0 0 0 0 0 0 0 0 0 0 0 0 0 0 0 0 0 0 
-0.695312 -0.699219 -0.0771484 0.109375 -0.140625 -0.664062 0.8125 0.0541992 -0.160156 0.253906 0.119141 1.28906 0 -0.439453 -0.201172 0.734375 0.765625 0.3125 -0.84375 1.10938 0.106445 0.457031 0.757812 -0.785156 -1.46875 0.045166 0.0043335 0.263672 0.279297 0.302734 -0.492188 -0.392578 0.226562 -0.10791 -0.382812 -0.769531 -1.46875 -0.808594 -0.457031 0.249023 -1.0625 0.855469 -0.453125 -0.0742188 0.114258 -0.527344 0.0181885 -0.376953 -0.703125 0.404297 -2.76562 1.73438 0.632812 -1.77344 -1.78906 -0.265625 -0.0673828 0.376953 -0.0756836 -1.59375 2.375 -3.39062 0.212891 -0.761719 0.277344 0.234375 0.166016 -0.166992 1.36719 0.816406 -0.640625 0.412109 -0.363281 0.365234 -0.0683594 -0.472656 -2.21875 0.137695 -0.410156 0.867188 -0.992188 -0.0795898 -0.539062 0.539062 -1.10938 0.625 1.30469 0.427734 -0.570312 -0.554688 0.306641 0.396484 0.914062 0.980469 0.636719 0.141602 0.332031 -0.412109 0.0703125 -0.980469 0.263672 -0.0415039 -1.16406 -1.34375 0.0170898 -0.0476074 0.439453 0.507812 -0.384766 -0.283203 0.118164 -0.691406 -0.314453 -0.376953 3.03125 -0.139648 2.5625 1.38281 0.139648 -2.90625 -0.0349121 -0.773438 -0.796875 4.84375 -0.628906 2.42188 0.12207 -0.910156 
-0.664062 0.269531 -1.57812 0.777344 1.55469 -0.523438 0.183594 -2.4375 -1.97656 -1.625 0.558594 0.220703 -2.51562 0.00976562 -0.287109 1.625 -0.882812 2.03125 -1.92969 -1.14062 -0.648438 1.21875 -1.6875 -1.10156 1.79688 -0.804688 1.11719 0.960938 -0.832031 -1.78906 -0.208008 1.0625 0.255859 -0.917969 -1.24219 -0.0273438 -0.0634766 -2.6875 -1.48438 0.667969 0.738281 1.40625 -2.75 -1.6875 -0.0605469 0.960938 1.01562 -0.890625 -1.27344 -2.03125 -1.17188 0.308594 2.46875 -0.431641 -2.54688 0.699219 -0.347656 1.32812 -0.527344 -0.707031 3.70312 0.816406 1.64062 0.0712891 0.0449219 1.79688 0.671875 -2.35938 -1.49219 -1.53125 0.332031 1.3125 1.20312 -0.351562 -0.554688 0.566406 1.84375 -1.21875 -0.248047 0.761719 2.96875 -0.322266 2.1875 -1.65625 0.90625 -0.0427246 1.03906 1.6875 3.35938 -2.65625 -1.79688 0.449219 0.0410156 -0.765625 3.39062 -0.402344 -0.498047 0.757812 -2.48438 -0.166992 0.25 -1.73438 0.296875 1.6875 -0.925781 -0.894531 -1.25781 -1.44531 -0.554688 0.9375 0.585938 -2.82812 -2.14062 -1.52344 0.839844 -0.851562 4.25 1.45312 0.933594 -1.03125 2.59375 -1.42188 -0.933594 -1.46875 -2.51562 3.21875 -1.35156 -1.74219 
-2.03125 -0.453125 -2.28125 1.73438 1.21094 0.980469 2.26562 0.539062 1.23438 0.0153809 -0.1875 -0.0517578 -0.882812 2.4375 -0.671875 -0.863281 0.206055 -1.5 -0.835938 0.738281 -0.421875 1.39062 -0.777344 -2.20312 -0.158203 -1.63281 -1.00781 1.4375 -0.151367 0.730469 -0.800781 0.294922 0.957031 -2.3125 -1.42188 -1.51562 -0.671875 -2.23438 0.226562 1.95312 -0.228516 2.04688 0.171875 -0.769531 0.0473633 0.777344 -0.3125 0.546875 0.225586 -4.28125 0.796875 0.761719 -0.640625 0.964844 1.0625 0.789062 -0.345703 -0.765625 2.14062 -0.621094 -2.28125 -0.302734 -2.125 -5.59375 1.66406 1.58594 1.08594 0.046875 -0.287109 -1.70312 -0.550781 -0.546875 -3.625 0.161133 3.26562 0.388672 1.27344 1.60156 -0.695312 0.457031 2.71875 -0.699219 3.07812 0.292969 -2.21875 0.122559 1.92969 1.0625 0.429688 -3.35938 -0.519531 1.60156 2.40625 -0.0380859 1.24219 0.163086 1.33594 -0.785156 -0.0164795 1.58594 -0.777344 -1.625 0.129883 0.0549316 1.17969 -2.10938 -0.341797 0.185547 1.21875 -0.427734 1.85938 -0.941406 -1.44531 -0.851562 0.277344 2.1875 0.285156 -0.6875 0.5 2.78125 -2.9375 -0.332031 -1.55469 -2.42188 3.23438 3.875 -3.28125 2.82812 
-1.5625 -2.35938 0.976562 0.425781 2.07812 3.21875 0.875 0.859375 3.09375 -0.617188 -0.496094 2.96875 -0.53125 1.17188 -0.0175781 -1.99219 -1.46875 -2.76562 1.57812 -2.82812 -0.847656 0.675781 -0.219727 0.0114746 1.16406 -1.61719 0.308594 1.89062 1.03125 -1.61719 0.0351562 0.146484 0.427734 -2.07812 -0.585938 0.0301514 -0.335938 -1.46875 -0.0114136 0.707031 0.263672 1.07812 -0.129883 -0.314453 -0.0123291 0.404297 0.194336 -0.0961914 0.102051 -2.32812 0.496094 0.332031 1.05469 1.0625 0.287109 1.75781 -0.480469 -0.535156 -1.33594 -0.558594 -0.4375 -0.898438 -3.03125 1.34375 -9.1875 -3.60938 -4.09375 4.21875 3.39062 2.39062 0.652344 -3.73438 0.40625 2.625 -2.79688 0.25 1.67969 -3.15625 2.75 -0.0507812 2.03125 -1.28906 0.871094 -1.3125 2.75 -1.17969 2.65625 2.04688 2.0625 -1.66406 -1.30469 1.46875 1.32031 -0.636719 1 -0.53125 -0.457031 -0.832031 -0.0664062 1.24219 0.259766 -0.652344 -0.511719 0.396484 0.302734 -1.39062 0.0771484 0.050293 0.0380859 -0.169922 0.3125 -0.0576172 -0.0864258 -0.695312 0.228516 1.35938 4.03125 -3.39062 0.291016 2 4.78125 5.09375 -1.89844 1.52344 1.78906 -0.279297 -6 -0.816406 
0.390625 -0.498047 -0.255859 -0.419922 0.102539 -0.308594 -0.320312 -0.5 -0.0893555 -0.738281 -0.492188 0.523438 -0.808594 -0.0800781 0.443359 0.628906 -0.828125 0.271484 -0.511719 0.417969 0.617188 0.34375 -0.451172 -1.47656 0.917969 -0.0257568 0.412109 0.0476074 1.125 -0.10791 -0.0500488 -0.570312 0.570312 -1.07812 -0.207031 -0.511719 -0.279297 -0.933594 0.423828 0.667969 -0.714844 0.675781 -0.695312 -0.523438 -0.3125 0.992188 0.380859 0.863281 -1.23438 -1.5 -1.47656 -0.233398 0.451172 -0.5625 0.396484 0.0039978 -0.707031 -0.341797 -0.00209045 0.558594 1.73438 1.97656 -1.72656 -3.14062 -0.734375 -0.992188 -1.21094 -0.287109 -0.173828 0.621094 -0.161133 -0.585938 -0.292969 -0.390625 1.21875 -0.273438 0.464844 -0.166016 -0.0869141 -0.0136719 -0.199219 0.257812 1.41406 -0.139648 -0.216797 0.0532227 -0.757812 1.13281 -0.198242 -0.0639648 -1.20312 0.341797 0.832031 -0.0454102 -0.253906 -0.53125 -0.484375 -0.625 0.195312 0.412109 0.041748 -0.138672 -0.0898438 0.034668 -0.203125 -1.05469 0.162109 0.0546875 -0.589844 -0.53125 -0.124512 -0.0883789 0.119141 -0.455078 0.515625 0.029541 1.03906 1.41406 0.357422 1.41406 0.101074 1.1875 -0.980469 -0.753906 -0.820312 -0.367188 1.08594 0.10791 
1.57031 0.632812 2.32812 -1.53125 -0.375 2.23438 0.882812 0.191406 1.51562 -0.539062 -0.494141 10.3125 -0.890625 -0.613281 -5.375 -1.70312 2.5625 -2.75 0.384766 -2.1875 0.0908203 1.6875 -1.07031 0.160156 2 -0.949219 0.742188 -1.89844 2.5625 -0.84375 1.61719 -0.464844 0.201172 -1.15625 -0.224609 0.609375 -0.910156 -0.875 -0.527344 -1.57812 -0.239258 0.625 0.251953 -0.024292 -0.757812 0.484375 -0.667969 -0.90625 1.35938 -2.54688 0.519531 -1.17188 1.57812 -0.00408936 -0.435547 -1.33594 0.707031 2.75 3.60938 2.92188 -3 1.98438 2.07812 -0.013916 -1.03125 -1.15625 -0.238281 1.94531 1.5625 2.15625 0.90625 -2.39062 1.9375 -0.462891 -0.137695 0.796875 1.14062 -0.12793 13.1875 -0.367188 -0.384766 -0.0332031 1.875 -10.9375 -0.388672 -1.5625 1.39062 1.04688 1.35938 -1.08594 -1.79688 0.045166 1.33594 -0.527344 0.914062 1.01562 -0.582031 -0.101562 0.316406 0.285156 0.296875 -0.408203 0.0981445 0.785156 -0.996094 0.337891 0.867188 1.25781 -0.574219 -0.472656 0.400391 1.24219 1.29688 1.85938 -1.74219 2.96875 4.8125 -0.233398 2.01562 -1 -0.155273 -1.60938 2.14062 -1.9375 6 -0.996094 -1.95312 -6.59375 
0.917969 0.449219 0.263672 -0.730469 0.0137939 -0.0859375 0.302734 0.408203 -0.269531 -0.165039 0.0249023 -0.300781 -0.554688 0.129883 0.408203 0.59375 -0.476562 0.773438 -0.117188 -0.109863 0.765625 0.78125 -0.71875 -0.546875 1.14062 -0.189453 -0.419922 0.425781 0.847656 0.0786133 0.138672 0.243164 -1.07031 -0.957031 -0.628906 -0.0698242 0.115723 -1.00781 0.210938 -0.100586 -0.498047 0.605469 -0.396484 -0.59375 0.0712891 0.753906 -0.237305 -0.0109863 0.433594 -0.0310059 -0.0419922 -0.460938 0.239258 -1.09375 0.155273 1.65625 -1.28125 -0.734375 2.28125 0.375 -3.125 1.25781 -2.79688 -1.48438 0.570312 -0.10791 -0.03125 -0.119141 0.00714111 0.960938 -1.03125 -0.734375 -0.251953 0.0529785 0.0546875 0.120117 0.777344 -0.167969 -0.0537109 -0.96875 1.01562 0.135742 0.226562 0.457031 0.181641 0.253906 -0.175781 0.384766 -0.173828 -0.0712891 0.0339355 0.0057373 0.103516 0.628906 0.034668 -1.17969 -0.425781 -0.0143433 -0.0810547 -0.208984 0.211914 -0.867188 -0.503906 0.308594 -0.137695 0.890625 0.746094 -0.21582 -0.613281 -0.765625 0.357422 0.488281 -1.24219 -0.867188 0.90625 -0.0131836 1.78125 1.47656 -0.800781 -1.85156 1.78906 0.0339355 -0.429688 0.11377 -0.78125 0.431641 1.625 1.64844 
-0.28125 1.21875 0.355469 -0.015625 0.144531 0.0791016 0.582031 -0.240234 -0.695312 0.376953 0.273438 -0.863281 -1.25 -0.65625 0.824219 -0.330078 0.205078 1.29688 -0.241211 -0.314453 -0.582031 0.3125 0.194336 -1.30469 0.382812 -0.216797 0.447266 0.134766 0.108887 0.945312 0.835938 -1.17188 -0.0217285 -0.972656 0.029541 -0.118652 -0.0147705 -1.25781 0.158203 0.648438 -0.251953 0.306641 -0.449219 -0.408203 -0.429688 0.828125 0.65625 0.179688 0.679688 -2.48438 -0.832031 -1.42188 1.40625 -0.425781 0.535156 2.23438 -2.5625 -1.17969 -1.45312 -1.75 -0.121094 3.73438 1.76562 -0.298828 0.116699 0.283203 0.507812 -0.0932617 -0.523438 0.796875 0.00585938 -0.376953 0.550781 -0.304688 -0.181641 -0.339844 -0.015625 -0.0498047 -0.476562 -0.0512695 -0.320312 0.222656 0.416016 0.109375 -0.239258 -0.628906 -0.964844 1.07812 0.0109863 0.243164 -0.855469 1.15625 0.667969 -0.796875 -0.332031 -0.558594 0.115723 -0.0273438 0.423828 0.194336 -0.0649414 -0.380859 -0.855469 0.273438 -0.235352 -0.773438 -0.375 0.271484 0.470703 -0.435547 -0.12793 0.558594 -0.427734 -0.507812 0.339844 0.0751953 2.32812 1.61719 -1.85938 -0.386719 2.07812 1.40625 0.808594 -1.82031 -0.078125 0.410156 2.28125 0.294922 
-1.05469 1.01562 -0.0888672 0.240234 1.07031 -0.34375 1.40625 -0.75 0.245117 -1.07812 -1.69531 0.5625 -2.03125 0.400391 0.195312 -0.322266 -2.4375 -0.0703125 -1.30469 -0.359375 -0.449219 1.92969 -0.75 -1.66406 -0.488281 -0.498047 1.46875 0.251953 -0.664062 -0.0136719 1.33594 0.141602 0.032959 1.07031 -0.65625 -1.35156 -0.145508 -0.431641 0.124023 -0.230469 -0.0795898 1.1875 -0.453125 -0.0947266 0.847656 -0.15625 0.929688 -1.875 -1.78906 -0.460938 -2.01562 1.1875 -1.24219 1.02344 -0.632812 -1.75 0.648438 -0.804688 -0.320312 -4.375 -2.35938 6.3125 -5.28125 -2.79688 0.414062 -0.0742188 0.507812 -0.225586 -0.0195312 0.550781 -0.136719 0.130859 -0.417969 0.257812 -0.222656 0.220703 0.628906 0.625 1.73438 -1.0625 1.71875 -1.9375 1.42188 -1.13281 -0.796875 -0.816406 0.644531 0.194336 -0.455078 -0.910156 -1.22656 0.75 1.99219 -1.20312 -0.0471191 -0.824219 -0.992188 -0.3125 1.07812 1.02344 -0.59375 -0.273438 -0.431641 -0.349609 -0.550781 -1.05469 1.05469 -0.417969 -0.957031 -0.474609 0.233398 0.144531 0.121582 0.328125 1.92969 0.558594 -0.96875 -5.34375 -3.84375 -0.492188 -5.71875 -0.188477 -5.65625 -0.289062 4.1875 2.125 -0.15332 -1.82031 
-1.625 -2.21875 -1.61719 -0.367188 0.523438 -0.925781 -0.464844 0.992188 -0.208984 0.695312 -0.255859 7.125 0.898438 -0.839844 -2.6875 -1.55469 0.408203 -1.97656 -0.863281 -1.10938 -0.176758 1.20312 -1.42969 -0.507812 -0.609375 -0.558594 0.902344 0.320312 1.16406 -1.3125 0.15332 0.126953 -0.140625 -0.820312 -0.0157471 0.00222778 -0.232422 -0.542969 0.621094 0.636719 0.460938 0.640625 1.35156 1.96094 -0.582031 -0.166016 1.42969 -1.82812 0.523438 -0.914062 1.33594 -4.875 -0.0732422 -2.89062 0.363281 2.625 2.51562 -2.20312 4.875 1.92188 -1.32812 1.35938 -0.914062 0.110352 -0.964844 1.78125 1.28906 -1.90625 -1.3125 2.4375 3.25 -1.79688 1.5625 -0.746094 -1.5625 5.0625 0.738281 -0.208984 5.625 1.14062 -0.492188 -0.0292969 1.15625 -12.5625 0.0849609 -0.223633 1.02344 0.832031 0.859375 -0.339844 -2.20312 0.236328 1.16406 -0.412109 0.137695 -0.671875 -0.558594 -0.824219 -0.648438 1.33594 1.125 -0.808594 0.482422 -0.703125 0.486328 -0.515625 -0.0966797 -0.773438 -2.21875 0.6875 -1.65625 0.0532227 -2.46875 1.04688 0.542969 -0.871094 5.5 -0.652344 -5.90625 0.109863 -4.625 1.32812 3.5625 -3.26562 2.46875 -2.26562 -1.71875 -9.375 
0.261719 -1.15625 -0.617188 0.0942383 0.539062 -0.695312 0.339844 0.0830078 -0.882812 0.474609 0.322266 -0.734375 -1.21875 -0.636719 0.878906 -0.324219 0.227539 1.28125 -0.257812 -0.318359 -0.574219 0.324219 0.207031 -1.32031 0.382812 -0.21875 0.451172 0.131836 0.107422 0.945312 0.835938 -1.17188 -0.0218506 -0.972656 0.0292969 -0.119141 -0.0147705 -1.25781 0.158203 0.648438 -0.251953 0.306641 -0.449219 -0.408203 -0.429688 0.828125 0.65625 0.179688 0.679688 -2.48438 -0.832031 -1.42188 1.40625 -0.425781 0.535156 2.23438 -2.5625 -1.17969 -1.45312 -1.75 -0.121094 3.73438 1.76562 -0.298828 -0.15332 0.484375 0.0546875 -0.000488281 0.0649414 0.390625 0.472656 -0.441406 0.0625 -0.0986328 -0.0693359 -0.570312 -0.289062 -0.15918 -0.361328 -0.0830078 -0.304688 0.294922 0.40625 0.100586 -0.251953 -0.625 -0.960938 1.07031 0.013855 0.242188 -0.851562 1.15625 0.667969 -0.796875 -0.330078 -0.558594 0.115723 -0.0280762 0.423828 0.194336 -0.0649414 -0.382812 -0.855469 0.273438 -0.235352 -0.773438 -0.375 0.271484 0.470703 -0.435547 -0.12793 0.558594 -0.427734 -0.507812 0.339844 0.0751953 2.32812 1.61719 -1.85938 -0.386719 2.07812 1.40625 0.808594 -1.82031 -0.078125 0.410156 2.28125 0.294922 
0.306641 -0.515625 1.19531 -0.478516 -0.0402832 0.285156 0.19043 -0.208984 -0.828125 -0.388672 -0.632812 -0.4375 -2.09375 -0.451172 -0.449219 -0.824219 0.625 0.285156 0.455078 0.163086 0.0314941 -0.820312 0.695312 -1.46875 -0.204102 0.125 0.554688 0.679688 -0.570312 0.695312 0.0688477 -0.769531 0.378906 0.769531 0.168945 -0.578125 -0.478516 -0.242188 0.365234 0.5625 -0.546875 0.824219 -0.519531 -0.53125 0.667969 0.640625 0.933594 -0.707031 -1.75781 -2.625 -1.27344 0.425781 0.192383 -1.8125 2.6875 -2.82812 -1.75 0.871094 -1.71094 -3.45312 5.21875 -1.22656 1.125 0.285156 0.199219 -0.675781 -0.445312 1.01562 0.111816 1.40625 0.503906 0.298828 0.408203 -0.135742 0.154297 0.447266 -0.492188 0.363281 0.106445 0.0371094 -2.10938 0.761719 0.761719 -0.570312 -0.785156 1.14844 0.15332 0.196289 0.546875 0.355469 -0.976562 0.0441895 1.28906 -0.757812 -0.117188 -0.703125 -0.621094 -0.992188 0.255859 0.065918 -0.890625 -0.597656 -1.0625 0.265625 -0.433594 -0.710938 0.636719 -0.120605 0.304688 -0.628906 -0.914062 -0.353516 -1.07031 -1.01562 1.76562 -0.972656 1.625 1.10938 0.933594 0.160156 -1.94531 0.6875 0.194336 -0.957031 -0.223633 1.05469 -0.839844 -2.90625 
1.75 0.761719 -0.3125 1.92969 1.375 -2.57812 -2.90625 1.95312 -1.05469 0.960938 0.328125 5.4375 0.710938 -0.792969 -3.39062 -1.65625 0.441406 -1.97656 -0.90625 -0.726562 -0.178711 1.20312 -1.44531 -0.515625 -0.613281 -0.554688 0.910156 0.320312 1.16406 -1.3125 0.15332 0.12793 -0.140625 -0.816406 -0.0153809 0.00160217 -0.233398 -0.542969 0.621094 0.636719 0.460938 0.640625 1.35156 1.96094 -0.582031 -0.166016 1.42969 -1.82812 0.523438 -0.914062 1.33594 -4.875 -0.0732422 -2.89062 0.363281 2.625 2.51562 -2.20312 4.875 1.92188 -1.32812 1.35938 -0.914062 0.110352 0.734375 -2.75 -2.04688 -0.0585938 0.324219 0.120117 1.53906 -0.625 1.17188 -0.351562 -1.54688 6.90625 0.921875 -0.349609 5.21875 0.976562 -0.458984 -0.140625 1.11719 -12.625 0.0810547 -0.201172 1.00781 0.828125 0.855469 -0.341797 -2.20312 0.237305 1.16406 -0.414062 0.137695 -0.671875 -0.558594 -0.828125 -0.648438 1.33594 1.125 -0.808594 0.482422 -0.703125 0.486328 -0.515625 -0.0966797 -0.773438 -2.21875 0.6875 -1.65625 0.0529785 -2.46875 1.04688 0.542969 -0.871094 5.5 -0.652344 -5.90625 0.109863 -4.625 1.32812 3.5625 -3.26562 2.46875 -2.26562 -1.71875 -9.375 
-0.238281 0.648438 0.261719 -0.0144043 0.0153809 -0.636719 -0.179688 0.363281 -0.765625 0.46875 0.324219 -0.539062 -1.125 -0.597656 0.921875 -0.314453 0.249023 1.25781 -0.275391 -0.322266 -0.570312 0.332031 0.21875 -1.32812 0.382812 -0.219727 0.455078 0.12793 0.105957 0.949219 0.839844 -1.17188 -0.0219727 -0.972656 0.0290527 -0.119141 -0.0147095 -1.25781 0.158203 0.648438 -0.251953 0.306641 -0.449219 -0.408203 -0.429688 0.828125 0.65625 0.179688 0.679688 -2.48438 -0.832031 -1.42188 1.40625 -0.425781 0.535156 2.23438 -2.5625 -1.17969 -1.45312 -1.75 -0.121094 3.73438 1.76562 -0.298828 0.188477 -1.07031 -0.5625 0.0927734 0.542969 -0.484375 0.554688 -0.263672 -0.445312 0.128906 0.0517578 -0.753906 -0.550781 -0.265625 -0.25 -0.114746 -0.287109 0.365234 0.394531 0.0908203 -0.265625 -0.617188 -0.960938 1.05469 0.0166016 0.241211 -0.851562 1.15625 0.667969 -0.792969 -0.328125 -0.558594 0.115723 -0.0288086 0.423828 0.194336 -0.0649414 -0.382812 -0.855469 0.273438 -0.235352 -0.773438 -0.375 0.271484 0.470703 -0.435547 -0.12793 0.558594 -0.427734 -0.507812 0.339844 0.0751953 2.32812 1.61719 -1.85938 -0.386719 2.07812 1.40625 0.808594 -1.82031 -0.078125 0.410156 2.28125 0.294922 
1.09375 0.00927734 -0.457031 0.498047 -0.263672 -0.244141 0.322266 -0.367188 0.296875 -0.765625 -0.203125 -0.457031 -0.8125 -0.248047 -0.378906 0.523438 0.261719 0.53125 -0.769531 0.835938 -0.648438 0.542969 -0.373047 -0.746094 -0.412109 0.435547 0.0673828 1.17969 -0.357422 0.875 0.0527344 -0.898438 -0.121094 0.339844 -0.122559 -0.46875 -0.150391 0.00686646 -0.0549316 0.198242 -0.527344 0.464844 -0.257812 -0.648438 0.8125 -0.632812 0.476562 -0.222656 -1.00781 0.0566406 -0.78125 0.753906 0.261719 -0.753906 0.408203 -0.515625 0.100098 0.124512 -1.14844 -3.09375 -1 1.97656 0.601562 0.400391 -0.0639648 0.248047 -0.196289 0.138672 -0.257812 0.488281 -0.398438 0.369141 0.0141602 0.472656 -0.289062 -0.84375 -0.570312 0.808594 -0.375 -0.396484 0.335938 0.328125 0.0517578 0.476562 -0.261719 -0.245117 0.34375 0.324219 -0.339844 -0.0164795 -0.115234 0.172852 0.492188 -0.53125 -0.229492 -0.032959 0.106934 0.235352 -0.400391 -0.108398 0.361328 -0.0612793 -0.441406 -0.326172 -0.382812 -0.302734 -0.259766 -0.0327148 0.433594 -0.259766 0.18457 -0.75 -0.351562 0.0854492 0.710938 -0.129883 0.820312 0.427734 0.132812 -0.582031 0.136719 -0.523438 -0.90625 -1.45312 -1.36719 -1.375 1.04688 -0.201172 
-1.82812 0.996094 1.9375 -0.25 -0.113281 -1.14062 -2.96875 1.85156 -1.53125 1.01562 0.867188 3.23438 0.492188 -0.722656 -4.03125 -1.75 0.474609 -1.96094 -0.953125 -0.328125 -0.180664 1.20312 -1.45312 -0.523438 -0.621094 -0.554688 0.921875 0.318359 1.15625 -1.3125 0.15332 0.128906 -0.139648 -0.816406 -0.0150146 0.000991821 -0.233398 -0.542969 0.621094 0.636719 0.460938 0.640625 1.35156 1.96094 -0.582031 -0.166016 1.42969 -1.82812 0.523438 -0.914062 1.33594 -4.875 -0.0737305 -2.89062 0.363281 2.625 2.51562 -2.20312 4.875 1.92188 -1.32812 1.35938 -0.914062 0.11084 -0.488281 2.65625 0.753906 1.92188 1.40625 -2.32812 -1.42969 0.875 0.371094 0.125 -1.32812 8.1875 1.04688 -0.478516 4.75 0.816406 -0.421875 -0.248047 1.07812 -12.6875 0.0766602 -0.181641 0.980469 0.824219 0.851562 -0.345703 -2.20312 0.238281 1.17188 -0.416016 0.137695 -0.671875 -0.558594 -0.828125 -0.648438 1.33594 1.125 -0.808594 0.482422 -0.703125 0.486328 -0.515625 -0.0961914 -0.773438 -2.21875 0.6875 -1.65625 0.0529785 -2.46875 1.04688 0.542969 -0.871094 5.5 -0.652344 -5.90625 0.109863 -4.625 1.32812 3.5625 -3.26562 2.46875 -2.26562 -1.71875 -9.375 
-0.316406 0.671875 -0.0478516 1.23438 -0.910156 -1.35938 -0.034668 1.35938 -0.558594 0.898438 -0.867188 -0.00366211 0.236328 -1.33594 0.335938 -0.114258 -0.933594 -0.148438 -0.25 0.574219 1.10156 0.0961914 -0.890625 0.216797 -0.535156 0.332031 1.39844 0.71875 -0.84375 -0.0117798 0.193359 -0.0227051 -0.129883 0.300781 -0.871094 -1.15625 0.144531 -0.148438 -0.177734 -0.0240479 0.5 0.263672 0.996094 -0.10791 1.03125 0.384766 0.124512 -1.33594 -0.382812 -1.14844 -1.10938 0.855469 -0.361328 -1.53125 1.8125 -1.88281 -1.0625 -0.839844 6.09375 -1.61719 6.75 -2.15625 -3.01562 -4.34375 -0.110352 -0.192383 -0.738281 -0.5 -0.851562 0.0361328 0.175781 -0.828125 1.1875 -0.304688 -0.992188 0.710938 -0.617188 0.339844 0.566406 0.257812 -0.292969 0.746094 0.914062 -0.244141 -0.648438 -0.0236816 0.0124512 -0.199219 0.859375 -1.13281 0.378906 -1.10938 1.35156 -0.707031 1.04688 -0.742188 -0.333984 -0.0913086 0.0664062 0.482422 0.22168 -0.0571289 0.785156 -0.621094 -0.511719 0.00854492 -0.0361328 -0.412109 -0.222656 -1.00781 -0.65625 -1.09375 0.46875 -0.0461426 2.53125 -1.125 -2.90625 0.142578 0.84375 2.29688 -1.82031 -0.310547 -3.09375 -6.21875 7.40625 -1.46094 -0.519531 1.17969 
-1.07812 -0.15332 0.398438 -0.21582 0.216797 -0.542969 0.515625 -0.519531 0.236328 -0.898438 -0.0849609 -0.195312 -0.664062 -0.378906 -0.326172 0.5625 0.235352 0.511719 -0.773438 0.820312 -0.644531 0.546875 -0.376953 -0.75 -0.410156 0.435547 0.0678711 1.17969 -0.357422 0.875 0.0532227 -0.898438 -0.121094 0.339844 -0.12207 -0.46875 -0.150391 0.00689697 -0.0546875 0.198242 -0.527344 0.464844 -0.257812 -0.648438 0.8125 -0.632812 0.476562 -0.222656 -1.00781 0.0566406 -0.78125 0.753906 0.261719 -0.753906 0.408203 -0.515625 0.100098 0.124512 -1.14844 -3.09375 -1 1.97656 0.601562 0.400391 0.211914 -0.194336 -0.296875 0.466797 -0.300781 -0.0288086 0.0234375 0.0185547 0.179688 0.0722656 -0.34375 -0.9375 -0.738281 0.757812 -0.421875 -0.339844 0.355469 0.357422 0.0195312 0.503906 -0.277344 -0.236328 0.337891 0.316406 -0.34375 -0.0141602 -0.115234 0.175781 0.492188 -0.53125 -0.229492 -0.0341797 0.106934 0.235352 -0.400391 -0.108887 0.361328 -0.0612793 -0.441406 -0.326172 -0.382812 -0.302734 -0.259766 -0.032959 0.433594 -0.259766 0.18457 -0.75 -0.351562 0.0854492 0.710938 -0.129883 0.820312 0.427734 0.132812 -0.582031 0.136719 -0.523438 -0.90625 -1.45312 -1.36719 -1.375 1.04688 -0.201172 
1.875 -2.375 -1.60938 -1.85938 -1.40625 1.67969 -0.601562 0.75 -1.47656 0.84375 1.28125 0.78125 0.248047 -0.632812 -4.625 -1.8125 0.503906 -1.95312 -0.996094 0.046875 -0.183594 1.21094 -1.46875 -0.535156 -0.628906 -0.550781 0.929688 0.318359 1.15625 -1.30469 0.15332 0.129883 -0.139648 -0.816406 -0.0145874 0.000366211 -0.234375 -0.542969 0.621094 0.636719 0.460938 0.640625 1.35156 1.96094 -0.582031 -0.166016 1.42969 -1.82812 0.523438 -0.914062 1.33594 -4.875 -0.0737305 -2.89062 0.363281 2.625 2.51562 -2.20312 4.875 1.92188 -1.32812 1.35938 -0.914062 0.11084 0.238281 -1.5625 1.29688 -0.550781 0.0898438 -1.98438 -3.25 1.90625 -0.558594 0.574219 -0.921875 8.6875 1.14062 -0.589844 4.15625 0.640625 -0.386719 -0.357422 1.03906 -12.6875 0.0722656 -0.160156 0.960938 0.820312 0.84375 -0.347656 -2.20312 0.239258 1.17188 -0.417969 0.137695 -0.671875 -0.558594 -0.828125 -0.648438 1.33594 1.125 -0.808594 0.482422 -0.703125 0.486328 -0.515625 -0.0961914 -0.773438 -2.21875 0.6875 -1.65625 0.0527344 -2.46875 1.04688 0.542969 -0.871094 5.5 -0.652344 -5.90625 0.110352 -4.625 1.32812 3.5625 -3.26562 2.46875 -2.26562 -1.71875 -9.375 
0.0830078 -0.683594 0.145508 0.188477 0.236328 0.263672 -0.777344 0.414062 0.0654297 -0.644531 -0.234375 0.172852 -1.17188 -0.238281 0.238281 0.106445 0.482422 0.191406 -0.447266 -0.306641 -0.458984 -0.279297 -0.15332 -1.40625 0.667969 0.283203 0.9375 0.0429688 0.353516 0.710938 -0.640625 0.145508 0.332031 0.0766602 -0.371094 -0.71875 -0.515625 -0.667969 -0.129883 -0.0407715 -0.245117 0.773438 -0.433594 -0.566406 0.261719 -0.328125 0.691406 -0.628906 -1.30469 -0.921875 -1.08594 0.757812 0.0839844 -0.304688 1.49219 -0.296875 -1.8125 -0.170898 0.722656 -2.54688 2.23438 0.976562 -0.275391 -2.23438 -0.108398 -0.429688 -0.451172 0.435547 -0.298828 -0.257812 -0.398438 0.59375 0.00683594 -0.503906 -0.886719 0.0206299 -1.92188 -0.0498047 -0.511719 -0.144531 -0.566406 0.585938 1.21875 0.1875 -0.949219 0.0698242 -0.0878906 -0.378906 0.291016 0.337891 -0.742188 0.691406 1.24219 -0.0751953 -0.0893555 -0.597656 0.0810547 -0.53125 0.0541992 -0.443359 -0.113281 -0.457031 0.045166 -0.472656 -1.14062 -0.0854492 0.180664 -0.112793 0.773438 -0.361328 -0.330078 -0.230469 -0.839844 -1.34375 1.35156 1.125 0.953125 1.07031 1.04688 0.707031 -0.652344 0.320312 -1.67969 -2.48438 -1.05469 -1.26562 -0.539062 -0.871094 
1.03906 0.238281 0.0600586 -0.429688 0.330078 -0.191406 0.285156 -0.394531 0.0942383 -0.832031 0.0458984 0.078125 -0.484375 -0.5 -0.269531 0.59375 0.208984 0.492188 -0.773438 0.8125 -0.632812 0.554688 -0.380859 -0.75 -0.408203 0.4375 0.0683594 1.17969 -0.359375 0.878906 0.0534668 -0.898438 -0.121094 0.337891 -0.12207 -0.46875 -0.150391 0.00689697 -0.0546875 0.198242 -0.527344 0.464844 -0.257812 -0.648438 0.8125 -0.632812 0.476562 -0.222656 -1.00781 0.0566406 -0.78125 0.753906 0.261719 -0.753906 0.408203 -0.515625 0.100098 0.124512 -1.14844 -3.09375 -1 1.97656 0.601562 0.400391 -0.355469 0.0678711 0.494141 -0.287109 0.169922 -0.511719 0.429688 -0.34375 0.283203 -0.347656 -0.347656 -0.953125 -0.867188 0.679688 -0.458984 -0.285156 0.371094 0.386719 -0.0126953 0.527344 -0.292969 -0.226562 0.332031 0.308594 -0.347656 -0.0117188 -0.114746 0.179688 0.490234 -0.527344 -0.228516 -0.0351562 0.106934 0.236328 -0.400391 -0.108887 0.361328 -0.0612793 -0.441406 -0.326172 -0.382812 -0.302734 -0.259766 -0.032959 0.433594 -0.259766 0.18457 -0.75 -0.351562 0.0854492 0.710938 -0.129883 0.820312 0.427734 0.132812 -0.582031 0.136719 -0.523438 -0.90625 -1.45312 -1.36719 -1.375 1.04688 -0.201172 
-1.8125 1.28906 0.148438 1.125 -1.60938 2.4375 1.11719 -1.96875 -1.40625 0.707031 0.324219 -0.453125 -1.39062 -0.275391 -12.5625 -1.28906 2.51562 -2.625 -0.0371094 -0.359375 0.137695 1.82031 -1.15625 0.105469 1.94531 -0.921875 0.78125 -1.89844 2.54688 -0.835938 1.60938 -0.470703 0.204102 -1.15625 -0.225586 0.609375 -0.910156 -0.875 -0.527344 -1.57812 -0.238281 0.625 0.251953 -0.0250244 -0.757812 0.484375 -0.667969 -0.90625 1.35938 -2.54688 0.519531 -1.17188 1.57812 -0.00405884 -0.435547 -1.33594 0.707031 2.75 3.60938 2.92188 -3 1.98438 2.07812 -0.0137329 0.484375 -0.294922 -2.32812 -2.20312 0.0625 1.92969 -0.582031 1.38281 -2.03125 0.0654297 -0.398438 10.3125 -0.398438 -0.5625 6.6875 -1.16406 0.628906 -0.835938 1.91406 -11.125 -0.375 -1.39844 1.3125 1.05469 1.4375 -1.11719 -1.78125 0.0134277 1.375 -0.535156 0.925781 1.01562 -0.582031 -0.105957 0.316406 0.287109 0.294922 -0.410156 0.097168 0.78125 -0.996094 0.337891 0.867188 1.25781 -0.574219 -0.472656 0.400391 1.24219 1.29688 1.85938 -1.74219 2.96875 4.8125 -0.233398 2.01562 -1 -0.155273 -1.60938 2.14062 -1.9375 6 -0.996094 -1.95312 -6.59375 
-0.464844 0.0615234 -0.205078 -1.03125 -0.142578 0.147461 0.339844 0.12207 -1.0625 0.185547 0.00012207 -0.839844 0.660156 0.921875 -0.871094 0.0195312 -0.40625 -0.375 -0.292969 -0.839844 0.400391 1.32812 -1.36719 -0.820312 -0.574219 -0.451172 1.32031 -0.726562 0.400391 -0.667969 0.363281 0.890625 1.23438 -0.443359 -0.208984 -0.466797 -0.796875 -0.052002 0.408203 0.941406 -0.431641 1.35156 0.185547 0.186523 0.695312 -0.0415039 0.248047 1.35156 -2.5625 3.375 -0.824219 -2.01562 -0.359375 6.125 7.375 2.53125 -3.65625 -3.54688 1.85156 2.76562 -6.0625 -1.46094 -1.5 0.898438 -0.296875 0.380859 1.25781 -0.120605 0.0419922 -0.120605 -0.820312 -0.020752 0.625 0.277344 0.0654297 0.914062 -0.53125 1 0.40625 -1.75 -0.550781 -2.5625 0.208984 0.111328 -0.390625 -2.09375 1.67188 -0.566406 0.636719 -1.35938 0.308594 0.382812 1.35938 -0.738281 1.48438 0.980469 -0.289062 -1.86719 0.53125 0.992188 -0.486328 -0.164062 -0.0639648 0.734375 0.192383 -1.08594 0.318359 0.722656 -0.761719 -0.882812 -1.02344 -1.47656 0.539062 -1.79688 0.257812 -1.17188 3.17188 -2.5625 1.05469 3.07812 -4.6875 -0.277344 0.135742 8.4375 1.44531 0.863281 0.863281 -4.0625 
0.0279541 0.351562 0.386719 0.404297 -0.34375 0.231445 1.71875 0.710938 -0.177734 0.59375 0.337891 -0.161133 -1.14062 0.136719 0.335938 -0.142578 -0.378906 -0.00390625 -0.308594 -0.0605469 -0.5 0.186523 -0.183594 -0.789062 -1.86719 -0.527344 0.761719 0.241211 -1.42969 0.212891 -0.527344 0.816406 -0.21875 1.07812 -0.125977 -0.208984 -0.5 -0.824219 -0.503906 0.289062 -0.121094 0.435547 1.47656 1.39062 0.839844 1.44531 -0.0649414 0.996094 -1.28906 -0.19043 1.75781 0.601562 1.24219 0.878906 0.824219 4.78125 0.369141 -2.73438 -2.4375 2.04688 6.625 2.09375 4.8125 -2.04688 0.120117 -0.171875 0.0332031 -0.369141 -0.15918 -0.0673828 -0.132812 1.03125 -0.71875 0.298828 -1.03125 -0.632812 -0.882812 -0.233398 -0.142578 -0.351562 -2.28125 -0.820312 0.294922 0.855469 -0.396484 -0.992188 0.699219 -0.0505371 1.1875 -1.46875 -0.363281 -0.730469 1.23438 -0.00720215 0.636719 -0.480469 -0.0756836 -0.632812 -0.65625 -0.71875 -0.917969 -0.515625 -0.235352 -0.945312 -0.15918 -0.871094 1.39062 -0.112793 -0.203125 -0.632812 -0.306641 -1.10156 -0.949219 -1.38281 -1.44531 1.26562 0.416016 -3.70312 -0.722656 5.75 -0.462891 -1.73438 7.96875 -1.9375 -0.233398 0.546875 -1.44531 1.45312 
-0.941406 -0.21875 -0.226562 0.5 -0.265625 0.503906 -0.318359 0.0805664 -0.136719 -0.466797 0.206055 0.431641 -0.209961 -0.644531 -0.185547 0.625 0.170898 0.460938 -0.773438 0.785156 -0.625 0.558594 -0.386719 -0.753906 -0.404297 0.4375 0.0688477 1.17188 -0.361328 0.878906 0.0539551 -0.898438 -0.121582 0.337891 -0.121582 -0.46875 -0.150391 0.00692749 -0.0544434 0.199219 -0.527344 0.464844 -0.257812 -0.648438 0.8125 -0.632812 0.476562 -0.222656 -1.00781 0.0566406 -0.78125 0.753906 0.261719 -0.753906 0.408203 -0.515625 0.100098 0.124512 -1.14844 -3.09375 -1 1.97656 0.601562 0.400391 -0.5625 -0.116211 -0.441406 -0.124023 0.257812 -0.203125 0.40625 -0.515625 0.263672 -0.773438 -0.285156 -0.859375 -0.96875 0.546875 -0.496094 -0.204102 0.390625 0.419922 -0.0546875 0.5625 -0.3125 -0.214844 0.328125 0.298828 -0.351562 -0.00854492 -0.114746 0.18457 0.490234 -0.527344 -0.228516 -0.0366211 0.106445 0.236328 -0.400391 -0.109375 0.361328 -0.0612793 -0.441406 -0.326172 -0.382812 -0.302734 -0.259766 -0.032959 0.433594 -0.259766 0.18457 -0.75 -0.351562 0.0854492 0.710938 -0.129883 0.820312 0.427734 0.132812 -0.582031 0.136719 -0.523438 -0.90625 -1.45312 -1.36719 -1.375 1.04688 -0.201172 
0.326172 -0.308594 0.267578 0.378906 -0.388672 -0.898438 0.558594 0.921875 -0.402344 0.925781 0.523438 -0.519531 -0.578125 -0.625 -1.41406 0.691406 -0.470703 0.980469 -1.125 -0.875 -0.0319824 1.375 0.0825195 -0.238281 -0.150391 -0.371094 -0.118164 -1.32031 -0.25 -0.65625 0.0649414 0.839844 -0.503906 -0.0854492 -0.546875 -0.147461 0.441406 -0.738281 -0.347656 -0.757812 0.115234 0.220703 1.67969 0.245117 -0.24707 1.14062 0.503906 0.408203 0.523438 1.64062 1.25 0.435547 1.375 -1.03906 0.361328 1.91406 1.23438 0.231445 0.789062 -1.88281 -2.73438 2.125 -0.609375 -1.07031 -0.227539 0.53125 -0.0283203 -0.0771484 -0.213867 0.691406 -0.287109 0.476562 0.703125 0.433594 -1.03125 -0.175781 -1.05469 0.235352 1.13281 -0.261719 -0.118164 -0.296875 -0.212891 -0.859375 0.0732422 -1.29688 0.1875 -0.550781 0.0585938 -1.55469 0.175781 -0.269531 0.165039 -0.000976562 0.53125 0.683594 0.132812 -0.046875 -0.373047 -0.382812 -1.45312 -0.800781 0.0388184 0.652344 -0.146484 0.257812 0.304688 -0.0629883 -1.01562 0.330078 0.248047 0.0966797 -1.39062 -0.992188 1.42188 1.44531 2.46875 -1.10938 -0.129883 0.103027 0.470703 -3.65625 1.28906 1.21094 0.137695 2.84375 -0.265625 1.72656 
-0.0742188 -0.894531 -0.9375 -0.53125 1.10938 -2.65625 0.59375 -1.92969 0.941406 0.451172 0.496094 -5.1875 -1.14844 -0.108398 -13.6875 -1.08594 2.42188 -2.54688 -0.164062 0.21875 0.152344 1.86719 -1.1875 0.0883789 1.91406 -0.910156 0.796875 -1.89844 2.53125 -0.835938 1.60938 -0.472656 0.205078 -1.15625 -0.226562 0.609375 -0.910156 -0.875 -0.527344 -1.57812 -0.237305 0.625 0.251953 -0.0252686 -0.757812 0.484375 -0.667969 -0.90625 1.35938 -2.54688 0.519531 -1.17188 1.57812 -0.00402832 -0.435547 -1.33594 0.707031 2.75 3.60938 2.92188 -3 1.98438 2.07812 -0.0136719 1.88281 -0.96875 2.14062 2.40625 -1.16406 1.59375 1.11719 -1.4375 -2.28125 0.546875 -0.135742 8.9375 -0.875 -0.617188 3.85938 -1.35938 0.933594 -1.07812 1.90625 -11.1875 -0.367188 -1.35156 1.28906 1.05469 1.45312 -1.125 -1.78125 0.00341797 1.38281 -0.535156 0.929688 1.00781 -0.582031 -0.107422 0.314453 0.287109 0.292969 -0.410156 0.097168 0.78125 -0.996094 0.337891 0.867188 1.25781 -0.574219 -0.472656 0.400391 1.24219 1.29688 1.85938 -1.74219 2.96875 4.8125 -0.233398 2.01562 -1 -0.155273 -1.60938 2.14062 -1.9375 6 -0.996094 -1.95312 -6.59375 
-0.146484 0.126953 0.0378418 0.0583496 0.425781 -0.182617 0.601562 -0.357422 -0.130859 0.660156 -0.125 0.582031 -0.253906 0.796875 -0.917969 -1.10938 0.427734 0.121094 0.0214844 -0.800781 -0.253906 1.07031 -1.78906 0.166016 -1.40625 -1.57031 1.74219 -0.566406 0.515625 -0.470703 1.15625 0.753906 1.14844 -0.5 -0.730469 -0.78125 -0.193359 0.0620117 0.0683594 0.5 -0.0844727 0.699219 0.652344 0.335938 0.244141 -0.0620117 0.0922852 2.03125 -3.0625 3.35938 -0.158203 -2.5 -0.00112152 4.625 -1.85156 -0.878906 -0.211914 -4.75 1.21875 0.617188 -2.54688 -4.8125 3.71875 4.96875 0.179688 -0.402344 -0.494141 0.0913086 0.558594 0.597656 0.0849609 -0.570312 -0.193359 0.15625 0.320312 0.554688 -0.90625 1.03125 -0.251953 0.3125 0.765625 -2.32812 -1.10938 0.371094 -0.490234 -0.875 2.4375 -0.245117 -1.00781 -0.960938 0.789062 -0.953125 0.142578 -0.828125 2.28125 1.50781 -0.361328 -1.32812 0.519531 0.730469 -0.664062 -1.25 0.867188 -0.769531 -0.480469 -0.480469 0.0605469 0.800781 -0.890625 0.792969 -1.10156 -0.859375 -0.425781 -1.25 -0.8125 -4.9375 4.875 -4.46875 -3.78125 2.25 -2.10938 -0.160156 2.92188 2.90625 0.832031 2.84375 -3.84375 -3.03125 
-1.16406 1.98438 -1.72656 -1.51562 0.0522461 -0.96875 0.8125 -0.337891 -0.423828 0.40625 2.54688 -1.14844 -0.0429688 0.734375 -1.36719 -1.29688 -0.652344 -1.74219 -0.988281 -1.125 -0.789062 1.5 0.240234 -0.742188 -0.910156 -2.59375 2.10938 -0.196289 1.50781 0.306641 1.03906 0.664062 -0.722656 -0.832031 0.414062 -0.482422 -0.289062 0.171875 0.644531 1.07812 -0.625 1.42969 -0.0294189 0.130859 -0.585938 0.542969 -0.339844 2.07812 -0.339844 -3.75 2.39062 -1.9375 -0.369141 -3.28125 -3.67188 1.67969 -1.07812 -0.427734 3.67188 -2.23438 -0.820312 -5.34375 3.09375 -1.28125 -0.335938 0.675781 1.08594 0.4375 -0.255859 -1.10938 2.28125 -1.3125 0.425781 0.0112305 -0.558594 0.972656 -1.57812 -1.17188 0.550781 -0.128906 -0.78125 -0.753906 0.125 -2.78125 -1.14844 -0.22168 2.59375 0.382812 0.710938 -3.21875 -0.546875 1.01562 0.3125 -0.621094 0.380859 0.0649414 -0.792969 -1.375 0.0976562 1.03125 1.11719 -0.824219 -0.0238037 -0.738281 -0.308594 -0.410156 0.166992 -0.125 0.232422 0.453125 1.67969 -2.28125 -2.625 -0.219727 3.15625 0.302734 -0.953125 -1.48438 -3.9375 1.48438 -2.23438 -0.9375 0.179688 -2.9375 3.5625 4.1875 -6.78125 -0.621094 
0.0595703 -0.0537109 -0.166016 -0.5 0.376953 -0.107422 -0.386719 -0.988281 0.609375 0.10498 0.945312 0.208008 -0.644531 0.207031 0.361328 -0.0703125 -0.03125 0.0878906 -0.332031 -0.113281 -0.484375 0.220703 -0.201172 -0.789062 -1.875 -0.507812 0.765625 0.246094 -1.4375 0.212891 -0.527344 0.816406 -0.21875 1.08594 -0.125 -0.208984 -0.5 -0.824219 -0.503906 0.289062 -0.120605 0.435547 1.47656 1.39062 0.839844 1.44531 -0.0649414 0.996094 -1.28906 -0.189453 1.75781 0.601562 1.24219 0.878906 0.824219 4.78125 0.369141 -2.73438 -2.4375 2.04688 6.625 2.09375 4.8125 -2.04688 0.108398 -0.388672 -0.349609 0.22168 0.0517578 0.214844 1.67188 0.773438 -0.425781 0.65625 -0.535156 -0.617188 -1.28125 -0.173828 -0.0510254 -0.373047 -2.3125 -0.816406 0.269531 0.851562 -0.417969 -0.984375 0.695312 -0.065918 1.15625 -1.47656 -0.357422 -0.726562 1.22656 -0.00643921 0.632812 -0.478516 -0.0761719 -0.632812 -0.65625 -0.71875 -0.917969 -0.515625 -0.235352 -0.945312 -0.15918 -0.871094 1.39062 -0.112305 -0.203125 -0.632812 -0.306641 -1.10156 -0.949219 -1.38281 -1.44531 1.26562 0.416016 -3.70312 -0.722656 5.75 -0.462891 -1.73438 7.96875 -1.9375 -0.232422 0.546875 -1.44531 1.45312 
-1.05469 -0.178711 -0.269531 -0.515625 0.178711 -0.195312 -0.289062 0.519531 -0.294922 0.353516 0.345703 0.832031 0.224609 -0.792969 -0.0527344 0.65625 0.112305 0.412109 -0.765625 0.75 -0.609375 0.566406 -0.396484 -0.761719 -0.398438 0.4375 0.0698242 1.17188 -0.363281 0.882812 0.0546875 -0.898438 -0.121582 0.337891 -0.121094 -0.46875 -0.150391 0.00695801 -0.0541992 0.199219 -0.527344 0.464844 -0.257812 -0.648438 0.8125 -0.632812 0.476562 -0.222656 -1.00781 0.0566406 -0.78125 0.753906 0.261719 -0.753906 0.408203 -0.515625 0.100098 0.124512 -1.14844 -3.09375 -1 1.97656 0.601562 0.400391 -0.283203 0.170898 0.417969 -0.0402832 -0.324219 0.507812 -0.425781 0.046875 -0.0322266 -0.832031 -0.0722656 -0.484375 -0.964844 0.302734 -0.53125 -0.0810547 0.410156 0.46875 -0.119141 0.609375 -0.339844 -0.195312 0.318359 0.285156 -0.355469 -0.00390625 -0.114258 0.192383 0.488281 -0.523438 -0.228516 -0.0385742 0.106445 0.236328 -0.400391 -0.109375 0.361328 -0.0612793 -0.441406 -0.326172 -0.382812 -0.302734 -0.259766 -0.0332031 0.433594 -0.259766 0.18457 -0.75 -0.351562 0.0854492 0.710938 -0.129883 0.820312 0.427734 0.132812 -0.582031 0.136719 -0.523438 -0.90625 -1.45312 -1.36719 -1.375 1.04688 -0.201172 
-0.171875 -0.175781 0.234375 0.0195312 0.503906 0.224609 -0.5 -1.35938 -0.496094 -0.523438 1.4375 -0.765625 -0.139648 0.984375 -1.65625 0.191406 -1.46875 0.777344 -0.664062 0.652344 0.24707 0.945312 -0.233398 -0.851562 -1.46094 -1.21875 1.10156 -0.371094 -0.777344 -1.89062 0.0644531 0.332031 -1.08594 1.21094 -0.294922 -0.597656 -0.679688 -0.992188 -0.00314331 0.617188 -1.3125 0.408203 1.21875 0.542969 0.458984 1.72656 0.894531 4 -1.5625 -2.5 0.945312 -1.78906 -0.320312 -0.345703 -0.824219 5.40625 -0.816406 -1.99219 1.35938 4.78125 4 2.28125 -1.3125 -4.34375 -0.660156 -0.976562 0.0229492 0.683594 -1.29688 -0.402344 0.753906 0.369141 -1.29688 1.8125 -0.285156 0.050293 0.300781 -0.578125 1.32812 -0.402344 -1.52344 -1.03906 -0.271484 -0.253906 -0.675781 -1.8125 0.675781 1.03125 0.640625 -2.53125 0.359375 -0.102539 1.98438 -0.988281 1.17969 0.289062 -0.0200195 -0.419922 -0.294922 1.23438 -1.07031 -0.535156 0.796875 0.617188 0.117676 -0.789062 1.73438 -0.179688 0.582031 -0.863281 1.63281 -1.54688 -2.0625 -0.0839844 3.84375 2.45312 -0.597656 -5.15625 -3.9375 3.57812 -3.84375 -1.47656 2.1875 0.462891 2.5625 -0.341797 -0.832031 4.9375 
0 0 0 0 0 0 0 0 0 0 0 0 0 0 0 0 0 0 0 0 0 0 0 0 0 0 0 0 0 0 0 0 0 0 0 0 0 0 0 0 0 0 0 0 0 0 0 0 0 0 0 0 0 0 0 0 0 0 0 0 0 0 0 0 0 0 0 0 0 0 0 0 0 0 0 0 0 0 0 0 0 0 0 0 0 0 0 0 0 0 0 0 0 0 0 0 0 0 0 0 0 0 0 0 0 0 0 0 0 0 0 0 0 0 0 0 0 0 0 0 0 0 0 0 0 0 0 0 
0 0 0 0 0 0 0 0 0 0 0 0 0 0 0 0 0 0 0 0 0 0 0 0 0 0 0 0 0 0 0 0 0 0 0 0 0 0 0 0 0 0 0 0 0 0 0 0 0 0 0 0 0 0 0 0 0 0 0 0 0 0 0 0 0 0 0 0 0 0 0 0 0 0 0 0 0 0 0 0 0 0 0 0 0 0 0 0 0 0 0 0 0 0 0 0 0 0 0 0 0 0 0 0 0 0 0 0 0 0 0 0 0 0 0 0 0 0 0 0 0 0 0 0 0 0 0 0 
0 0 0 0 0 0 0 0 0 0 0 0 0 0 0 0 0 0 0 0 0 0 0 0 0 0 0 0 0 0 0 0 0 0 0 0 0 0 0 0 0 0 0 0 0 0 0 0 0 0 0 0 0 0 0 0 0 0 0 0 0 0 0 0 0 0 0 0 0 0 0 0 0 0 0 0 0 0 0 0 0 0 0 0 0 0 0 0 0 0 0 0 0 0 0 0 0 0 0 0 0 0 0 0 0 0 0 0 0 0 0 0 0 0 0 0 0 0 0 0 0 0 0 0 0 0 0 0 
0 0 0 0 0 0 0 0 0 0 0 0 0 0 0 0 0 0 0 0 0 0 0 0 0 0 0 0 0 0 0 0 0 0 0 0 0 0 0 0 0 0 0 0 0 0 0 0 0 0 0 0 0 0 0 0 0 0 0 0 0 0 0 0 0 0 0 0 0 0 0 0 0 0 0 0 0 0 0 0 0 0 0 0 0 0 0 0 0 0 0 0 0 0 0 0 0 0 0 0 0 0 0 0 0 0 0 0 0 0 0 0 0 0 0 0 0 0 0 0 0 0 0 0 0 0 0 0 
0 0 0 0 0 0 0 0 0 0 0 0 0 0 0 0 0 0 0 0 0 0 0 0 0 0 0 0 0 0 0 0 0 0 0 0 0 0 0 0 0 0 0 0 0 0 0 0 0 0 0 0 0 0 0 0 0 0 0 0 0 0 0 0 0 0 0 0 0 0 0 0 0 0 0 0 0 0 0 0 0 0 0 0 0 0 0 0 0 0 0 0 0 0 0 0 0 0 0 0 0 0 0 0 0 0 0 0 0 0 0 0 0 0 0 0 0 0 0 0 0 0 0 0 0 0 0 0 
0 0 0 0 0 0 0 0 0 0 0 0 0 0 0 0 0 0 0 0 0 0 0 0 0 0 0 0 0 0 0 0 0 0 0 0 0 0 0 0 0 0 0 0 0 0 0 0 0 0 0 0 0 0 0 0 0 0 0 0 0 0 0 0 0 0 0 0 0 0 0 0 0 0 0 0 0 0 0 0 0 0 0 0 0 0 0 0 0 0 0 0 0 0 0 0 0 0 0 0 0 0 0 0 0 0 0 0 0 0 0 0 0 0 0 0 0 0 0 0 0 0 0 0 0 0 0 0 
0 0 0 0 0 0 0 0 0 0 0 0 0 0 0 0 0 0 0 0 0 0 0 0 0 0 0 0 0 0 0 0 0 0 0 0 0 0 0 0 0 0 0 0 0 0 0 0 0 0 0 0 0 0 0 0 0 0 0 0 0 0 0 0 0 0 0 0 0 0 0 0 0 0 0 0 0 0 0 0 0 0 0 0 0 0 0 0 0 0 0 0 0 0 0 0 0 0 0 0 0 0 0 0 0 0 0 0 0 0 0 0 0 0 0 0 0 0 0 0 0 0 0 0 0 0 0 0 
0 0 0 0 0 0 0 0 0 0 0 0 0 0 0 0 0 0 0 0 0 0 0 0 0 0 0 0 0 0 0 0 0 0 0 0 0 0 0 0 0 0 0 0 0 0 0 0 0 0 0 0 0 0 0 0 0 0 0 0 0 0 0 0 0 0 0 0 0 0 0 0 0 0 0 0 0 0 0 0 0 0 0 0 0 0 0 0 0 0 0 0 0 0 0 0 0 0 0 0 0 0 0 0 0 0 0 0 0 0 0 0 0 0 0 0 0 0 0 0 0 0 0 0 0 0 0 0 
0 0 0 0 0 0 0 0 0 0 0 0 0 0 0 0 0 0 0 0 0 0 0 0 0 0 0 0 0 0 0 0 0 0 0 0 0 0 0 0 0 0 0 0 0 0 0 0 0 0 0 0 0 0 0 0 0 0 0 0 0 0 0 0 0 0 0 0 0 0 0 0 0 0 0 0 0 0 0 0 0 0 0 0 0 0 0 0 0 0 0 0 0 0 0 0 0 0 0 0 0 0 0 0 0 0 0 0 0 0 0 0 0 0 0 0 0 0 0 0 0 0 0 0 0 0 0 0 
0 0 0 0 0 0 0 0 0 0 0 0 0 0 0 0 0 0 0 0 0 0 0 0 0 0 0 0 0 0 0 0 0 0 0 0 0 0 0 0 0 0 0 0 0 0 0 0 0 0 0 0 0 0 0 0 0 0 0 0 0 0 0 0 0 0 0 0 0 0 0 0 0 0 0 0 0 0 0 0 0 0 0 0 0 0 0 0 0 0 0 0 0 0 0 0 0 0 0 0 0 0 0 0 0 0 0 0 0 0 0 0 0 0 0 0 0 0 0 0 0 0 0 0 0 0 0 0 
0 0 0 0 0 0 0 0 0 0 0 0 0 0 0 0 0 0 0 0 0 0 0 0 0 0 0 0 0 0 0 0 0 0 0 0 0 0 0 0 0 0 0 0 0 0 0 0 0 0 0 0 0 0 0 0 0 0 0 0 0 0 0 0 0 0 0 0 0 0 0 0 0 0 0 0 0 0 0 0 0 0 0 0 0 0 0 0 0 0 0 0 0 0 0 0 0 0 0 0 0 0 0 0 0 0 0 0 0 0 0 0 0 0 0 0 0 0 0 0 0 0 0 0 0 0 0 0 
0 0 0 0 0 0 0 0 0 0 0 0 0 0 0 0 0 0 0 0 0 0 0 0 0 0 0 0 0 0 0 0 0 0 0 0 0 0 0 0 0 0 0 0 0 0 0 0 0 0 0 0 0 0 0 0 0 0 0 0 0 0 0 0 0 0 0 0 0 0 0 0 0 0 0 0 0 0 0 0 0 0 0 0 0 0 0 0 0 0 0 0 0 0 0 0 0 0 0 0 0 0 0 0 0 0 0 0 0 0 0 0 0 0 0 0 0 0 0 0 0 0 0 0 0 0 0 0 
0 0 0 0 0 0 0 0 0 0 0 0 0 0 0 0 0 0 0 0 0 0 0 0 0 0 0 0 0 0 0 0 0 0 0 0 0 0 0 0 0 0 0 0 0 0 0 0 0 0 0 0 0 0 0 0 0 0 0 0 0 0 0 0 0 0 0 0 0 0 0 0 0 0 0 0 0 0 0 0 0 0 0 0 0 0 0 0 0 0 0 0 0 0 0 0 0 0 0 0 0 0 0 0 0 0 0 0 0 0 0 0 0 0 0 0 0 0 0 0 0 0 0 0 0 0 0 0 
0 0 0 0 0 0 0 0 0 0 0 0 0 0 0 0 0 0 0 0 0 0 0 0 0 0 0 0 0 0 0 0 0 0 0 0 0 0 0 0 0 0 0 0 0 0 0 0 0 0 0 0 0 0 0 0 0 0 0 0 0 0 0 0 0 0 0 0 0 0 0 0 0 0 0 0 0 0 0 0 0 0 0 0 0 0 0 0 0 0 0 0 0 0 0 0 0 0 0 0 0 0 0 0 0 0 0 0 0 0 0 0 0 0 0 0 0 0 0 0 0 0 0 0 0 0 0 0 
0 0 0 0 0 0 0 0 0 0 0 0 0 0 0 0 0 0 0 0 0 0 0 0 0 0 0 0 0 0 0 0 0 0 0 0 0 0 0 0 0 0 0 0 0 0 0 0 0 0 0 0 0 0 0 0 0 0 0 0 0 0 0 0 0 0 0 0 0 0 0 0 0 0 0 0 0 0 0 0 0 0 0 0 0 0 0 0 0 0 0 0 0 0 0 0 0 0 0 0 0 0 0 0 0 0 0 0 0 0 0 0 0 0 0 0 0 0 0 0 0 0 0 0 0 0 0 0 
0 0 0 0 0 0 0 0 0 0 0 0 0 0 0 0 0 0 0 0 0 0 0 0 0 0 0 0 0 0 0 0 0 0 0 0 0 0 0 0 0 0 0 0 0 0 0 0 0 0 0 0 0 0 0 0 0 0 0 0 0 0 0 0 0 0 0 0 0 0 0 0 0 0 0 0 0 0 0 0 0 0 0 0 0 0 0 0 0 0 0 0 0 0 0 0 0 0 0 0 0 0 0 0 0 0 0 0 0 0 0 0 0 0 0 0 0 0 0 0 0 0 0 0 0 0 0 0 
0 0 0 0 0 0 0 0 0 0 0 0 0 0 0 0 0 0 0 0 0 0 0 0 0 0 0 0 0 0 0 0 0 0 0 0 0 0 0 0 0 0 0 0 0 0 0 0 0 0 0 0 0 0 0 0 0 0 0 0 0 0 0 0 0 0 0 0 0 0 0 0 0 0 0 0 0 0 0 0 0 0 0 0 0 0 0 0 0 0 0 0 0 0 0 0 0 0 0 0 0 0 0 0 0 0 0 0 0 0 0 0 0 0 0 0 0 0 0 0 0 0 0 0 0 0 0 0 
0 0 0 0 0 0 0 0 0 0 0 0 0 0 0 0 0 0 0 0 0 0 0 0 0 0 0 0 0 0 0 0 0 0 0 0 0 0 0 0 0 0 0 0 0 0 0 0 0 0 0 0 0 0 0 0 0 0 0 0 0 0 0 0 0 0 0 0 0 0 0 0 0 0 0 0 0 0 0 0 0 0 0 0 0 0 0 0 0 0 0 0 0 0 0 0 0 0 0 0 0 0 0 0 0 0 0 0 0 0 0 0 0 0 0 0 0 0 0 0 0 0 0 0 0 0 0 0 
0 0 0 0 0 0 0 0 0 0 0 0 0 0 0 0 0 0 0 0 0 0 0 0 0 0 0 0 0 0 0 0 0 0 0 0 0 0 0 0 0 0 0 0 0 0 0 0 0 0 0 0 0 0 0 0 0 0 0 0 0 0 0 0 0 0 0 0 0 0 0 0 0 0 0 0 0 0 0 0 0 0 0 0 0 0 0 0 0 0 0 0 0 0 0 0 0 0 0 0 0 0 0 0 0 0 0 0 0 0 0 0 0 0 0 0 0 0 0 0 0 0 0 0 0 0 0 0 
0 0 0 0 0 0 0 0 0 0 0 0 0 0 0 0 0 0 0 0 0 0 0 0 0 0 0 0 0 0 0 0 0 0 0 0 0 0 0 0 0 0 0 0 0 0 0 0 0 0 0 0 0 0 0 0 0 0 0 0 0 0 0 0 0 0 0 0 0 0 0 0 0 0 0 0 0 0 0 0 0 0 0 0 0 0 0 0 0 0 0 0 0 0 0 0 0 0 0 0 0 0 0 0 0 0 0 0 0 0 0 0 0 0 0 0 0 0 0 0 0 0 0 0 0 0 0 0 
0 0 0 0 0 0 0 0 0 0 0 0 0 0 0 0 0 0 0 0 0 0 0 0 0 0 0 0 0 0 0 0 0 0 0 0 0 0 0 0 0 0 0 0 0 0 0 0 0 0 0 0 0 0 0 0 0 0 0 0 0 0 0 0 0 0 0 0 0 0 0 0 0 0 0 0 0 0 0 0 0 0 0 0 0 0 0 0 0 0 0 0 0 0 0 0 0 0 0 0 0 0 0 0 0 0 0 0 0 0 0 0 0 0 0 0 0 0 0 0 0 0 0 0 0 0 0 0 
0 0 0 0 0 0 0 0 0 0 0 0 0 0 0 0 0 0 0 0 0 0 0 0 0 0 0 0 0 0 0 0 0 0 0 0 0 0 0 0 0 0 0 0 0 0 0 0 0 0 0 0 0 0 0 0 0 0 0 0 0 0 0 0 0 0 0 0 0 0 0 0 0 0 0 0 0 0 0 0 0 0 0 0 0 0 0 0 0 0 0 0 0 0 0 0 0 0 0 0 0 0 0 0 0 0 0 0 0 0 0 0 0 0 0 0 0 0 0 0 0 0 0 0 0 0 0 0 
0 0 0 0 0 0 0 0 0 0 0 0 0 0 0 0 0 0 0 0 0 0 0 0 0 0 0 0 0 0 0 0 0 0 0 0 0 0 0 0 0 0 0 0 0 0 0 0 0 0 0 0 0 0 0 0 0 0 0 0 0 0 0 0 0 0 0 0 0 0 0 0 0 0 0 0 0 0 0 0 0 0 0 0 0 0 0 0 0 0 0 0 0 0 0 0 0 0 0 0 0 0 0 0 0 0 0 0 0 0 0 0 0 0 0 0 0 0 0 0 0 0 0 0 0 0 0 0 
0 0 0 0 0 0 0 0 0 0 0 0 0 0 0 0 0 0 0 0 0 0 0 0 0 0 0 0 0 0 0 0 0 0 0 0 0 0 0 0 0 0 0 0 0 0 0 0 0 0 0 0 0 0 0 0 0 0 0 0 0 0 0 0 0 0 0 0 0 0 0 0 0 0 0 0 0 0 0 0 0 0 0 0 0 0 0 0 0 0 0 0 0 0 0 0 0 0 0 0 0 0 0 0 0 0 0 0 0 0 0 0 0 0 0 0 0 0 0 0 0 0 0 0 0 0 0 0 
0 0 0 0 0 0 0 0 0 0 0 0 0 0 0 0 0 0 0 0 0 0 0 0 0 0 0 0 0 0 0 0 0 0 0 0 0 0 0 0 0 0 0 0 0 0 0 0 0 0 0 0 0 0 0 0 0 0 0 0 0 0 0 0 0 0 0 0 0 0 0 0 0 0 0 0 0 0 0 0 0 0 0 0 0 0 0 0 0 0 0 0 0 0 0 0 0 0 0 0 0 0 0 0 0 0 0 0 0 0 0 0 0 0 0 0 0 0 0 0 0 0 0 0 0 0 0 0 
0 0 0 0 0 0 0 0 0 0 0 0 0 0 0 0 0 0 0 0 0 0 0 0 0 0 0 0 0 0 0 0 0 0 0 0 0 0 0 0 0 0 0 0 0 0 0 0 0 0 0 0 0 0 0 0 0 0 0 0 0 0 0 0 0 0 0 0 0 0 0 0 0 0 0 0 0 0 0 0 0 0 0 0 0 0 0 0 0 0 0 0 0 0 0 0 0 0 0 0 0 0 0 0 0 0 0 0 0 0 0 0 0 0 0 0 0 0 0 0 0 0 0 0 0 0 0 0 
0 0 0 0 0 0 0 0 0 0 0 0 0 0 0 0 0 0 0 0 0 0 0 0 0 0 0 0 0 0 0 0 0 0 0 0 0 0 0 0 0 0 0 0 0 0 0 0 0 0 0 0 0 0 0 0 0 0 0 0 0 0 0 0 0 0 0 0 0 0 0 0 0 0 0 0 0 0 0 0 0 0 0 0 0 0 0 0 0 0 0 0 0 0 0 0 0 0 0 0 0 0 0 0 0 0 0 0 0 0 0 0 0 0 0 0 0 0 0 0 0 0 0 0 0 0 0 0 
0 0 0 0 0 0 0 0 0 0 0 0 0 0 0 0 0 0 0 0 0 0 0 0 0 0 0 0 0 0 0 0 0 0 0 0 0 0 0 0 0 0 0 0 0 0 0 0 0 0 0 0 0 0 0 0 0 0 0 0 0 0 0 0 0 0 0 0 0 0 0 0 0 0 0 0 0 0 0 0 0 0 0 0 0 0 0 0 0 0 0 0 0 0 0 0 0 0 0 0 0 0 0 0 0 0 0 0 0 0 0 0 0 0 0 0 0 0 0 0 0 0 0 0 0 0 0 0 
0 0 0 0 0 0 0 0 0 0 0 0 0 0 0 0 0 0 0 0 0 0 0 0 0 0 0 0 0 0 0 0 0 0 0 0 0 0 0 0 0 0 0 0 0 0 0 0 0 0 0 0 0 0 0 0 0 0 0 0 0 0 0 0 0 0 0 0 0 0 0 0 0 0 0 0 0 0 0 0 0 0 0 0 0 0 0 0 0 0 0 0 0 0 0 0 0 0 0 0 0 0 0 0 0 0 0 0 0 0 0 0 0 0 0 0 0 0 0 0 0 0 0 0 0 0 0 0 
0 0 0 0 0 0 0 0 0 0 0 0 0 0 0 0 0 0 0 0 0 0 0 0 0 0 0 0 0 0 0 0 0 0 0 0 0 0 0 0 0 0 0 0 0 0 0 0 0 0 0 0 0 0 0 0 0 0 0 0 0 0 0 0 0 0 0 0 0 0 0 0 0 0 0 0 0 0 0 0 0 0 0 0 0 0 0 0 0 0 0 0 0 0 0 0 0 0 0 0 0 0 0 0 0 0 0 0 0 0 0 0 0 0 0 0 0 0 0 0 0 0 0 0 0 0 0 0 
0 0 0 0 0 0 0 0 0 0 0 0 0 0 0 0 0 0 0 0 0 0 0 0 0 0 0 0 0 0 0 0 0 0 0 0 0 0 0 0 0 0 0 0 0 0 0 0 0 0 0 0 0 0 0 0 0 0 0 0 0 0 0 0 0 0 0 0 0 0 0 0 0 0 0 0 0 0 0 0 0 0 0 0 0 0 0 0 0 0 0 0 0 0 0 0 0 0 0 0 0 0 0 0 0 0 0 0 0 0 0 0 0 0 0 0 0 0 0 0 0 0 0 0 0 0 0 0 
0 0 0 0 0 0 0 0 0 0 0 0 0 0 0 0 0 0 0 0 0 0 0 0 0 0 0 0 0 0 0 0 0 0 0 0 0 0 0 0 0 0 0 0 0 0 0 0 0 0 0 0 0 0 0 0 0 0 0 0 0 0 0 0 0 0 0 0 0 0 0 0 0 0 0 0 0 0 0 0 0 0 0 0 0 0 0 0 0 0 0 0 0 0 0 0 0 0 0 0 0 0 0 0 0 0 0 0 0 0 0 0 0 0 0 0 0 0 0 0 0 0 0 0 0 0 0 0 
0 0 0 0 0 0 0 0 0 0 0 0 0 0 0 0 0 0 0 0 0 0 0 0 0 0 0 0 0 0 0 0 0 0 0 0 0 0 0 0 0 0 0 0 0 0 0 0 0 0 0 0 0 0 0 0 0 0 0 0 0 0 0 0 0 0 0 0 0 0 0 0 0 0 0 0 0 0 0 0 0 0 0 0 0 0 0 0 0 0 0 0 0 0 0 0 0 0 0 0 0 0 0 0 0 0 0 0 0 0 0 0 0 0 0 0 0 0 0 0 0 0 0 0 0 0 0 0 
0 0 0 0 0 0 0 0 0 0 0 0 0 0 0 0 0 0 0 0 0 0 0 0 0 0 0 0 0 0 0 0 0 0 0 0 0 0 0 0 0 0 0 0 0 0 0 0 0 0 0 0 0 0 0 0 0 0 0 0 0 0 0 0 0 0 0 0 0 0 0 0 0 0 0 0 0 0 0 0 0 0 0 0 0 0 0 0 0 0 0 0 0 0 0 0 0 0 0 0 0 0 0 0 0 0 0 0 0 0 0 0 0 0 0 0 0 0 0 0 0 0 0 0 0 0 0 0 
0 0 0 0 0 0 0 0 0 0 0 0 0 0 0 0 0 0 0 0 0 0 0 0 0 0 0 0 0 0 0 0 0 0 0 0 0 0 0 0 0 0 0 0 0 0 0 0 0 0 0 0 0 0 0 0 0 0 0 0 0 0 0 0 0 0 0 0 0 0 0 0 0 0 0 0 0 0 0 0 0 0 0 0 0 0 0 0 0 0 0 0 0 0 0 0 0 0 0 0 0 0 0 0 0 0 0 0 0 0 0 0 0 0 0 0 0 0 0 0 0 0 0 0 0 0 0 0 
0 0 0 0 0 0 0 0 0 0 0 0 0 0 0 0 0 0 0 0 0 0 0 0 0 0 0 0 0 0 0 0 0 0 0 0 0 0 0 0 0 0 0 0 0 0 0 0 0 0 0 0 0 0 0 0 0 0 0 0 0 0 0 0 0 0 0 0 0 0 0 0 0 0 0 0 0 0 0 0 0 0 0 0 0 0 0 0 0 0 0 0 0 0 0 0 0 0 0 0 0 0 0 0 0 0 0 0 0 0 0 0 0 0 0 0 0 0 0 0 0 0 0 0 0 0 0 0 
0 0 0 0 0 0 0 0 0 0 0 0 0 0 0 0 0 0 0 0 0 0 0 0 0 0 0 0 0 0 0 0 0 0 0 0 0 0 0 0 0 0 0 0 0 0 0 0 0 0 0 0 0 0 0 0 0 0 0 0 0 0 0 0 0 0 0 0 0 0 0 0 0 0 0 0 0 0 0 0 0 0 0 0 0 0 0 0 0 0 0 0 0 0 0 0 0 0 0 0 0 0 0 0 0 0 0 0 0 0 0 0 0 0 0 0 0 0 0 0 0 0 0 0 0 0 0 0 
0 0 0 0 0 0 0 0 0 0 0 0 0 0 0 0 0 0 0 0 0 0 0 0 0 0 0 0 0 0 0 0 0 0 0 0 0 0 0 0 0 0 0 0 0 0 0 0 0 0 0 0 0 0 0 0 0 0 0 0 0 0 0 0 0 0 0 0 0 0 0 0 0 0 0 0 0 0 0 0 0 0 0 0 0 0 0 0 0 0 0 0 0 0 0 0 0 0 0 0 0 0 0 0 0 0 0 0 0 0 0 0 0 0 0 0 0 0 0 0 0 0 0 0 0 0 0 0 
0 0 0 0 0 0 0 0 0 0 0 0 0 0 0 0 0 0 0 0 0 0 0 0 0 0 0 0 0 0 0 0 0 0 0 0 0 0 0 0 0 0 0 0 0 0 0 0 0 0 0 0 0 0 0 0 0 0 0 0 0 0 0 0 0 0 0 0 0 0 0 0 0 0 0 0 0 0 0 0 0 0 0 0 0 0 0 0 0 0 0 0 0 0 0 0 0 0 0 0 0 0 0 0 0 0 0 0 0 0 0 0 0 0 0 0 0 0 0 0 0 0 0 0 0 0 0 0 
0 0 0 0 0 0 0 0 0 0 0 0 0 0 0 0 0 0 0 0 0 0 0 0 0 0 0 0 0 0 0 0 0 0 0 0 0 0 0 0 0 0 0 0 0 0 0 0 0 0 0 0 0 0 0 0 0 0 0 0 0 0 0 0 0 0 0 0 0 0 0 0 0 0 0 0 0 0 0 0 0 0 0 0 0 0 0 0 0 0 0 0 0 0 0 0 0 0 0 0 0 0 0 0 0 0 0 0 0 0 0 0 0 0 0 0 0 0 0 0 0 0 0 0 0 0 0 0 
0 0 0 0 0 0 0 0 0 0 0 0 0 0 0 0 0 0 0 0 0 0 0 0 0 0 0 0 0 0 0 0 0 0 0 0 0 0 0 0 0 0 0 0 0 0 0 0 0 0 0 0 0 0 0 0 0 0 0 0 0 0 0 0 0 0 0 0 0 0 0 0 0 0 0 0 0 0 0 0 0 0 0 0 0 0 0 0 0 0 0 0 0 0 0 0 0 0 0 0 0 0 0 0 0 0 0 0 0 0 0 0 0 0 0 0 0 0 0 0 0 0 0 0 0 0 0 0 
0 0 0 0 0 0 0 0 0 0 0 0 0 0 0 0 0 0 0 0 0 0 0 0 0 0 0 0 0 0 0 0 0 0 0 0 0 0 0 0 0 0 0 0 0 0 0 0 0 0 0 0 0 0 0 0 0 0 0 0 0 0 0 0 0 0 0 0 0 0 0 0 0 0 0 0 0 0 0 0 0 0 0 0 0 0 0 0 0 0 0 0 0 0 0 0 0 0 0 0 0 0 0 0 0 0 0 0 0 0 0 0 0 0 0 0 0 0 0 0 0 0 0 0 0 0 0 0 
0 0 0 0 0 0 0 0 0 0 0 0 0 0 0 0 0 0 0 0 0 0 0 0 0 0 0 0 0 0 0 0 0 0 0 0 0 0 0 0 0 0 0 0 0 0 0 0 0 0 0 0 0 0 0 0 0 0 0 0 0 0 0 0 0 0 0 0 0 0 0 0 0 0 0 0 0 0 0 0 0 0 0 0 0 0 0 0 0 0 0 0 0 0 0 0 0 0 0 0 0 0 0 0 0 0 0 0 0 0 0 0 0 0 0 0 0 0 0 0 0 0 0 0 0 0 0 0 
0 0 0 0 0 0 0 0 0 0 0 0 0 0 0 0 0 0 0 0 0 0 0 0 0 0 0 0 0 0 0 0 0 0 0 0 0 0 0 0 0 0 0 0 0 0 0 0 0 0 0 0 0 0 0 0 0 0 0 0 0 0 0 0 0 0 0 0 0 0 0 0 0 0 0 0 0 0 0 0 0 0 0 0 0 0 0 0 0 0 0 0 0 0 0 0 0 0 0 0 0 0 0 0 0 0 0 0 0 0 0 0 0 0 0 0 0 0 0 0 0 0 0 0 0 0 0 0 
0 0 0 0 0 0 0 0 0 0 0 0 0 0 0 0 0 0 0 0 0 0 0 0 0 0 0 0 0 0 0 0 0 0 0 0 0 0 0 0 0 0 0 0 0 0 0 0 0 0 0 0 0 0 0 0 0 0 0 0 0 0 0 0 0 0 0 0 0 0 0 0 0 0 0 0 0 0 0 0 0 0 0 0 0 0 0 0 0 0 0 0 0 0 0 0 0 0 0 0 0 0 0 0 0 0 0 0 0 0 0 0 0 0 0 0 0 0 0 0 0 0 0 0 0 0 0 0 
0 0 0 0 0 0 0 0 0 0 0 0 0 0 0 0 0 0 0 0 0 0 0 0 0 0 0 0 0 0 0 0 0 0 0 0 0 0 0 0 0 0 0 0 0 0 0 0 0 0 0 0 0 0 0 0 0 0 0 0 0 0 0 0 0 0 0 0 0 0 0 0 0 0 0 0 0 0 0 0 0 0 0 0 0 0 0 0 0 0 0 0 0 0 0 0 0 0 0 0 0 0 0 0 0 0 0 0 0 0 0 0 0 0 0 0 0 0 0 0 0 0 0 0 0 0 0 0 
0 0 0 0 0 0 0 0 0 0 0 0 0 0 0 0 0 0 0 0 0 0 0 0 0 0 0 0 0 0 0 0 0 0 0 0 0 0 0 0 0 0 0 0 0 0 0 0 0 0 0 0 0 0 0 0 0 0 0 0 0 0 0 0 0 0 0 0 0 0 0 0 0 0 0 0 0 0 0 0 0 0 0 0 0 0 0 0 0 0 0 0 0 0 0 0 0 0 0 0 0 0 0 0 0 0 0 0 0 0 0 0 0 0 0 0 0 0 0 0 0 0 0 0 0 0 0 0 
0 0 0 0 0 0 0 0 0 0 0 0 0 0 0 0 0 0 0 0 0 0 0 0 0 0 0 0 0 0 0 0 0 0 0 0 0 0 0 0 0 0 0 0 0 0 0 0 0 0 0 0 0 0 0 0 0 0 0 0 0 0 0 0 0 0 0 0 0 0 0 0 0 0 0 0 0 0 0 0 0 0 0 0 0 0 0 0 0 0 0 0 0 0 0 0 0 0 0 0 0 0 0 0 0 0 0 0 0 0 0 0 0 0 0 0 0 0 0 0 0 0 0 0 0 0 0 0 
0 0 0 0 0 0 0 0 0 0 0 0 0 0 0 0 0 0 0 0 0 0 0 0 0 0 0 0 0 0 0 0 0 0 0 0 0 0 0 0 0 0 0 0 0 0 0 0 0 0 0 0 0 0 0 0 0 0 0 0 0 0 0 0 0 0 0 0 0 0 0 0 0 0 0 0 0 0 0 0 0 0 0 0 0 0 0 0 0 0 0 0 0 0 0 0 0 0 0 0 0 0 0 0 0 0 0 0 0 0 0 0 0 0 0 0 0 0 0 0 0 0 0 0 0 0 0 0 
0 0 0 0 0 0 0 0 0 0 0 0 0 0 0 0 0 0 0 0 0 0 0 0 0 0 0 0 0 0 0 0 0 0 0 0 0 0 0 0 0 0 0 0 0 0 0 0 0 0 0 0 0 0 0 0 0 0 0 0 0 0 0 0 0 0 0 0 0 0 0 0 0 0 0 0 0 0 0 0 0 0 0 0 0 0 0 0 0 0 0 0 0 0 0 0 0 0 0 0 0 0 0 0 0 0 0 0 0 0 0 0 0 0 0 0 0 0 0 0 0 0 0 0 0 0 0 0 
0 0 0 0 0 0 0 0 0 0 0 0 0 0 0 0 0 0 0 0 0 0 0 0 0 0 0 0 0 0 0 0 0 0 0 0 0 0 0 0 0 0 0 0 0 0 0 0 0 0 0 0 0 0 0 0 0 0 0 0 0 0 0 0 0 0 0 0 0 0 0 0 0 0 0 0 0 0 0 0 0 0 0 0 0 0 0 0 0 0 0 0 0 0 0 0 0 0 0 0 0 0 0 0 0 0 0 0 0 0 0 0 0 0 0 0 0 0 0 0 0 0 0 0 0 0 0 0 
0 0 0 0 0 0 0 0 0 0 0 0 0 0 0 0 0 0 0 0 0 0 0 0 0 0 0 0 0 0 0 0 0 0 0 0 0 0 0 0 0 0 0 0 0 0 0 0 0 0 0 0 0 0 0 0 0 0 0 0 0 0 0 0 0 0 0 0 0 0 0 0 0 0 0 0 0 0 0 0 0 0 0 0 0 0 0 0 0 0 0 0 0 0 0 0 0 0 0 0 0 0 0 0 0 0 0 0 0 0 0 0 0 0 0 0 0 0 0 0 0 0 0 0 0 0 0 0 
0 0 0 0 0 0 0 0 0 0 0 0 0 0 0 0 0 0 0 0 0 0 0 0 0 0 0 0 0 0 0 0 0 0 0 0 0 0 0 0 0 0 0 0 0 0 0 0 0 0 0 0 0 0 0 0 0 0 0 0 0 0 0 0 0 0 0 0 0 0 0 0 0 0 0 0 0 0 0 0 0 0 0 0 0 0 0 0 0 0 0 0 0 0 0 0 0 0 0 0 0 0 0 0 0 0 0 0 0 0 0 0 0 0 0 0 0 0 0 0 0 0 0 0 0 0 0 0 
0 0 0 0 0 0 0 0 0 0 0 0 0 0 0 0 0 0 0 0 0 0 0 0 0 0 0 0 0 0 0 0 0 0 0 0 0 0 0 0 0 0 0 0 0 0 0 0 0 0 0 0 0 0 0 0 0 0 0 0 0 0 0 0 0 0 0 0 0 0 0 0 0 0 0 0 0 0 0 0 0 0 0 0 0 0 0 0 0 0 0 0 0 0 0 0 0 0 0 0 0 0 0 0 0 0 0 0 0 0 0 0 0 0 0 0 0 0 0 0 0 0 0 0 0 0 0 0 
0 0 0 0 0 0 0 0 0 0 0 0 0 0 0 0 0 0 0 0 0 0 0 0 0 0 0 0 0 0 0 0 0 0 0 0 0 0 0 0 0 0 0 0 0 0 0 0 0 0 0 0 0 0 0 0 0 0 0 0 0 0 0 0 0 0 0 0 0 0 0 0 0 0 0 0 0 0 0 0 0 0 0 0 0 0 0 0 0 0 0 0 0 0 0 0 0 0 0 0 0 0 0 0 0 0 0 0 0 0 0 0 0 0 0 0 0 0 0 0 0 0 0 0 0 0 0 0 
0 0 0 0 0 0 0 0 0 0 0 0 0 0 0 0 0 0 0 0 0 0 0 0 0 0 0 0 0 0 0 0 0 0 0 0 0 0 0 0 0 0 0 0 0 0 0 0 0 0 0 0 0 0 0 0 0 0 0 0 0 0 0 0 0 0 0 0 0 0 0 0 0 0 0 0 0 0 0 0 0 0 0 0 0 0 0 0 0 0 0 0 0 0 0 0 0 0 0 0 0 0 0 0 0 0 0 0 0 0 0 0 0 0 0 0 0 0 0 0 0 0 0 0 0 0 0 0 
0 0 0 0 0 0 0 0 0 0 0 0 0 0 0 0 0 0 0 0 0 0 0 0 0 0 0 0 0 0 0 0 0 0 0 0 0 0 0 0 0 0 0 0 0 0 0 0 0 0 0 0 0 0 0 0 0 0 0 0 0 0 0 0 0 0 0 0 0 0 0 0 0 0 0 0 0 0 0 0 0 0 0 0 0 0 0 0 0 0 0 0 0 0 0 0 0 0 0 0 0 0 0 0 0 0 0 0 0 0 0 0 0 0 0 0 0 0 0 0 0 0 0 0 0 0 0 0 
0 0 0 0 0 0 0 0 0 0 0 0 0 0 0 0 0 0 0 0 0 0 0 0 0 0 0 0 0 0 0 0 0 0 0 0 0 0 0 0 0 0 0 0 0 0 0 0 0 0 0 0 0 0 0 0 0 0 0 0 0 0 0 0 0 0 0 0 0 0 0 0 0 0 0 0 0 0 0 0 0 0 0 0 0 0 0 0 0 0 0 0 0 0 0 0 0 0 0 0 0 0 0 0 0 0 0 0 0 0 0 0 0 0 0 0 0 0 0 0 0 0 0 0 0 0 0 0 
0 0 0 0 0 0 0 0 0 0 0 0 0 0 0 0 0 0 0 0 0 0 0 0 0 0 0 0 0 0 0 0 0 0 0 0 0 0 0 0 0 0 0 0 0 0 0 0 0 0 0 0 0 0 0 0 0 0 0 0 0 0 0 0 0 0 0 0 0 0 0 0 0 0 0 0 0 0 0 0 0 0 0 0 0 0 0 0 0 0 0 0 0 0 0 0 0 0 0 0 0 0 0 0 0 0 0 0 0 0 0 0 0 0 0 0 0 0 0 0 0 0 0 0 0 0 0 0 
0 0 0 0 0 0 0 0 0 0 0 0 0 0 0 0 0 0 0 0 0 0 0 0 0 0 0 0 0 0 0 0 0 0 0 0 0 0 0 0 0 0 0 0 0 0 0 0 0 0 0 0 0 0 0 0 0 0 0 0 0 0 0 0 0 0 0 0 0 0 0 0 0 0 0 0 0 0 0 0 0 0 0 0 0 0 0 0 0 0 0 0 0 0 0 0 0 0 0 0 0 0 0 0 0 0 0 0 0 0 0 0 0 0 0 0 0 0 0 0 0 0 0 0 0 0 0 0 
0 0 0 0 0 0 0 0 0 0 0 0 0 0 0 0 0 0 0 0 0 0 0 0 0 0 0 0 0 0 0 0 0 0 0 0 0 0 0 0 0 0 0 0 0 0 0 0 0 0 0 0 0 0 0 0 0 0 0 0 0 0 0 0 0 0 0 0 0 0 0 0 0 0 0 0 0 0 0 0 0 0 0 0 0 0 0 0 0 0 0 0 0 0 0 0 0 0 0 0 0 0 0 0 0 0 0 0 0 0 0 0 0 0 0 0 0 0 0 0 0 0 0 0 0 0 0 0 
0 0 0 0 0 0 0 0 0 0 0 0 0 0 0 0 0 0 0 0 0 0 0 0 0 0 0 0 0 0 0 0 0 0 0 0 0 0 0 0 0 0 0 0 0 0 0 0 0 0 0 0 0 0 0 0 0 0 0 0 0 0 0 0 0 0 0 0 0 0 0 0 0 0 0 0 0 0 0 0 0 0 0 0 0 0 0 0 0 0 0 0 0 0 0 0 0 0 0 0 0 0 0 0 0 0 0 0 0 0 0 0 0 0 0 0 0 0 0 0 0 0 0 0 0 0 0 0 
0 0 0 0 0 0 0 0 0 0 0 0 0 0 0 0 0 0 0 0 0 0 0 0 0 0 0 0 0 0 0 0 0 0 0 0 0 0 0 0 0 0 0 0 0 0 0 0 0 0 0 0 0 0 0 0 0 0 0 0 0 0 0 0 0 0 0 0 0 0 0 0 0 0 0 0 0 0 0 0 0 0 0 0 0 0 0 0 0 0 0 0 0 0 0 0 0 0 0 0 0 0 0 0 0 0 0 0 0 0 0 0 0 0 0 0 0 0 0 0 0 0 0 0 0 0 0 0 
0 0 0 0 0 0 0 0 0 0 0 0 0 0 0 0 0 0 0 0 0 0 0 0 0 0 0 0 0 0 0 0 0 0 0 0 0 0 0 0 0 0 0 0 0 0 0 0 0 0 0 0 0 0 0 0 0 0 0 0 0 0 0 0 0 0 0 0 0 0 0 0 0 0 0 0 0 0 0 0 0 0 0 0 0 0 0 0 0 0 0 0 0 0 0 0 0 0 0 0 0 0 0 0 0 0 0 0 0 0 0 0 0 0 0 0 0 0 0 0 0 0 0 0 0 0 0 0 
0 0 0 0 0 0 0 0 0 0 0 0 0 0 0 0 0 0 0 0 0 0 0 0 0 0 0 0 0 0 0 0 0 0 0 0 0 0 0 0 0 0 0 0 0 0 0 0 0 0 0 0 0 0 0 0 0 0 0 0 0 0 0 0 0 0 0 0 0 0 0 0 0 0 0 0 0 0 0 0 0 0 0 0 0 0 0 0 0 0 0 0 0 0 0 0 0 0 0 0 0 0 0 0 0 0 0 0 0 0 0 0 0 0 0 0 0 0 0 0 0 0 0 0 0 0 0 0 
0 0 0 0 0 0 0 0 0 0 0 0 0 0 0 0 0 0 0 0 0 0 0 0 0 0 0 0 0 0 0 0 0 0 0 0 0 0 0 0 0 0 0 0 0 0 0 0 0 0 0 0 0 0 0 0 0 0 0 0 0 0 0 0 0 0 0 0 0 0 0 0 0 0 0 0 0 0 0 0 0 0 0 0 0 0 0 0 0 0 0 0 0 0 0 0 0 0 0 0 0 0 0 0 0 0 0 0 0 0 0 0 0 0 0 0 0 0 0 0 0 0 0 0 0 0 0 0 
0 0 0 0 0 0 0 0 0 0 0 0 0 0 0 0 0 0 0 0 0 0 0 0 0 0 0 0 0 0 0 0 0 0 0 0 0 0 0 0 0 0 0 0 0 0 0 0 0 0 0 0 0 0 0 0 0 0 0 0 0 0 0 0 0 0 0 0 0 0 0 0 0 0 0 0 0 0 0 0 0 0 0 0 0 0 0 0 0 0 0 0 0 0 0 0 0 0 0 0 0 0 0 0 0 0 0 0 0 0 0 0 0 0 0 0 0 0 0 0 0 0 0 0 0 0 0 0 
0 0 0 0 0 0 0 0 0 0 0 0 0 0 0 0 0 0 0 0 0 0 0 0 0 0 0 0 0 0 0 0 0 0 0 0 0 0 0 0 0 0 0 0 0 0 0 0 0 0 0 0 0 0 0 0 0 0 0 0 0 0 0 0 0 0 0 0 0 0 0 0 0 0 0 0 0 0 0 0 0 0 0 0 0 0 0 0 0 0 0 0 0 0 0 0 0 0 0 0 0 0 0 0 0 0 0 0 0 0 0 0 0 0 0 0 0 0 0 0 0 0 0 0 0 0 0 0 
0 0 0 0 0 0 0 0 0 0 0 0 0 0 0 0 0 0 0 0 0 0 0 0 0 0 0 0 0 0 0 0 0 0 0 0 0 0 0 0 0 0 0 0 0 0 0 0 0 0 0 0 0 0 0 0 0 0 0 0 0 0 0 0 0 0 0 0 0 0 0 0 0 0 0 0 0 0 0 0 0 0 0 0 0 0 0 0 0 0 0 0 0 0 0 0 0 0 0 0 0 0 0 0 0 0 0 0 0 0 0 0 0 0 0 0 0 0 0 0 0 0 0 0 0 0 0 0 
0 0 0 0 0 0 0 0 0 0 0 0 0 0 0 0 0 0 0 0 0 0 0 0 0 0 0 0 0 0 0 0 0 0 0 0 0 0 0 0 0 0 0 0 0 0 0 0 0 0 0 0 0 0 0 0 0 0 0 0 0 0 0 0 0 0 0 0 0 0 0 0 0 0 0 0 0 0 0 0 0 0 0 0 0 0 0 0 0 0 0 0 0 0 0 0 0 0 0 0 0 0 0 0 0 0 0 0 0 0 0 0 0 0 0 0 0 0 0 0 0 0 0 0 0 0 0 0 
0 0 0 0 0 0 0 0 0 0 0 0 0 0 0 0 0 0 0 0 0 0 0 0 0 0 0 0 0 0 0 0 0 0 0 0 0 0 0 0 0 0 0 0 0 0 0 0 0 0 0 0 0 0 0 0 0 0 0 0 0 0 0 0 0 0 0 0 0 0 0 0 0 0 0 0 0 0 0 0 0 0 0 0 0 0 0 0 0 0 0 0 0 0 0 0 0 0 0 0 0 0 0 0 0 0 0 0 0 0 0 0 0 0 0 0 0 0 0 0 0 0 0 0 0 0 0 0 
0 0 0 0 0 0 0 0 0 0 0 0 0 0 0 0 0 0 0 0 0 0 0 0 0 0 0 0 0 0 0 0 0 0 0 0 0 0 0 0 0 0 0 0 0 0 0 0 0 0 0 0 0 0 0 0 0 0 0 0 0 0 0 0 0 0 0 0 0 0 0 0 0 0 0 0 0 0 0 0 0 0 0 0 0 0 0 0 0 0 0 0 0 0 0 0 0 0 0 0 0 0 0 0 0 0 0 0 0 0 0 0 0 0 0 0 0 0 0 0 0 0 0 0 0 0 0 0 
0 0 0 0 0 0 0 0 0 0 0 0 0 0 0 0 0 0 0 0 0 0 0 0 0 0 0 0 0 0 0 0 0 0 0 0 0 0 0 0 0 0 0 0 0 0 0 0 0 0 0 0 0 0 0 0 0 0 0 0 0 0 0 0 0 0 0 0 0 0 0 0 0 0 0 0 0 0 0 0 0 0 0 0 0 0 0 0 0 0 0 0 0 0 0 0 0 0 0 0 0 0 0 0 0 0 0 0 0 0 0 0 0 0 0 0 0 0 0 0 0 0 0 0 0 0 0 0 
0 0 0 0 0 0 0 0 0 0 0 0 0 0 0 0 0 0 0 0 0 0 0 0 0 0 0 0 0 0 0 0 0 0 0 0 0 0 0 0 0 0 0 0 0 0 0 0 0 0 0 0 0 0 0 0 0 0 0 0 0 0 0 0 0 0 0 0 0 0 0 0 0 0 0 0 0 0 0 0 0 0 0 0 0 0 0 0 0 0 0 0 0 0 0 0 0 0 0 0 0 0 0 0 0 0 0 0 0 0 0 0 0 0 0 0 0 0 0 0 0 0 0 0 0 0 0 0 
0 0 0 0 0 0 0 0 0 0 0 0 0 0 0 0 0 0 0 0 0 0 0 0 0 0 0 0 0 0 0 0 0 0 0 0 0 0 0 0 0 0 0 0 0 0 0 0 0 0 0 0 0 0 0 0 0 0 0 0 0 0 0 0 0 0 0 0 0 0 0 0 0 0 0 0 0 0 0 0 0 0 0 0 0 0 0 0 0 0 0 0 0 0 0 0 0 0 0 0 0 0 0 0 0 0 0 0 0 0 0 0 0 0 0 0 0 0 0 0 0 0 0 0 0 0 0 0 
0 0 0 0 0 0 0 0 0 0 0 0 0 0 0 0 0 0 0 0 0 0 0 0 0 0 0 0 0 0 0 0 0 0 0 0 0 0 0 0 0 0 0 0 0 0 0 0 0 0 0 0 0 0 0 0 0 0 0 0 0 0 0 0 0 0 0 0 0 0 0 0 0 0 0 0 0 0 0 0 0 0 0 0 0 0 0 0 0 0 0 0 0 0 0 0 0 0 0 0 0 0 0 0 0 0 0 0 0 0 0 0 0 0 0 0 0 0 0 0 0 0 0 0 0 0 0 0 
0 0 0 0 0 0 0 0 0 0 0 0 0 0 0 0 0 0 0 0 0 0 0 0 0 0 0 0 0 0 0 0 0 0 0 0 0 0 0 0 0 0 0 0 0 0 0 0 0 0 0 0 0 0 0 0 0 0 0 0 0 0 0 0 0 0 0 0 0 0 0 0 0 0 0 0 0 0 0 0 0 0 0 0 0 0 0 0 0 0 0 0 0 0 0 0 0 0 0 0 0 0 0 0 0 0 0 0 0 0 0 0 0 0 0 0 0 0 0 0 0 0 0 0 0 0 0 0 
0 0 0 0 0 0 0 0 0 0 0 0 0 0 0 0 0 0 0 0 0 0 0 0 0 0 0 0 0 0 0 0 0 0 0 0 0 0 0 0 0 0 0 0 0 0 0 0 0 0 0 0 0 0 0 0 0 0 0 0 0 0 0 0 0 0 0 0 0 0 0 0 0 0 0 0 0 0 0 0 0 0 0 0 0 0 0 0 0 0 0 0 0 0 0 0 0 0 0 0 0 0 0 0 0 0 0 0 0 0 0 0 0 0 0 0 0 0 0 0 0 0 0 0 0 0 0 0 
0 0 0 0 0 0 0 0 0 0 0 0 0 0 0 0 0 0 0 0 0 0 0 0 0 0 0 0 0 0 0 0 0 0 0 0 0 0 0 0 0 0 0 0 0 0 0 0 0 0 0 0 0 0 0 0 0 0 0 0 0 0 0 0 0 0 0 0 0 0 0 0 0 0 0 0 0 0 0 0 0 0 0 0 0 0 0 0 0 0 0 0 0 0 0 0 0 0 0 0 0 0 0 0 0 0 0 0 0 0 0 0 0 0 0 0 0 0 0 0 0 0 0 0 0 0 0 0 
0 0 0 0 0 0 0 0 0 0 0 0 0 0 0 0 0 0 0 0 0 0 0 0 0 0 0 0 0 0 0 0 0 0 0 0 0 0 0 0 0 0 0 0 0 0 0 0 0 0 0 0 0 0 0 0 0 0 0 0 0 0 0 0 0 0 0 0 0 0 0 0 0 0 0 0 0 0 0 0 0 0 0 0 0 0 0 0 0 0 0 0 0 0 0 0 0 0 0 0 0 0 0 0 0 0 0 0 0 0 0 0 0 0 0 0 0 0 0 0 0 0 0 0 0 0 0 0 
0 0 0 0 0 0 0 0 0 0 0 0 0 0 0 0 0 0 0 0 0 0 0 0 0 0 0 0 0 0 0 0 0 0 0 0 0 0 0 0 0 0 0 0 0 0 0 0 0 0 0 0 0 0 0 0 0 0 0 0 0 0 0 0 0 0 0 0 0 0 0 0 0 0 0 0 0 0 0 0 0 0 0 0 0 0 0 0 0 0 0 0 0 0 0 0 0 0 0 0 0 0 0 0 0 0 0 0 0 0 0 0 0 0 0 0 0 0 0 0 0 0 0 0 0 0 0 0 
0 0 0 0 0 0 0 0 0 0 0 0 0 0 0 0 0 0 0 0 0 0 0 0 0 0 0 0 0 0 0 0 0 0 0 0 0 0 0 0 0 0 0 0 0 0 0 0 0 0 0 0 0 0 0 0 0 0 0 0 0 0 0 0 0 0 0 0 0 0 0 0 0 0 0 0 0 0 0 0 0 0 0 0 0 0 0 0 0 0 0 0 0 0 0 0 0 0 0 0 0 0 0 0 0 0 0 0 0 0 0 0 0 0 0 0 0 0 0 0 0 0 0 0 0 0 0 0 
0 0 0 0 0 0 0 0 0 0 0 0 0 0 0 0 0 0 0 0 0 0 0 0 0 0 0 0 0 0 0 0 0 0 0 0 0 0 0 0 0 0 0 0 0 0 0 0 0 0 0 0 0 0 0 0 0 0 0 0 0 0 0 0 0 0 0 0 0 0 0 0 0 0 0 0 0 0 0 0 0 0 0 0 0 0 0 0 0 0 0 0 0 0 0 0 0 0 0 0 0 0 0 0 0 0 0 0 0 0 0 0 0 0 0 0 0 0 0 0 0 0 0 0 0 0 0 0 
0 0 0 0 0 0 0 0 0 0 0 0 0 0 0 0 0 0 0 0 0 0 0 0 0 0 0 0 0 0 0 0 0 0 0 0 0 0 0 0 0 0 0 0 0 0 0 0 0 0 0 0 0 0 0 0 0 0 0 0 0 0 0 0 0 0 0 0 0 0 0 0 0 0 0 0 0 0 0 0 0 0 0 0 0 0 0 0 0 0 0 0 0 0 0 0 0 0 0 0 0 0 0 0 0 0 0 0 0 0 0 0 0 0 0 0 0 0 0 0 0 0 0 0 0 0 0 0 
0 0 0 0 0 0 0 0 0 0 0 0 0 0 0 0 0 0 0 0 0 0 0 0 0 0 0 0 0 0 0 0 0 0 0 0 0 0 0 0 0 0 0 0 0 0 0 0 0 0 0 0 0 0 0 0 0 0 0 0 0 0 0 0 0 0 0 0 0 0 0 0 0 0 0 0 0 0 0 0 0 0 0 0 0 0 0 0 0 0 0 0 0 0 0 0 0 0 0 0 0 0 0 0 0 0 0 0 0 0 0 0 0 0 0 0 0 0 0 0 0 0 0 0 0 0 0 0 
0 0 0 0 0 0 0 0 0 0 0 0 0 0 0 0 0 0 0 0 0 0 0 0 0 0 0 0 0 0 0 0 0 0 0 0 0 0 0 0 0 0 0 0 0 0 0 0 0 0 0 0 0 0 0 0 0 0 0 0 0 0 0 0 0 0 0 0 0 0 0 0 0 0 0 0 0 0 0 0 0 0 0 0 0 0 0 0 0 0 0 0 0 0 0 0 0 0 0 0 0 0 0 0 0 0 0 0 0 0 0 0 0 0 0 0 0 0 0 0 0 0 0 0 0 0 0 0 
0 0 0 0 0 0 0 0 0 0 0 0 0 0 0 0 0 0 0 0 0 0 0 0 0 0 0 0 0 0 0 0 0 0 0 0 0 0 0 0 0 0 0 0 0 0 0 0 0 0 0 0 0 0 0 0 0 0 0 0 0 0 0 0 0 0 0 0 0 0 0 0 0 0 0 0 0 0 0 0 0 0 0 0 0 0 0 0 0 0 0 0 0 0 0 0 0 0 0 0 0 0 0 0 0 0 0 0 0 0 0 0 0 0 0 0 0 0 0 0 0 0 0 0 0 0 0 0 
0 0 0 0 0 0 0 0 0 0 0 0 0 0 0 0 0 0 0 0 0 0 0 0 0 0 0 0 0 0 0 0 0 0 0 0 0 0 0 0 0 0 0 0 0 0 0 0 0 0 0 0 0 0 0 0 0 0 0 0 0 0 0 0 0 0 0 0 0 0 0 0 0 0 0 0 0 0 0 0 0 0 0 0 0 0 0 0 0 0 0 0 0 0 0 0 0 0 0 0 0 0 0 0 0 0 0 0 0 0 0 0 0 0 0 0 0 0 0 0 0 0 0 0 0 0 0 0 
0 0 0 0 0 0 0 0 0 0 0 0 0 0 0 0 0 0 0 0 0 0 0 0 0 0 0 0 0 0 0 0 0 0 0 0 0 0 0 0 0 0 0 0 0 0 0 0 0 0 0 0 0 0 0 0 0 0 0 0 0 0 0 0 0 0 0 0 0 0 0 0 0 0 0 0 0 0 0 0 0 0 0 0 0 0 0 0 0 0 0 0 0 0 0 0 0 0 0 0 0 0 0 0 0 0 0 0 0 0 0 0 0 0 0 0 0 0 0 0 0 0 0 0 0 0 0 0 
0 0 0 0 0 0 0 0 0 0 0 0 0 0 0 0 0 0 0 0 0 0 0 0 0 0 0 0 0 0 0 0 0 0 0 0 0 0 0 0 0 0 0 0 0 0 0 0 0 0 0 0 0 0 0 0 0 0 0 0 0 0 0 0 0 0 0 0 0 0 0 0 0 0 0 0 0 0 0 0 0 0 0 0 0 0 0 0 0 0 0 0 0 0 0 0 0 0 0 0 0 0 0 0 0 0 0 0 0 0 0 0 0 0 0 0 0 0 0 0 0 0 0 0 0 0 0 0 
0 0 0 0 0 0 0 0 0 0 0 0 0 0 0 0 0 0 0 0 0 0 0 0 0 0 0 0 0 0 0 0 0 0 0 0 0 0 0 0 0 0 0 0 0 0 0 0 0 0 0 0 0 0 0 0 0 0 0 0 0 0 0 0 0 0 0 0 0 0 0 0 0 0 0 0 0 0 0 0 0 0 0 0 0 0 0 0 0 0 0 0 0 0 0 0 0 0 0 0 0 0 0 0 0 0 0 0 0 0 0 0 0 0 0 0 0 0 0 0 0 0 0 0 0 0 0 0 
0 0 0 0 0 0 0 0 0 0 0 0 0 0 0 0 0 0 0 0 0 0 0 0 0 0 0 0 0 0 0 0 0 0 0 0 0 0 0 0 0 0 0 0 0 0 0 0 0 0 0 0 0 0 0 0 0 0 0 0 0 0 0 0 0 0 0 0 0 0 0 0 0 0 0 0 0 0 0 0 0 0 0 0 0 0 0 0 0 0 0 0 0 0 0 0 0 0 0 0 0 0 0 0 0 0 0 0 0 0 0 0 0 0 0 0 0 0 0 0 0 0 0 0 0 0 0 0 
0 0 0 0 0 0 0 0 0 0 0 0 0 0 0 0 0 0 0 0 0 0 0 0 0 0 0 0 0 0 0 0 0 0 0 0 0 0 0 0 0 0 0 0 0 0 0 0 0 0 0 0 0 0 0 0 0 0 0 0 0 0 0 0 0 0 0 0 0 0 0 0 0 0 0 0 0 0 0 0 0 0 0 0 0 0 0 0 0 0 0 0 0 0 0 0 0 0 0 0 0 0 0 0 0 0 0 0 0 0 0 0 0 0 0 0 0 0 0 0 0 0 0 0 0 0 0 0 
0 0 0 0 0 0 0 0 0 0 0 0 0 0 0 0 0 0 0 0 0 0 0 0 0 0 0 0 0 0 0 0 0 0 0 0 0 0 0 0 0 0 0 0 0 0 0 0 0 0 0 0 0 0 0 0 0 0 0 0 0 0 0 0 0 0 0 0 0 0 0 0 0 0 0 0 0 0 0 0 0 0 0 0 0 0 0 0 0 0 0 0 0 0 0 0 0 0 0 0 0 0 0 0 0 0 0 0 0 0 0 0 0 0 0 0 0 0 0 0 0 0 0 0 0 0 0 0 
0 0 0 0 0 0 0 0 0 0 0 0 0 0 0 0 0 0 0 0 0 0 0 0 0 0 0 0 0 0 0 0 0 0 0 0 0 0 0 0 0 0 0 0 0 0 0 0 0 0 0 0 0 0 0 0 0 0 0 0 0 0 0 0 0 0 0 0 0 0 0 0 0 0 0 0 0 0 0 0 0 0 0 0 0 0 0 0 0 0 0 0 0 0 0 0 0 0 0 0 0 0 0 0 0 0 0 0 0 0 0 0 0 0 0 0 0 0 0 0 0 0 0 0 0 0 0 0 
0 0 0 0 0 0 0 0 0 0 0 0 0 0 0 0 0 0 0 0 0 0 0 0 0 0 0 0 0 0 0 0 0 0 0 0 0 0 0 0 0 0 0 0 0 0 0 0 0 0 0 0 0 0 0 0 0 0 0 0 0 0 0 0 0 0 0 0 0 0 0 0 0 0 0 0 0 0 0 0 0 0 0 0 0 0 0 0 0 0 0 0 0 0 0 0 0 0 0 0 0 0 0 0 0 0 0 0 0 0 0 0 0 0 0 0 0 0 0 0 0 0 0 0 0 0 0 0 
0 0 0 0 0 0 0 0 0 0 0 0 0 0 0 0 0 0 0 0 0 0 0 0 0 0 0 0 0 0 0 0 0 0 0 0 0 0 0 0 0 0 0 0 0 0 0 0 0 0 0 0 0 0 0 0 0 0 0 0 0 0 0 0 0 0 0 0 0 0 0 0 0 0 0 0 0 0 0 0 0 0 0 0 0 0 0 0 0 0 0 0 0 0 0 0 0 0 0 0 0 0 0 0 0 0 0 0 0 0 0 0 0 0 0 0 0 0 0 0 0 0 0 0 0 0 0 0 
0 0 0 0 0 0 0 0 0 0 0 0 0 0 0 0 0 0 0 0 0 0 0 0 0 0 0 0 0 0 0 0 0 0 0 0 0 0 0 0 0 0 0 0 0 0 0 0 0 0 0 0 0 0 0 0 0 0 0 0 0 0 0 0 0 0 0 0 0 0 0 0 0 0 0 0 0 0 0 0 0 0 0 0 0 0 0 0 0 0 0 0 0 0 0 0 0 0 0 0 0 0 0 0 0 0 0 0 0 0 0 0 0 0 0 0 0 0 0 0 0 0 0 0 0 0 0 0 
0 0 0 0 0 0 0 0 0 0 0 0 0 0 0 0 0 0 0 0 0 0 0 0 0 0 0 0 0 0 0 0 0 0 0 0 0 0 0 0 0 0 0 0 0 0 0 0 0 0 0 0 0 0 0 0 0 0 0 0 0 0 0 0 0 0 0 0 0 0 0 0 0 0 0 0 0 0 0 0 0 0 0 0 0 0 0 0 0 0 0 0 0 0 0 0 0 0 0 0 0 0 0 0 0 0 0 0 0 0 0 0 0 0 0 0 0 0 0 0 0 0 0 0 0 0 0 0 
0 0 0 0 0 0 0 0 0 0 0 0 0 0 0 0 0 0 0 0 0 0 0 0 0 0 0 0 0 0 0 0 0 0 0 0 0 0 0 0 0 0 0 0 0 0 0 0 0 0 0 0 0 0 0 0 0 0 0 0 0 0 0 0 0 0 0 0 0 0 0 0 0 0 0 0 0 0 0 0 0 0 0 0 0 0 0 0 0 0 0 0 0 0 0 0 0 0 0 0 0 0 0 0 0 0 0 0 0 0 0 0 0 0 0 0 0 0 0 0 0 0 0 0 0 0 0 0 
0 0 0 0 0 0 0 0 0 0 0 0 0 0 0 0 0 0 0 0 0 0 0 0 0 0 0 0 0 0 0 0 0 0 0 0 0 0 0 0 0 0 0 0 0 0 0 0 0 0 0 0 0 0 0 0 0 0 0 0 0 0 0 0 0 0 0 0 0 0 0 0 0 0 0 0 0 0 0 0 0 0 0 0 0 0 0 0 0 0 0 0 0 0 0 0 0 0 0 0 0 0 0 0 0 0 0 0 0 0 0 0 0 0 0 0 0 0 0 0 0 0 0 0 0 0 0 0 
0 0 0 0 0 0 0 0 0 0 0 0 0 0 0 0 0 0 0 0 0 0 0 0 0 0 0 0 0 0 0 0 0 0 0 0 0 0 0 0 0 0 0 0 0 0 0 0 0 0 0 0 0 0 0 0 0 0 0 0 0 0 0 0 0 0 0 0 0 0 0 0 0 0 0 0 0 0 0 0 0 0 0 0 0 0 0 0 0 0 0 0 0 0 0 0 0 0 0 0 0 0 0 0 0 0 0 0 0 0 0 0 0 0 0 0 0 0 0 0 0 0 0 0 0 0 0 0 
0 0 0 0 0 0 0 0 0 0 0 0 0 0 0 0 0 0 0 0 0 0 0 0 0 0 0 0 0 0 0 0 0 0 0 0 0 0 0 0 0 0 0 0 0 0 0 0 0 0 0 0 0 0 0 0 0 0 0 0 0 0 0 0 0 0 0 0 0 0 0 0 0 0 0 0 0 0 0 0 0 0 0 0 0 0 0 0 0 0 0 0 0 0 0 0 0 0 0 0 0 0 0 0 0 0 0 0 0 0 0 0 0 0 0 0 0 0 0 0 0 0 0 0 0 0 0 0 
0 0 0 0 0 0 0 0 0 0 0 0 0 0 0 0 0 0 0 0 0 0 0 0 0 0 0 0 0 0 0 0 0 0 0 0 0 0 0 0 0 0 0 0 0 0 0 0 0 0 0 0 0 0 0 0 0 0 0 0 0 0 0 0 0 0 0 0 0 0 0 0 0 0 0 0 0 0 0 0 0 0 0 0 0 0 0 0 0 0 0 0 0 0 0 0 0 0 0 0 0 0 0 0 0 0 0 0 0 0 0 0 0 0 0 0 0 0 0 0 0 0 0 0 0 0 0 0 
0 0 0 0 0 0 0 0 0 0 0 0 0 0 0 0 0 0 0 0 0 0 0 0 0 0 0 0 0 0 0 0 0 0 0 0 0 0 0 0 0 0 0 0 0 0 0 0 0 0 0 0 0 0 0 0 0 0 0 0 0 0 0 0 0 0 0 0 0 0 0 0 0 0 0 0 0 0 0 0 0 0 0 0 0 0 0 0 0 0 0 0 0 0 0 0 0 0 0 0 0 0 0 0 0 0 0 0 0 0 0 0 0 0 0 0 0 0 0 0 0 0 0 0 0 0 0 0 
0 0 0 0 0 0 0 0 0 0 0 0 0 0 0 0 0 0 0 0 0 0 0 0 0 0 0 0 0 0 0 0 0 0 0 0 0 0 0 0 0 0 0 0 0 0 0 0 0 0 0 0 0 0 0 0 0 0 0 0 0 0 0 0 0 0 0 0 0 0 0 0 0 0 0 0 0 0 0 0 0 0 0 0 0 0 0 0 0 0 0 0 0 0 0 0 0 0 0 0 0 0 0 0 0 0 0 0 0 0 0 0 0 0 0 0 0 0 0 0 0 0 0 0 0 0 0 0 
0 0 0 0 0 0 0 0 0 0 0 0 0 0 0 0 0 0 0 0 0 0 0 0 0 0 0 0 0 0 0 0 0 0 0 0 0 0 0 0 0 0 0 0 0 0 0 0 0 0 0 0 0 0 0 0 0 0 0 0 0 0 0 0 0 0 0 0 0 0 0 0 0 0 0 0 0 0 0 0 0 0 0 0 0 0 0 0 0 0 0 0 0 0 0 0 0 0 0 0 0 0 0 0 0 0 0 0 0 0 0 0 0 0 0 0 0 0 0 0 0 0 0 0 0 0 0 0 
0 0 0 0 0 0 0 0 0 0 0 0 0 0 0 0 0 0 0 0 0 0 0 0 0 0 0 0 0 0 0 0 0 0 0 0 0 0 0 0 0 0 0 0 0 0 0 0 0 0 0 0 0 0 0 0 0 0 0 0 0 0 0 0 0 0 0 0 0 0 0 0 0 0 0 0 0 0 0 0 0 0 0 0 0 0 0 0 0 0 0 0 0 0 0 0 0 0 0 0 0 0 0 0 0 0 0 0 0 0 0 0 0 0 0 0 0 0 0 0 0 0 0 0 0 0 0 0 
0 0 0 0 0 0 0 0 0 0 0 0 0 0 0 0 0 0 0 0 0 0 0 0 0 0 0 0 0 0 0 0 0 0 0 0 0 0 0 0 0 0 0 0 0 0 0 0 0 0 0 0 0 0 0 0 0 0 0 0 0 0 0 0 0 0 0 0 0 0 0 0 0 0 0 0 0 0 0 0 0 0 0 0 0 0 0 0 0 0 0 0 0 0 0 0 0 0 0 0 0 0 0 0 0 0 0 0 0 0 0 0 0 0 0 0 0 0 0 0 0 0 0 0 0 0 0 0 
0 0 0 0 0 0 0 0 0 0 0 0 0 0 0 0 0 0 0 0 0 0 0 0 0 0 0 0 0 0 0 0 0 0 0 0 0 0 0 0 0 0 0 0 0 0 0 0 0 0 0 0 0 0 0 0 0 0 0 0 0 0 0 0 0 0 0 0 0 0 0 0 0 0 0 0 0 0 0 0 0 0 0 0 0 0 0 0 0 0 0 0 0 0 0 0 0 0 0 0 0 0 0 0 0 0 0 0 0 0 0 0 0 0 0 0 0 0 0 0 0 0 0 0 0 0 0 0 
0 0 0 0 0 0 0 0 0 0 0 0 0 0 0 0 0 0 0 0 0 0 0 0 0 0 0 0 0 0 0 0 0 0 0 0 0 0 0 0 0 0 0 0 0 0 0 0 0 0 0 0 0 0 0 0 0 0 0 0 0 0 0 0 0 0 0 0 0 0 0 0 0 0 0 0 0 0 0 0 0 0 0 0 0 0 0 0 0 0 0 0 0 0 0 0 0 0 0 0 0 0 0 0 0 0 0 0 0 0 0 0 0 0 0 0 0 0 0 0 0 0 0 0 0 0 0 0 
0 0 0 0 0 0 0 0 0 0 0 0 0 0 0 0 0 0 0 0 0 0 0 0 0 0 0 0 0 0 0 0 0 0 0 0 0 0 0 0 0 0 0 0 0 0 0 0 0 0 0 0 0 0 0 0 0 0 0 0 0 0 0 0 0 0 0 0 0 0 0 0 0 0 0 0 0 0 0 0 0 0 0 0 0 0 0 0 0 0 0 0 0 0 0 0 0 0 0 0 0 0 0 0 0 0 0 0 0 0 0 0 0 0 0 0 0 0 0 0 0 0 0 0 0 0 0 0 
0 0 0 0 0 0 0 0 0 0 0 0 0 0 0 0 0 0 0 0 0 0 0 0 0 0 0 0 0 0 0 0 0 0 0 0 0 0 0 0 0 0 0 0 0 0 0 0 0 0 0 0 0 0 0 0 0 0 0 0 0 0 0 0 0 0 0 0 0 0 0 0 0 0 0 0 0 0 0 0 0 0 0 0 0 0 0 0 0 0 0 0 0 0 0 0 0 0 0 0 0 0 0 0 0 0 0 0 0 0 0 0 0 0 0 0 0 0 0 0 0 0 0 0 0 0 0 0 
0 0 0 0 0 0 0 0 0 0 0 0 0 0 0 0 0 0 0 0 0 0 0 0 0 0 0 0 0 0 0 0 0 0 0 0 0 0 0 0 0 0 0 0 0 0 0 0 0 0 0 0 0 0 0 0 0 0 0 0 0 0 0 0 0 0 0 0 0 0 0 0 0 0 0 0 0 0 0 0 0 0 0 0 0 0 0 0 0 0 0 0 0 0 0 0 0 0 0 0 0 0 0 0 0 0 0 0 0 0 0 0 0 0 0 0 0 0 0 0 0 0 0 0 0 0 0 0 
0 0 0 0 0 0 0 0 0 0 0 0 0 0 0 0 0 0 0 0 0 0 0 0 0 0 0 0 0 0 0 0 0 0 0 0 0 0 0 0 0 0 0 0 0 0 0 0 0 0 0 0 0 0 0 0 0 0 0 0 0 0 0 0 0 0 0 0 0 0 0 0 0 0 0 0 0 0 0 0 0 0 0 0 0 0 0 0 0 0 0 0 0 0 0 0 0 0 0 0 0 0 0 0 0 0 0 0 0 0 0 0 0 0 0 0 0 0 0 0 0 0 0 0 0 0 0 0 
0 0 0 0 0 0 0 0 0 0 0 0 0 0 0 0 0 0 0 0 0 0 0 0 0 0 0 0 0 0 0 0 0 0 0 0 0 0 0 0 0 0 0 0 0 0 0 0 0 0 0 0 0 0 0 0 0 0 0 0 0 0 0 0 0 0 0 0 0 0 0 0 0 0 0 0 0 0 0 0 0 0 0 0 0 0 0 0 0 0 0 0 0 0 0 0 0 0 0 0 0 0 0 0 0 0 0 0 0 0 0 0 0 0 0 0 0 0 0 0 0 0 0 0 0 0 0 0 
0 0 0 0 0 0 0 0 0 0 0 0 0 0 0 0 0 0 0 0 0 0 0 0 0 0 0 0 0 0 0 0 0 0 0 0 0 0 0 0 0 0 0 0 0 0 0 0 0 0 0 0 0 0 0 0 0 0 0 0 0 0 0 0 0 0 0 0 0 0 0 0 0 0 0 0 0 0 0 0 0 0 0 0 0 0 0 0 0 0 0 0 0 0 0 0 0 0 0 0 0 0 0 0 0 0 0 0 0 0 0 0 0 0 0 0 0 0 0 0 0 0 0 0 0 0 0 0 
0 0 0 0 0 0 0 0 0 0 0 0 0 0 0 0 0 0 0 0 0 0 0 0 0 0 0 0 0 0 0 0 0 0 0 0 0 0 0 0 0 0 0 0 0 0 0 0 0 0 0 0 0 0 0 0 0 0 0 0 0 0 0 0 0 0 0 0 0 0 0 0 0 0 0 0 0 0 0 0 0 0 0 0 0 0 0 0 0 0 0 0 0 0 0 0 0 0 0 0 0 0 0 0 0 0 0 0 0 0 0 0 0 0 0 0 0 0 0 0 0 0 0 0 0 0 0 0 
0 0 0 0 0 0 0 0 0 0 0 0 0 0 0 0 0 0 0 0 0 0 0 0 0 0 0 0 0 0 0 0 0 0 0 0 0 0 0 0 0 0 0 0 0 0 0 0 0 0 0 0 0 0 0 0 0 0 0 0 0 0 0 0 0 0 0 0 0 0 0 0 0 0 0 0 0 0 0 0 0 0 0 0 0 0 0 0 0 0 0 0 0 0 0 0 0 0 0 0 0 0 0 0 0 0 0 0 0 0 0 0 0 0 0 0 0 0 0 0 0 0 0 0 0 0 0 0 
0 0 0 0 0 0 0 0 0 0 0 0 0 0 0 0 0 0 0 0 0 0 0 0 0 0 0 0 0 0 0 0 0 0 0 0 0 0 0 0 0 0 0 0 0 0 0 0 0 0 0 0 0 0 0 0 0 0 0 0 0 0 0 0 0 0 0 0 0 0 0 0 0 0 0 0 0 0 0 0 0 0 0 0 0 0 0 0 0 0 0 0 0 0 0 0 0 0 0 0 0 0 0 0 0 0 0 0 0 0 0 0 0 0 0 0 0 0 0 0 0 0 0 0 0 0 0 0 
0 0 0 0 0 0 0 0 0 0 0 0 0 0 0 0 0 0 0 0 0 0 0 0 0 0 0 0 0 0 0 0 0 0 0 0 0 0 0 0 0 0 0 0 0 0 0 0 0 0 0 0 0 0 0 0 0 0 0 0 0 0 0 0 0 0 0 0 0 0 0 0 0 0 0 0 0 0 0 0 0 0 0 0 0 0 0 0 0 0 0 0 0 0 0 0 0 0 0 0 0 0 0 0 0 0 0 0 0 0 0 0 0 0 0 0 0 0 0 0 0 0 0 0 0 0 0 0 
0 0 0 0 0 0 0 0 0 0 0 0 0 0 0 0 0 0 0 0 0 0 0 0 0 0 0 0 0 0 0 0 0 0 0 0 0 0 0 0 0 0 0 0 0 0 0 0 0 0 0 0 0 0 0 0 0 0 0 0 0 0 0 0 0 0 0 0 0 0 0 0 0 0 0 0 0 0 0 0 0 0 0 0 0 0 0 0 0 0 0 0 0 0 0 0 0 0 0 0 0 0 0 0 0 0 0 0 0 0 0 0 0 0 0 0 0 0 0 0 0 0 0 0 0 0 0 0 
0 0 0 0 0 0 0 0 0 0 0 0 0 0 0 0 0 0 0 0 0 0 0 0 0 0 0 0 0 0 0 0 0 0 0 0 0 0 0 0 0 0 0 0 0 0 0 0 0 0 0 0 0 0 0 0 0 0 0 0 0 0 0 0 0 0 0 0 0 0 0 0 0 0 0 0 0 0 0 0 0 0 0 0 0 0 0 0 0 0 0 0 0 0 0 0 0 0 0 0 0 0 0 0 0 0 0 0 0 0 0 0 0 0 0 0 0 0 0 0 0 0 0 0 0 0 0 0 
0 0 0 0 0 0 0 0 0 0 0 0 0 0 0 0 0 0 0 0 0 0 0 0 0 0 0 0 0 0 0 0 0 0 0 0 0 0 0 0 0 0 0 0 0 0 0 0 0 0 0 0 0 0 0 0 0 0 0 0 0 0 0 0 0 0 0 0 0 0 0 0 0 0 0 0 0 0 0 0 0 0 0 0 0 0 0 0 0 0 0 0 0 0 0 0 0 0 0 0 0 0 0 0 0 0 0 0 0 0 0 0 0 0 0 0 0 0 0 0 0 0 0 0 0 0 0 0 
0 0 0 0 0 0 0 0 0 0 0 0 0 0 0 0 0 0 0 0 0 0 0 0 0 0 0 0 0 0 0 0 0 0 0 0 0 0 0 0 0 0 0 0 0 0 0 0 0 0 0 0 0 0 0 0 0 0 0 0 0 0 0 0 0 0 0 0 0 0 0 0 0 0 0 0 0 0 0 0 0 0 0 0 0 0 0 0 0 0 0 0 0 0 0 0 0 0 0 0 0 0 0 0 0 0 0 0 0 0 0 0 0 0 0 0 0 0 0 0 0 0 0 0 0 0 0 0 
0 0 0 0 0 0 0 0 0 0 0 0 0 0 0 0 0 0 0 0 0 0 0 0 0 0 0 0 0 0 0 0 0 0 0 0 0 0 0 0 0 0 0 0 0 0 0 0 0 0 0 0 0 0 0 0 0 0 0 0 0 0 0 0 0 0 0 0 0 0 0 0 0 0 0 0 0 0 0 0 0 0 0 0 0 0 0 0 0 0 0 0 0 0 0 0 0 0 0 0 0 0 0 0 0 0 0 0 0 0 0 0 0 0 0 0 0 0 0 0 0 0 0 0 0 0 0 0 
0 0 0 0 0 0 0 0 0 0 0 0 0 0 0 0 0 0 0 0 0 0 0 0 0 0 0 0 0 0 0 0 0 0 0 0 0 0 0 0 0 0 0 0 0 0 0 0 0 0 0 0 0 0 0 0 0 0 0 0 0 0 0 0 0 0 0 0 0 0 0 0 0 0 0 0 0 0 0 0 0 0 0 0 0 0 0 0 0 0 0 0 0 0 0 0 0 0 0 0 0 0 0 0 0 0 0 0 0 0 0 0 0 0 0 0 0 0 0 0 0 0 0 0 0 0 0 0 
0 0 0 0 0 0 0 0 0 0 0 0 0 0 0 0 0 0 0 0 0 0 0 0 0 0 0 0 0 0 0 0 0 0 0 0 0 0 0 0 0 0 0 0 0 0 0 0 0 0 0 0 0 0 0 0 0 0 0 0 0 0 0 0 0 0 0 0 0 0 0 0 0 0 0 0 0 0 0 0 0 0 0 0 0 0 0 0 0 0 0 0 0 0 0 0 0 0 0 0 0 0 0 0 0 0 0 0 0 0 0 0 0 0 0 0 0 0 0 0 0 0 0 0 0 0 0 0 
0 0 0 0 0 0 0 0 0 0 0 0 0 0 0 0 0 0 0 0 0 0 0 0 0 0 0 0 0 0 0 0 0 0 0 0 0 0 0 0 0 0 0 0 0 0 0 0 0 0 0 0 0 0 0 0 0 0 0 0 0 0 0 0 0 0 0 0 0 0 0 0 0 0 0 0 0 0 0 0 0 0 0 0 0 0 0 0 0 0 0 0 0 0 0 0 0 0 0 0 0 0 0 0 0 0 0 0 0 0 0 0 0 0 0 0 0 0 0 0 0 0 0 0 0 0 0 0 
0 0 0 0 0 0 0 0 0 0 0 0 0 0 0 0 0 0 0 0 0 0 0 0 0 0 0 0 0 0 0 0 0 0 0 0 0 0 0 0 0 0 0 0 0 0 0 0 0 0 0 0 0 0 0 0 0 0 0 0 0 0 0 0 0 0 0 0 0 0 0 0 0 0 0 0 0 0 0 0 0 0 0 0 0 0 0 0 0 0 0 0 0 0 0 0 0 0 0 0 0 0 0 0 0 0 0 0 0 0 0 0 0 0 0 0 0 0 0 0 0 0 0 0 0 0 0 0 
0 0 0 0 0 0 0 0 0 0 0 0 0 0 0 0 0 0 0 0 0 0 0 0 0 0 0 0 0 0 0 0 0 0 0 0 0 0 0 0 0 0 0 0 0 0 0 0 0 0 0 0 0 0 0 0 0 0 0 0 0 0 0 0 0 0 0 0 0 0 0 0 0 0 0 0 0 0 0 0 0 0 0 0 0 0 0 0 0 0 0 0 0 0 0 0 0 0 0 0 0 0 0 0 0 0 0 0 0 0 0 0 0 0 0 0 0 0 0 0 0 0 0 0 0 0 0 0 
0 0 0 0 0 0 0 0 0 0 0 0 0 0 0 0 0 0 0 0 0 0 0 0 0 0 0 0 0 0 0 0 0 0 0 0 0 0 0 0 0 0 0 0 0 0 0 0 0 0 0 0 0 0 0 0 0 0 0 0 0 0 0 0 0 0 0 0 0 0 0 0 0 0 0 0 0 0 0 0 0 0 0 0 0 0 0 0 0 0 0 0 0 0 0 0 0 0 0 0 0 0 0 0 0 0 0 0 0 0 0 0 0 0 0 0 0 0 0 0 0 0 0 0 0 0 0 0 
0 0 0 0 0 0 0 0 0 0 0 0 0 0 0 0 0 0 0 0 0 0 0 0 0 0 0 0 0 0 0 0 0 0 0 0 0 0 0 0 0 0 0 0 0 0 0 0 0 0 0 0 0 0 0 0 0 0 0 0 0 0 0 0 0 0 0 0 0 0 0 0 0 0 0 0 0 0 0 0 0 0 0 0 0 0 0 0 0 0 0 0 0 0 0 0 0 0 0 0 0 0 0 0 0 0 0 0 0 0 0 0 0 0 0 0 0 0 0 0 0 0 0 0 0 0 0 0 
0 0 0 0 0 0 0 0 0 0 0 0 0 0 0 0 0 0 0 0 0 0 0 0 0 0 0 0 0 0 0 0 0 0 0 0 0 0 0 0 0 0 0 0 0 0 0 0 0 0 0 0 0 0 0 0 0 0 0 0 0 0 0 0 0 0 0 0 0 0 0 0 0 0 0 0 0 0 0 0 0 0 0 0 0 0 0 0 0 0 0 0 0 0 0 0 0 0 0 0 0 0 0 0 0 0 0 0 0 0 0 0 0 0 0 0 0 0 0 0 0 0 0 0 0 0 0 0 
0 0 0 0 0 0 0 0 0 0 0 0 0 0 0 0 0 0 0 0 0 0 0 0 0 0 0 0 0 0 0 0 0 0 0 0 0 0 0 0 0 0 0 0 0 0 0 0 0 0 0 0 0 0 0 0 0 0 0 0 0 0 0 0 0 0 0 0 0 0 0 0 0 0 0 0 0 0 0 0 0 0 0 0 0 0 0 0 0 0 0 0 0 0 0 0 0 0 0 0 0 0 0 0 0 0 0 0 0 0 0 0 0 0 0 0 0 0 0 0 0 0 0 0 0 0 0 0 
0 0 0 0 0 0 0 0 0 0 0 0 0 0 0 0 0 0 0 0 0 0 0 0 0 0 0 0 0 0 0 0 0 0 0 0 0 0 0 0 0 0 0 0 0 0 0 0 0 0 0 0 0 0 0 0 0 0 0 0 0 0 0 0 0 0 0 0 0 0 0 0 0 0 0 0 0 0 0 0 0 0 0 0 0 0 0 0 0 0 0 0 0 0 0 0 0 0 0 0 0 0 0 0 0 0 0 0 0 0 0 0 0 0 0 0 0 0 0 0 0 0 0 0 0 0 0 0 
0 0 0 0 0 0 0 0 0 0 0 0 0 0 0 0 0 0 0 0 0 0 0 0 0 0 0 0 0 0 0 0 0 0 0 0 0 0 0 0 0 0 0 0 0 0 0 0 0 0 0 0 0 0 0 0 0 0 0 0 0 0 0 0 0 0 0 0 0 0 0 0 0 0 0 0 0 0 0 0 0 0 0 0 0 0 0 0 0 0 0 0 0 0 0 0 0 0 0 0 0 0 0 0 0 0 0 0 0 0 0 0 0 0 0 0 0 0 0 0 0 0 0 0 0 0 0 0 
0 0 0 0 0 0 0 0 0 0 0 0 0 0 0 0 0 0 0 0 0 0 0 0 0 0 0 0 0 0 0 0 0 0 0 0 0 0 0 0 0 0 0 0 0 0 0 0 0 0 0 0 0 0 0 0 0 0 0 0 0 0 0 0 0 0 0 0 0 0 0 0 0 0 0 0 0 0 0 0 0 0 0 0 0 0 0 0 0 0 0 0 0 0 0 0 0 0 0 0 0 0 0 0 0 0 0 0 0 0 0 0 0 0 0 0 0 0 0 0 0 0 0 0 0 0 0 0 
0 0 0 0 0 0 0 0 0 0 0 0 0 0 0 0 0 0 0 0 0 0 0 0 0 0 0 0 0 0 0 0 0 0 0 0 0 0 0 0 0 0 0 0 0 0 0 0 0 0 0 0 0 0 0 0 0 0 0 0 0 0 0 0 0 0 0 0 0 0 0 0 0 0 0 0 0 0 0 0 0 0 0 0 0 0 0 0 0 0 0 0 0 0 0 0 0 0 0 0 0 0 0 0 0 0 0 0 0 0 0 0 0 0 0 0 0 0 0 0 0 0 0 0 0 0 0 0 
0 0 0 0 0 0 0 0 0 0 0 0 0 0 0 0 0 0 0 0 0 0 0 0 0 0 0 0 0 0 0 0 0 0 0 0 0 0 0 0 0 0 0 0 0 0 0 0 0 0 0 0 0 0 0 0 0 0 0 0 0 0 0 0 0 0 0 0 0 0 0 0 0 0 0 0 0 0 0 0 0 0 0 0 0 0 0 0 0 0 0 0 0 0 0 0 0 0 0 0 0 0 0 0 0 0 0 0 0 0 0 0 0 0 0 0 0 0 0 0 0 0 0 0 0 0 0 0 
0 0 0 0 0 0 0 0 0 0 0 0 0 0 0 0 0 0 0 0 0 0 0 0 0 0 0 0 0 0 0 0 0 0 0 0 0 0 0 0 0 0 0 0 0 0 0 0 0 0 0 0 0 0 0 0 0 0 0 0 0 0 0 0 0 0 0 0 0 0 0 0 0 0 0 0 0 0 0 0 0 0 0 0 0 0 0 0 0 0 0 0 0 0 0 0 0 0 0 0 0 0 0 0 0 0 0 0 0 0 0 0 0 0 0 0 0 0 0 0 0 0 0 0 0 0 0 0 
0 0 0 0 0 0 0 0 0 0 0 0 0 0 0 0 0 0 0 0 0 0 0 0 0 0 0 0 0 0 0 0 0 0 0 0 0 0 0 0 0 0 0 0 0 0 0 0 0 0 0 0 0 0 0 0 0 0 0 0 0 0 0 0 0 0 0 0 0 0 0 0 0 0 0 0 0 0 0 0 0 0 0 0 0 0 0 0 0 0 0 0 0 0 0 0 0 0 0 0 0 0 0 0 0 0 0 0 0 0 0 0 0 0 0 0 0 0 0 0 0 0 0 0 0 0 0 0 
0 0 0 0 0 0 0 0 0 0 0 0 0 0 0 0 0 0 0 0 0 0 0 0 0 0 0 0 0 0 0 0 0 0 0 0 0 0 0 0 0 0 0 0 0 0 0 0 0 0 0 0 0 0 0 0 0 0 0 0 0 0 0 0 0 0 0 0 0 0 0 0 0 0 0 0 0 0 0 0 0 0 0 0 0 0 0 0 0 0 0 0 0 0 0 0 0 0 0 0 0 0 0 0 0 0 0 0 0 0 0 0 0 0 0 0 0 0 0 0 0 0 0 0 0 0 0 0 
0 0 0 0 0 0 0 0 0 0 0 0 0 0 0 0 0 0 0 0 0 0 0 0 0 0 0 0 0 0 0 0 0 0 0 0 0 0 0 0 0 0 0 0 0 0 0 0 0 0 0 0 0 0 0 0 0 0 0 0 0 0 0 0 0 0 0 0 0 0 0 0 0 0 0 0 0 0 0 0 0 0 0 0 0 0 0 0 0 0 0 0 0 0 0 0 0 0 0 0 0 0 0 0 0 0 0 0 0 0 0 0 0 0 0 0 0 0 0 0 0 0 0 0 0 0 0 0 
0 0 0 0 0 0 0 0 0 0 0 0 0 0 0 0 0 0 0 0 0 0 0 0 0 0 0 0 0 0 0 0 0 0 0 0 0 0 0 0 0 0 0 0 0 0 0 0 0 0 0 0 0 0 0 0 0 0 0 0 0 0 0 0 0 0 0 0 0 0 0 0 0 0 0 0 0 0 0 0 0 0 0 0 0 0 0 0 0 0 0 0 0 0 0 0 0 0 0 0 0 0 0 0 0 0 0 0 0 0 0 0 0 0 0 0 0 0 0 0 0 0 0 0 0 0 0 0 
0 0 0 0 0 0 0 0 0 0 0 0 0 0 0 0 0 0 0 0 0 0 0 0 0 0 0 0 0 0 0 0 0 0 0 0 0 0 0 0 0 0 0 0 0 0 0 0 0 0 0 0 0 0 0 0 0 0 0 0 0 0 0 0 0 0 0 0 0 0 0 0 0 0 0 0 0 0 0 0 0 0 0 0 0 0 0 0 0 0 0 0 0 0 0 0 0 0 0 0 0 0 0 0 0 0 0 0 0 0 0 0 0 0 0 0 0 0 0 0 0 0 0 0 0 0 0 0 
0 0 0 0 0 0 0 0 0 0 0 0 0 0 0 0 0 0 0 0 0 0 0 0 0 0 0 0 0 0 0 0 0 0 0 0 0 0 0 0 0 0 0 0 0 0 0 0 0 0 0 0 0 0 0 0 0 0 0 0 0 0 0 0 0 0 0 0 0 0 0 0 0 0 0 0 0 0 0 0 0 0 0 0 0 0 0 0 0 0 0 0 0 0 0 0 0 0 0 0 0 0 0 0 0 0 0 0 0 0 0 0 0 0 0 0 0 0 0 0 0 0 0 0 0 0 0 0 
0 0 0 0 0 0 0 0 0 0 0 0 0 0 0 0 0 0 0 0 0 0 0 0 0 0 0 0 0 0 0 0 0 0 0 0 0 0 0 0 0 0 0 0 0 0 0 0 0 0 0 0 0 0 0 0 0 0 0 0 0 0 0 0 0 0 0 0 0 0 0 0 0 0 0 0 0 0 0 0 0 0 0 0 0 0 0 0 0 0 0 0 0 0 0 0 0 0 0 0 0 0 0 0 0 0 0 0 0 0 0 0 0 0 0 0 0 0 0 0 0 0 0 0 0 0 0 0 
0 0 0 0 0 0 0 0 0 0 0 0 0 0 0 0 0 0 0 0 0 0 0 0 0 0 0 0 0 0 0 0 0 0 0 0 0 0 0 0 0 0 0 0 0 0 0 0 0 0 0 0 0 0 0 0 0 0 0 0 0 0 0 0 0 0 0 0 0 0 0 0 0 0 0 0 0 0 0 0 0 0 0 0 0 0 0 0 0 0 0 0 0 0 0 0 0 0 0 0 0 0 0 0 0 0 0 0 0 0 0 0 0 0 0 0 0 0 0 0 0 0 0 0 0 0 0 0 
0 0 0 0 0 0 0 0 0 0 0 0 0 0 0 0 0 0 0 0 0 0 0 0 0 0 0 0 0 0 0 0 0 0 0 0 0 0 0 0 0 0 0 0 0 0 0 0 0 0 0 0 0 0 0 0 0 0 0 0 0 0 0 0 0 0 0 0 0 0 0 0 0 0 0 0 0 0 0 0 0 0 0 0 0 0 0 0 0 0 0 0 0 0 0 0 0 0 0 0 0 0 0 0 0 0 0 0 0 0 0 0 0 0 0 0 0 0 0 0 0 0 0 0 0 0 0 0 
0 0 0 0 0 0 0 0 0 0 0 0 0 0 0 0 0 0 0 0 0 0 0 0 0 0 0 0 0 0 0 0 0 0 0 0 0 0 0 0 0 0 0 0 0 0 0 0 0 0 0 0 0 0 0 0 0 0 0 0 0 0 0 0 0 0 0 0 0 0 0 0 0 0 0 0 0 0 0 0 0 0 0 0 0 0 0 0 0 0 0 0 0 0 0 0 0 0 0 0 0 0 0 0 0 0 0 0 0 0 0 0 0 0 0 0 0 0 0 0 0 0 0 0 0 0 0 0 
0 0 0 0 0 0 0 0 0 0 0 0 0 0 0 0 0 0 0 0 0 0 0 0 0 0 0 0 0 0 0 0 0 0 0 0 0 0 0 0 0 0 0 0 0 0 0 0 0 0 0 0 0 0 0 0 0 0 0 0 0 0 0 0 0 0 0 0 0 0 0 0 0 0 0 0 0 0 0 0 0 0 0 0 0 0 0 0 0 0 0 0 0 0 0 0 0 0 0 0 0 0 0 0 0 0 0 0 0 0 0 0 0 0 0 0 0 0 0 0 0 0 0 0 0 0 0 0 
0 0 0 0 0 0 0 0 0 0 0 0 0 0 0 0 0 0 0 0 0 0 0 0 0 0 0 0 0 0 0 0 0 0 0 0 0 0 0 0 0 0 0 0 0 0 0 0 0 0 0 0 0 0 0 0 0 0 0 0 0 0 0 0 0 0 0 0 0 0 0 0 0 0 0 0 0 0 0 0 0 0 0 0 0 0 0 0 0 0 0 0 0 0 0 0 0 0 0 0 0 0 0 0 0 0 0 0 0 0 0 0 0 0 0 0 0 0 0 0 0 0 0 0 0 0 0 0 
0 0 0 0 0 0 0 0 0 0 0 0 0 0 0 0 0 0 0 0 0 0 0 0 0 0 0 0 0 0 0 0 0 0 0 0 0 0 0 0 0 0 0 0 0 0 0 0 0 0 0 0 0 0 0 0 0 0 0 0 0 0 0 0 0 0 0 0 0 0 0 0 0 0 0 0 0 0 0 0 0 0 0 0 0 0 0 0 0 0 0 0 0 0 0 0 0 0 0 0 0 0 0 0 0 0 0 0 0 0 0 0 0 0 0 0 0 0 0 0 0 0 0 0 0 0 0 0 
0 0 0 0 0 0 0 0 0 0 0 0 0 0 0 0 0 0 0 0 0 0 0 0 0 0 0 0 0 0 0 0 0 0 0 0 0 0 0 0 0 0 0 0 0 0 0 0 0 0 0 0 0 0 0 0 0 0 0 0 0 0 0 0 0 0 0 0 0 0 0 0 0 0 0 0 0 0 0 0 0 0 0 0 0 0 0 0 0 0 0 0 0 0 0 0 0 0 0 0 0 0 0 0 0 0 0 0 0 0 0 0 0 0 0 0 0 0 0 0 0 0 0 0 0 0 0 0 
0 0 0 0 0 0 0 0 0 0 0 0 0 0 0 0 0 0 0 0 0 0 0 0 0 0 0 0 0 0 0 0 0 0 0 0 0 0 0 0 0 0 0 0 0 0 0 0 0 0 0 0 0 0 0 0 0 0 0 0 0 0 0 0 0 0 0 0 0 0 0 0 0 0 0 0 0 0 0 0 0 0 0 0 0 0 0 0 0 0 0 0 0 0 0 0 0 0 0 0 0 0 0 0 0 0 0 0 0 0 0 0 0 0 0 0 0 0 0 0 0 0 0 0 0 0 0 0 
0 0 0 0 0 0 0 0 0 0 0 0 0 0 0 0 0 0 0 0 0 0 0 0 0 0 0 0 0 0 0 0 0 0 0 0 0 0 0 0 0 0 0 0 0 0 0 0 0 0 0 0 0 0 0 0 0 0 0 0 0 0 0 0 0 0 0 0 0 0 0 0 0 0 0 0 0 0 0 0 0 0 0 0 0 0 0 0 0 0 0 0 0 0 0 0 0 0 0 0 0 0 0 0 0 0 0 0 0 0 0 0 0 0 0 0 0 0 0 0 0 0 0 0 0 0 0 0 
0 0 0 0 0 0 0 0 0 0 0 0 0 0 0 0 0 0 0 0 0 0 0 0 0 0 0 0 0 0 0 0 0 0 0 0 0 0 0 0 0 0 0 0 0 0 0 0 0 0 0 0 0 0 0 0 0 0 0 0 0 0 0 0 0 0 0 0 0 0 0 0 0 0 0 0 0 0 0 0 0 0 0 0 0 0 0 0 0 0 0 0 0 0 0 0 0 0 0 0 0 0 0 0 0 0 0 0 0 0 0 0 0 0 0 0 0 0 0 0 0 0 0 0 0 0 0 0 
0 0 0 0 0 0 0 0 0 0 0 0 0 0 0 0 0 0 0 0 0 0 0 0 0 0 0 0 0 0 0 0 0 0 0 0 0 0 0 0 0 0 0 0 0 0 0 0 0 0 0 0 0 0 0 0 0 0 0 0 0 0 0 0 0 0 0 0 0 0 0 0 0 0 0 0 0 0 0 0 0 0 0 0 0 0 0 0 0 0 0 0 0 0 0 0 0 0 0 0 0 0 0 0 0 0 0 0 0 0 0 0 0 0 0 0 0 0 0 0 0 0 0 0 0 0 0 0 
0 0 0 0 0 0 0 0 0 0 0 0 0 0 0 0 0 0 0 0 0 0 0 0 0 0 0 0 0 0 0 0 0 0 0 0 0 0 0 0 0 0 0 0 0 0 0 0 0 0 0 0 0 0 0 0 0 0 0 0 0 0 0 0 0 0 0 0 0 0 0 0 0 0 0 0 0 0 0 0 0 0 0 0 0 0 0 0 0 0 0 0 0 0 0 0 0 0 0 0 0 0 0 0 0 0 0 0 0 0 0 0 0 0 0 0 0 0 0 0 0 0 0 0 0 0 0 0 
0 0 0 0 0 0 0 0 0 0 0 0 0 0 0 0 0 0 0 0 0 0 0 0 0 0 0 0 0 0 0 0 0 0 0 0 0 0 0 0 0 0 0 0 0 0 0 0 0 0 0 0 0 0 0 0 0 0 0 0 0 0 0 0 0 0 0 0 0 0 0 0 0 0 0 0 0 0 0 0 0 0 0 0 0 0 0 0 0 0 0 0 0 0 0 0 0 0 0 0 0 0 0 0 0 0 0 0 0 0 0 0 0 0 0 0 0 0 0 0 0 0 0 0 0 0 0 0 
0 0 0 0 0 0 0 0 0 0 0 0 0 0 0 0 0 0 0 0 0 0 0 0 0 0 0 0 0 0 0 0 0 0 0 0 0 0 0 0 0 0 0 0 0 0 0 0 0 0 0 0 0 0 0 0 0 0 0 0 0 0 0 0 0 0 0 0 0 0 0 0 0 0 0 0 0 0 0 0 0 0 0 0 0 0 0 0 0 0 0 0 0 0 0 0 0 0 0 0 0 0 0 0 0 0 0 0 0 0 0 0 0 0 0 0 0 0 0 0 0 0 0 0 0 0 0 0 
0 0 0 0 0 0 0 0 0 0 0 0 0 0 0 0 0 0 0 0 0 0 0 0 0 0 0 0 0 0 0 0 0 0 0 0 0 0 0 0 0 0 0 0 0 0 0 0 0 0 0 0 0 0 0 0 0 0 0 0 0 0 0 0 0 0 0 0 0 0 0 0 0 0 0 0 0 0 0 0 0 0 0 0 0 0 0 0 0 0 0 0 0 0 0 0 0 0 0 0 0 0 0 0 0 0 0 0 0 0 0 0 0 0 0 0 0 0 0 0 0 0 0 0 0 0 0 0 
0 0 0 0 0 0 0 0 0 0 0 0 0 0 0 0 0 0 0 0 0 0 0 0 0 0 0 0 0 0 0 0 0 0 0 0 0 0 0 0 0 0 0 0 0 0 0 0 0 0 0 0 0 0 0 0 0 0 0 0 0 0 0 0 0 0 0 0 0 0 0 0 0 0 0 0 0 0 0 0 0 0 0 0 0 0 0 0 0 0 0 0 0 0 0 0 0 0 0 0 0 0 0 0 0 0 0 0 0 0 0 0 0 0 0 0 0 0 0 0 0 0 0 0 0 0 0 0 
0 0 0 0 0 0 0 0 0 0 0 0 0 0 0 0 0 0 0 0 0 0 0 0 0 0 0 0 0 0 0 0 0 0 0 0 0 0 0 0 0 0 0 0 0 0 0 0 0 0 0 0 0 0 0 0 0 0 0 0 0 0 0 0 0 0 0 0 0 0 0 0 0 0 0 0 0 0 0 0 0 0 0 0 0 0 0 0 0 0 0 0 0 0 0 0 0 0 0 0 0 0 0 0 0 0 0 0 0 0 0 0 0 0 0 0 0 0 0 0 0 0 0 0 0 0 0 0 
0 0 0 0 0 0 0 0 0 0 0 0 0 0 0 0 0 0 0 0 0 0 0 0 0 0 0 0 0 0 0 0 0 0 0 0 0 0 0 0 0 0 0 0 0 0 0 0 0 0 0 0 0 0 0 0 0 0 0 0 0 0 0 0 0 0 0 0 0 0 0 0 0 0 0 0 0 0 0 0 0 0 0 0 0 0 0 0 0 0 0 0 0 0 0 0 0 0 0 0 0 0 0 0 0 0 0 0 0 0 0 0 0 0 0 0 0 0 0 0 0 0 0 0 0 0 0 0 
0 0 0 0 0 0 0 0 0 0 0 0 0 0 0 0 0 0 0 0 0 0 0 0 0 0 0 0 0 0 0 0 0 0 0 0 0 0 0 0 0 0 0 0 0 0 0 0 0 0 0 0 0 0 0 0 0 0 0 0 0 0 0 0 0 0 0 0 0 0 0 0 0 0 0 0 0 0 0 0 0 0 0 0 0 0 0 0 0 0 0 0 0 0 0 0 0 0 0 0 0 0 0 0 0 0 0 0 0 0 0 0 0 0 0 0 0 0 0 0 0 0 0 0 0 0 0 0 
0 0 0 0 0 0 0 0 0 0 0 0 0 0 0 0 0 0 0 0 0 0 0 0 0 0 0 0 0 0 0 0 0 0 0 0 0 0 0 0 0 0 0 0 0 0 0 0 0 0 0 0 0 0 0 0 0 0 0 0 0 0 0 0 0 0 0 0 0 0 0 0 0 0 0 0 0 0 0 0 0 0 0 0 0 0 0 0 0 0 0 0 0 0 0 0 0 0 0 0 0 0 0 0 0 0 0 0 0 0 0 0 0 0 0 0 0 0 0 0 0 0 0 0 0 0 0 0 
0 0 0 0 0 0 0 0 0 0 0 0 0 0 0 0 0 0 0 0 0 0 0 0 0 0 0 0 0 0 0 0 0 0 0 0 0 0 0 0 0 0 0 0 0 0 0 0 0 0 0 0 0 0 0 0 0 0 0 0 0 0 0 0 0 0 0 0 0 0 0 0 0 0 0 0 0 0 0 0 0 0 0 0 0 0 0 0 0 0 0 0 0 0 0 0 0 0 0 0 0 0 0 0 0 0 0 0 0 0 0 0 0 0 0 0 0 0 0 0 0 0 0 0 0 0 0 0 
0 0 0 0 0 0 0 0 0 0 0 0 0 0 0 0 0 0 0 0 0 0 0 0 0 0 0 0 0 0 0 0 0 0 0 0 0 0 0 0 0 0 0 0 0 0 0 0 0 0 0 0 0 0 0 0 0 0 0 0 0 0 0 0 0 0 0 0 0 0 0 0 0 0 0 0 0 0 0 0 0 0 0 0 0 0 0 0 0 0 0 0 0 0 0 0 0 0 0 0 0 0 0 0 0 0 0 0 0 0 0 0 0 0 0 0 0 0 0 0 0 0 0 0 0 0 0 0 
0 0 0 0 0 0 0 0 0 0 0 0 0 0 0 0 0 0 0 0 0 0 0 0 0 0 0 0 0 0 0 0 0 0 0 0 0 0 0 0 0 0 0 0 0 0 0 0 0 0 0 0 0 0 0 0 0 0 0 0 0 0 0 0 0 0 0 0 0 0 0 0 0 0 0 0 0 0 0 0 0 0 0 0 0 0 0 0 0 0 0 0 0 0 0 0 0 0 0 0 0 0 0 0 0 0 0 0 0 0 0 0 0 0 0 0 0 0 0 0 0 0 0 0 0 0 0 0 
0 0 0 0 0 0 0 0 0 0 0 0 0 0 0 0 0 0 0 0 0 0 0 0 0 0 0 0 0 0 0 0 0 0 0 0 0 0 0 0 0 0 0 0 0 0 0 0 0 0 0 0 0 0 0 0 0 0 0 0 0 0 0 0 0 0 0 0 0 0 0 0 0 0 0 0 0 0 0 0 0 0 0 0 0 0 0 0 0 0 0 0 0 0 0 0 0 0 0 0 0 0 0 0 0 0 0 0 0 0 0 0 0 0 0 0 0 0 0 0 0 0 0 0 0 0 0 0 
0 0 0 0 0 0 0 0 0 0 0 0 0 0 0 0 0 0 0 0 0 0 0 0 0 0 0 0 0 0 0 0 0 0 0 0 0 0 0 0 0 0 0 0 0 0 0 0 0 0 0 0 0 0 0 0 0 0 0 0 0 0 0 0 0 0 0 0 0 0 0 0 0 0 0 0 0 0 0 0 0 0 0 0 0 0 0 0 0 0 0 0 0 0 0 0 0 0 0 0 0 0 0 0 0 0 0 0 0 0 0 0 0 0 0 0 0 0 0 0 0 0 0 0 0 0 0 0 
0 0 0 0 0 0 0 0 0 0 0 0 0 0 0 0 0 0 0 0 0 0 0 0 0 0 0 0 0 0 0 0 0 0 0 0 0 0 0 0 0 0 0 0 0 0 0 0 0 0 0 0 0 0 0 0 0 0 0 0 0 0 0 0 0 0 0 0 0 0 0 0 0 0 0 0 0 0 0 0 0 0 0 0 0 0 0 0 0 0 0 0 0 0 0 0 0 0 0 0 0 0 0 0 0 0 0 0 0 0 0 0 0 0 0 0 0 0 0 0 0 0 0 0 0 0 0 0 
0 0 0 0 0 0 0 0 0 0 0 0 0 0 0 0 0 0 0 0 0 0 0 0 0 0 0 0 0 0 0 0 0 0 0 0 0 0 0 0 0 0 0 0 0 0 0 0 0 0 0 0 0 0 0 0 0 0 0 0 0 0 0 0 0 0 0 0 0 0 0 0 0 0 0 0 0 0 0 0 0 0 0 0 0 0 0 0 0 0 0 0 0 0 0 0 0 0 0 0 0 0 0 0 0 0 0 0 0 0 0 0 0 0 0 0 0 0 0 0 0 0 0 0 0 0 0 0 
0 0 0 0 0 0 0 0 0 0 0 0 0 0 0 0 0 0 0 0 0 0 0 0 0 0 0 0 0 0 0 0 0 0 0 0 0 0 0 0 0 0 0 0 0 0 0 0 0 0 0 0 0 0 0 0 0 0 0 0 0 0 0 0 0 0 0 0 0 0 0 0 0 0 0 0 0 0 0 0 0 0 0 0 0 0 0 0 0 0 0 0 0 0 0 0 0 0 0 0 0 0 0 0 0 0 0 0 0 0 0 0 0 0 0 0 0 0 0 0 0 0 0 0 0 0 0 0 
0 0 0 0 0 0 0 0 0 0 0 0 0 0 0 0 0 0 0 0 0 0 0 0 0 0 0 0 0 0 0 0 0 0 0 0 0 0 0 0 0 0 0 0 0 0 0 0 0 0 0 0 0 0 0 0 0 0 0 0 0 0 0 0 0 0 0 0 0 0 0 0 0 0 0 0 0 0 0 0 0 0 0 0 0 0 0 0 0 0 0 0 0 0 0 0 0 0 0 0 0 0 0 0 0 0 0 0 0 0 0 0 0 0 0 0 0 0 0 0 0 0 0 0 0 0 0 0 
0 0 0 0 0 0 0 0 0 0 0 0 0 0 0 0 0 0 0 0 0 0 0 0 0 0 0 0 0 0 0 0 0 0 0 0 0 0 0 0 0 0 0 0 0 0 0 0 0 0 0 0 0 0 0 0 0 0 0 0 0 0 0 0 0 0 0 0 0 0 0 0 0 0 0 0 0 0 0 0 0 0 0 0 0 0 0 0 0 0 0 0 0 0 0 0 0 0 0 0 0 0 0 0 0 0 0 0 0 0 0 0 0 0 0 0 0 0 0 0 0 0 0 0 0 0 0 0 
0 0 0 0 0 0 0 0 0 0 0 0 0 0 0 0 0 0 0 0 0 0 0 0 0 0 0 0 0 0 0 0 0 0 0 0 0 0 0 0 0 0 0 0 0 0 0 0 0 0 0 0 0 0 0 0 0 0 0 0 0 0 0 0 0 0 0 0 0 0 0 0 0 0 0 0 0 0 0 0 0 0 0 0 0 0 0 0 0 0 0 0 0 0 0 0 0 0 0 0 0 0 0 0 0 0 0 0 0 0 0 0 0 0 0 0 0 0 0 0 0 0 0 0 0 0 0 0 
0 0 0 0 0 0 0 0 0 0 0 0 0 0 0 0 0 0 0 0 0 0 0 0 0 0 0 0 0 0 0 0 0 0 0 0 0 0 0 0 0 0 0 0 0 0 0 0 0 0 0 0 0 0 0 0 0 0 0 0 0 0 0 0 0 0 0 0 0 0 0 0 0 0 0 0 0 0 0 0 0 0 0 0 0 0 0 0 0 0 0 0 0 0 0 0 0 0 0 0 0 0 0 0 0 0 0 0 0 0 0 0 0 0 0 0 0 0 0 0 0 0 0 0 0 0 0 0 
0 0 0 0 0 0 0 0 0 0 0 0 0 0 0 0 0 0 0 0 0 0 0 0 0 0 0 0 0 0 0 0 0 0 0 0 0 0 0 0 0 0 0 0 0 0 0 0 0 0 0 0 0 0 0 0 0 0 0 0 0 0 0 0 0 0 0 0 0 0 0 0 0 0 0 0 0 0 0 0 0 0 0 0 0 0 0 0 0 0 0 0 0 0 0 0 0 0 0 0 0 0 0 0 0 0 0 0 0 0 0 0 0 0 0 0 0 0 0 0 0 0 0 0 0 0 0 0 
0 0 0 0 0 0 0 0 0 0 0 0 0 0 0 0 0 0 0 0 0 0 0 0 0 0 0 0 0 0 0 0 0 0 0 0 0 0 0 0 0 0 0 0 0 0 0 0 0 0 0 0 0 0 0 0 0 0 0 0 0 0 0 0 0 0 0 0 0 0 0 0 0 0 0 0 0 0 0 0 0 0 0 0 0 0 0 0 0 0 0 0 0 0 0 0 0 0 0 0 0 0 0 0 0 0 0 0 0 0 0 0 0 0 0 0 0 0 0 0 0 0 0 0 0 0 0 0 
0 0 0 0 0 0 0 0 0 0 0 0 0 0 0 0 0 0 0 0 0 0 0 0 0 0 0 0 0 0 0 0 0 0 0 0 0 0 0 0 0 0 0 0 0 0 0 0 0 0 0 0 0 0 0 0 0 0 0 0 0 0 0 0 0 0 0 0 0 0 0 0 0 0 0 0 0 0 0 0 0 0 0 0 0 0 0 0 0 0 0 0 0 0 0 0 0 0 0 0 0 0 0 0 0 0 0 0 0 0 0 0 0 0 0 0 0 0 0 0 0 0 0 0 0 0 0 0 
0 0 0 0 0 0 0 0 0 0 0 0 0 0 0 0 0 0 0 0 0 0 0 0 0 0 0 0 0 0 0 0 0 0 0 0 0 0 0 0 0 0 0 0 0 0 0 0 0 0 0 0 0 0 0 0 0 0 0 0 0 0 0 0 0 0 0 0 0 0 0 0 0 0 0 0 0 0 0 0 0 0 0 0 0 0 0 0 0 0 0 0 0 0 0 0 0 0 0 0 0 0 0 0 0 0 0 0 0 0 0 0 0 0 0 0 0 0 0 0 0 0 0 0 0 0 0 0 
0 0 0 0 0 0 0 0 0 0 0 0 0 0 0 0 0 0 0 0 0 0 0 0 0 0 0 0 0 0 0 0 0 0 0 0 0 0 0 0 0 0 0 0 0 0 0 0 0 0 0 0 0 0 0 0 0 0 0 0 0 0 0 0 0 0 0 0 0 0 0 0 0 0 0 0 0 0 0 0 0 0 0 0 0 0 0 0 0 0 0 0 0 0 0 0 0 0 0 0 0 0 0 0 0 0 0 0 0 0 0 0 0 0 0 0 0 0 0 0 0 0 0 0 0 0 0 0 
0 0 0 0 0 0 0 0 0 0 0 0 0 0 0 0 0 0 0 0 0 0 0 0 0 0 0 0 0 0 0 0 0 0 0 0 0 0 0 0 0 0 0 0 0 0 0 0 0 0 0 0 0 0 0 0 0 0 0 0 0 0 0 0 0 0 0 0 0 0 0 0 0 0 0 0 0 0 0 0 0 0 0 0 0 0 0 0 0 0 0 0 0 0 0 0 0 0 0 0 0 0 0 0 0 0 0 0 0 0 0 0 0 0 0 0 0 0 0 0 0 0 0 0 0 0 0 0 
0 0 0 0 0 0 0 0 0 0 0 0 0 0 0 0 0 0 0 0 0 0 0 0 0 0 0 0 0 0 0 0 0 0 0 0 0 0 0 0 0 0 0 0 0 0 0 0 0 0 0 0 0 0 0 0 0 0 0 0 0 0 0 0 0 0 0 0 0 0 0 0 0 0 0 0 0 0 0 0 0 0 0 0 0 0 0 0 0 0 0 0 0 0 0 0 0 0 0 0 0 0 0 0 0 0 0 0 0 0 0 0 0 0 0 0 0 0 0 0 0 0 0 0 0 0 0 0 
0 0 0 0 0 0 0 0 0 0 0 0 0 0 0 0 0 0 0 0 0 0 0 0 0 0 0 0 0 0 0 0 0 0 0 0 0 0 0 0 0 0 0 0 0 0 0 0 0 0 0 0 0 0 0 0 0 0 0 0 0 0 0 0 0 0 0 0 0 0 0 0 0 0 0 0 0 0 0 0 0 0 0 0 0 0 0 0 0 0 0 0 0 0 0 0 0 0 0 0 0 0 0 0 0 0 0 0 0 0 0 0 0 0 0 0 0 0 0 0 0 0 0 0 0 0 0 0 
0 0 0 0 0 0 0 0 0 0 0 0 0 0 0 0 0 0 0 0 0 0 0 0 0 0 0 0 0 0 0 0 0 0 0 0 0 0 0 0 0 0 0 0 0 0 0 0 0 0 0 0 0 0 0 0 0 0 0 0 0 0 0 0 0 0 0 0 0 0 0 0 0 0 0 0 0 0 0 0 0 0 0 0 0 0 0 0 0 0 0 0 0 0 0 0 0 0 0 0 0 0 0 0 0 0 0 0 0 0 0 0 0 0 0 0 0 0 0 0 0 0 0 0 0 0 0 0 
0 0 0 0 0 0 0 0 0 0 0 0 0 0 0 0 0 0 0 0 0 0 0 0 0 0 0 0 0 0 0 0 0 0 0 0 0 0 0 0 0 0 0 0 0 0 0 0 0 0 0 0 0 0 0 0 0 0 0 0 0 0 0 0 0 0 0 0 0 0 0 0 0 0 0 0 0 0 0 0 0 0 0 0 0 0 0 0 0 0 0 0 0 0 0 0 0 0 0 0 0 0 0 0 0 0 0 0 0 0 0 0 0 0 0 0 0 0 0 0 0 0 0 0 0 0 0 0 
0 0 0 0 0 0 0 0 0 0 0 0 0 0 0 0 0 0 0 0 0 0 0 0 0 0 0 0 0 0 0 0 0 0 0 0 0 0 0 0 0 0 0 0 0 0 0 0 0 0 0 0 0 0 0 0 0 0 0 0 0 0 0 0 0 0 0 0 0 0 0 0 0 0 0 0 0 0 0 0 0 0 0 0 0 0 0 0 0 0 0 0 0 0 0 0 0 0 0 0 0 0 0 0 0 0 0 0 0 0 0 0 0 0 0 0 0 0 0 0 0 0 0 0 0 0 0 0 
0 0 0 0 0 0 0 0 0 0 0 0 0 0 0 0 0 0 0 0 0 0 0 0 0 0 0 0 0 0 0 0 0 0 0 0 0 0 0 0 0 0 0 0 0 0 0 0 0 0 0 0 0 0 0 0 0 0 0 0 0 0 0 0 0 0 0 0 0 0 0 0 0 0 0 0 0 0 0 0 0 0 0 0 0 0 0 0 0 0 0 0 0 0 0 0 0 0 0 0 0 0 0 0 0 0 0 0 0 0 0 0 0 0 0 0 0 0 0 0 0 0 0 0 0 0 0 0 
0 0 0 0 0 0 0 0 0 0 0 0 0 0 0 0 0 0 0 0 0 0 0 0 0 0 0 0 0 0 0 0 0 0 0 0 0 0 0 0 0 0 0 0 0 0 0 0 0 0 0 0 0 0 0 0 0 0 0 0 0 0 0 0 0 0 0 0 0 0 0 0 0 0 0 0 0 0 0 0 0 0 0 0 0 0 0 0 0 0 0 0 0 0 0 0 0 0 0 0 0 0 0 0 0 0 0 0 0 0 0 0 0 0 0 0 0 0 0 0 0 0 0 0 0 0 0 0 
0 0 0 0 0 0 0 0 0 0 0 0 0 0 0 0 0 0 0 0 0 0 0 0 0 0 0 0 0 0 0 0 0 0 0 0 0 0 0 0 0 0 0 0 0 0 0 0 0 0 0 0 0 0 0 0 0 0 0 0 0 0 0 0 0 0 0 0 0 0 0 0 0 0 0 0 0 0 0 0 0 0 0 0 0 0 0 0 0 0 0 0 0 0 0 0 0 0 0 0 0 0 0 0 0 0 0 0 0 0 0 0 0 0 0 0 0 0 0 0 0 0 0 0 0 0 0 0 
0 0 0 0 0 0 0 0 0 0 0 0 0 0 0 0 0 0 0 0 0 0 0 0 0 0 0 0 0 0 0 0 0 0 0 0 0 0 0 0 0 0 0 0 0 0 0 0 0 0 0 0 0 0 0 0 0 0 0 0 0 0 0 0 0 0 0 0 0 0 0 0 0 0 0 0 0 0 0 0 0 0 0 0 0 0 0 0 0 0 0 0 0 0 0 0 0 0 0 0 0 0 0 0 0 0 0 0 0 0 0 0 0 0 0 0 0 0 0 0 0 0 0 0 0 0 0 0 
0 0 0 0 0 0 0 0 0 0 0 0 0 0 0 0 0 0 0 0 0 0 0 0 0 0 0 0 0 0 0 0 0 0 0 0 0 0 0 0 0 0 0 0 0 0 0 0 0 0 0 0 0 0 0 0 0 0 0 0 0 0 0 0 0 0 0 0 0 0 0 0 0 0 0 0 0 0 0 0 0 0 0 0 0 0 0 0 0 0 0 0 0 0 0 0 0 0 0 0 0 0 0 0 0 0 0 0 0 0 0 0 0 0 0 0 0 0 0 0 0 0 0 0 0 0 0 0 
0 0 0 0 0 0 0 0 0 0 0 0 0 0 0 0 0 0 0 0 0 0 0 0 0 0 0 0 0 0 0 0 0 0 0 0 0 0 0 0 0 0 0 0 0 0 0 0 0 0 0 0 0 0 0 0 0 0 0 0 0 0 0 0 0 0 0 0 0 0 0 0 0 0 0 0 0 0 0 0 0 0 0 0 0 0 0 0 0 0 0 0 0 0 0 0 0 0 0 0 0 0 0 0 0 0 0 0 0 0 0 0 0 0 0 0 0 0 0 0 0 0 0 0 0 0 0 0 
0 0 0 0 0 0 0 0 0 0 0 0 0 0 0 0 0 0 0 0 0 0 0 0 0 0 0 0 0 0 0 0 0 0 0 0 0 0 0 0 0 0 0 0 0 0 0 0 0 0 0 0 0 0 0 0 0 0 0 0 0 0 0 0 0 0 0 0 0 0 0 0 0 0 0 0 0 0 0 0 0 0 0 0 0 0 0 0 0 0 0 0 0 0 0 0 0 0 0 0 0 0 0 0 0 0 0 0 0 0 0 0 0 0 0 0 0 0 0 0 0 0 0 0 0 0 0 0 
0 0 0 0 0 0 0 0 0 0 0 0 0 0 0 0 0 0 0 0 0 0 0 0 0 0 0 0 0 0 0 0 0 0 0 0 0 0 0 0 0 0 0 0 0 0 0 0 0 0 0 0 0 0 0 0 0 0 0 0 0 0 0 0 0 0 0 0 0 0 0 0 0 0 0 0 0 0 0 0 0 0 0 0 0 0 0 0 0 0 0 0 0 0 0 0 0 0 0 0 0 0 0 0 0 0 0 0 0 0 0 0 0 0 0 0 0 0 0 0 0 0 0 0 0 0 0 0 
0 0 0 0 0 0 0 0 0 0 0 0 0 0 0 0 0 0 0 0 0 0 0 0 0 0 0 0 0 0 0 0 0 0 0 0 0 0 0 0 0 0 0 0 0 0 0 0 0 0 0 0 0 0 0 0 0 0 0 0 0 0 0 0 0 0 0 0 0 0 0 0 0 0 0 0 0 0 0 0 0 0 0 0 0 0 0 0 0 0 0 0 0 0 0 0 0 0 0 0 0 0 0 0 0 0 0 0 0 0 0 0 0 0 0 0 0 0 0 0 0 0 0 0 0 0 0 0 
0 0 0 0 0 0 0 0 0 0 0 0 0 0 0 0 0 0 0 0 0 0 0 0 0 0 0 0 0 0 0 0 0 0 0 0 0 0 0 0 0 0 0 0 0 0 0 0 0 0 0 0 0 0 0 0 0 0 0 0 0 0 0 0 0 0 0 0 0 0 0 0 0 0 0 0 0 0 0 0 0 0 0 0 0 0 0 0 0 0 0 0 0 0 0 0 0 0 0 0 0 0 0 0 0 0 0 0 0 0 0 0 0 0 0 0 0 0 0 0 0 0 0 0 0 0 0 0 
0 0 0 0 0 0 0 0 0 0 0 0 0 0 0 0 0 0 0 0 0 0 0 0 0 0 0 0 0 0 0 0 0 0 0 0 0 0 0 0 0 0 0 0 0 0 0 0 0 0 0 0 0 0 0 0 0 0 0 0 0 0 0 0 0 0 0 0 0 0 0 0 0 0 0 0 0 0 0 0 0 0 0 0 0 0 0 0 0 0 0 0 0 0 0 0 0 0 0 0 0 0 0 0 0 0 0 0 0 0 0 0 0 0 0 0 0 0 0 0 0 0 0 0 0 0 0 0 
0 0 0 0 0 0 0 0 0 0 0 0 0 0 0 0 0 0 0 0 0 0 0 0 0 0 0 0 0 0 0 0 0 0 0 0 0 0 0 0 0 0 0 0 0 0 0 0 0 0 0 0 0 0 0 0 0 0 0 0 0 0 0 0 0 0 0 0 0 0 0 0 0 0 0 0 0 0 0 0 0 0 0 0 0 0 0 0 0 0 0 0 0 0 0 0 0 0 0 0 0 0 0 0 0 0 0 0 0 0 0 0 0 0 0 0 0 0 0 0 0 0 0 0 0 0 0 0 
0 0 0 0 0 0 0 0 0 0 0 0 0 0 0 0 0 0 0 0 0 0 0 0 0 0 0 0 0 0 0 0 0 0 0 0 0 0 0 0 0 0 0 0 0 0 0 0 0 0 0 0 0 0 0 0 0 0 0 0 0 0 0 0 0 0 0 0 0 0 0 0 0 0 0 0 0 0 0 0 0 0 0 0 0 0 0 0 0 0 0 0 0 0 0 0 0 0 0 0 0 0 0 0 0 0 0 0 0 0 0 0 0 0 0 0 0 0 0 0 0 0 0 0 0 0 0 0 
0 0 0 0 0 0 0 0 0 0 0 0 0 0 0 0 0 0 0 0 0 0 0 0 0 0 0 0 0 0 0 0 0 0 0 0 0 0 0 0 0 0 0 0 0 0 0 0 0 0 0 0 0 0 0 0 0 0 0 0 0 0 0 0 0 0 0 0 0 0 0 0 0 0 0 0 0 0 0 0 0 0 0 0 0 0 0 0 0 0 0 0 0 0 0 0 0 0 0 0 0 0 0 0 0 0 0 0 0 0 0 0 0 0 0 0 0 0 0 0 0 0 0 0 0 0 0 0 
0 0 0 0 0 0 0 0 0 0 0 0 0 0 0 0 0 0 0 0 0 0 0 0 0 0 0 0 0 0 0 0 0 0 0 0 0 0 0 0 0 0 0 0 0 0 0 0 0 0 0 0 0 0 0 0 0 0 0 0 0 0 0 0 0 0 0 0 0 0 0 0 0 0 0 0 0 0 0 0 0 0 0 0 0 0 0 0 0 0 0 0 0 0 0 0 0 0 0 0 0 0 0 0 0 0 0 0 0 0 0 0 0 0 0 0 0 0 0 0 0 0 0 0 0 0 0 0 
0 0 0 0 0 0 0 0 0 0 0 0 0 0 0 0 0 0 0 0 0 0 0 0 0 0 0 0 0 0 0 0 0 0 0 0 0 0 0 0 0 0 0 0 0 0 0 0 0 0 0 0 0 0 0 0 0 0 0 0 0 0 0 0 0 0 0 0 0 0 0 0 0 0 0 0 0 0 0 0 0 0 0 0 0 0 0 0 0 0 0 0 0 0 0 0 0 0 0 0 0 0 0 0 0 0 0 0 0 0 0 0 0 0 0 0 0 0 0 0 0 0 0 0 0 0 0 0 
0 0 0 0 0 0 0 0 0 0 0 0 0 0 0 0 0 0 0 0 0 0 0 0 0 0 0 0 0 0 0 0 0 0 0 0 0 0 0 0 0 0 0 0 0 0 0 0 0 0 0 0 0 0 0 0 0 0 0 0 0 0 0 0 0 0 0 0 0 0 0 0 0 0 0 0 0 0 0 0 0 0 0 0 0 0 0 0 0 0 0 0 0 0 0 0 0 0 0 0 0 0 0 0 0 0 0 0 0 0 0 0 0 0 0 0 0 0 0 0 0 0 0 0 0 0 0 0 
0 0 0 0 0 0 0 0 0 0 0 0 0 0 0 0 0 0 0 0 0 0 0 0 0 0 0 0 0 0 0 0 0 0 0 0 0 0 0 0 0 0 0 0 0 0 0 0 0 0 0 0 0 0 0 0 0 0 0 0 0 0 0 0 0 0 0 0 0 0 0 0 0 0 0 0 0 0 0 0 0 0 0 0 0 0 0 0 0 0 0 0 0 0 0 0 0 0 0 0 0 0 0 0 0 0 0 0 0 0 0 0 0 0 0 0 0 0 0 0 0 0 0 0 0 0 0 0 
0 0 0 0 0 0 0 0 0 0 0 0 0 0 0 0 0 0 0 0 0 0 0 0 0 0 0 0 0 0 0 0 0 0 0 0 0 0 0 0 0 0 0 0 0 0 0 0 0 0 0 0 0 0 0 0 0 0 0 0 0 0 0 0 0 0 0 0 0 0 0 0 0 0 0 0 0 0 0 0 0 0 0 0 0 0 0 0 0 0 0 0 0 0 0 0 0 0 0 0 0 0 0 0 0 0 0 0 0 0 0 0 0 0 0 0 0 0 0 0 0 0 0 0 0 0 0 0 
0 0 0 0 0 0 0 0 0 0 0 0 0 0 0 0 0 0 0 0 0 0 0 0 0 0 0 0 0 0 0 0 0 0 0 0 0 0 0 0 0 0 0 0 0 0 0 0 0 0 0 0 0 0 0 0 0 0 0 0 0 0 0 0 0 0 0 0 0 0 0 0 0 0 0 0 0 0 0 0 0 0 0 0 0 0 0 0 0 0 0 0 0 0 0 0 0 0 0 0 0 0 0 0 0 0 0 0 0 0 0 0 0 0 0 0 0 0 0 0 0 0 0 0 0 0 0 0 
0 0 0 0 0 0 0 0 0 0 0 0 0 0 0 0 0 0 0 0 0 0 0 0 0 0 0 0 0 0 0 0 0 0 0 0 0 0 0 0 0 0 0 0 0 0 0 0 0 0 0 0 0 0 0 0 0 0 0 0 0 0 0 0 0 0 0 0 0 0 0 0 0 0 0 0 0 0 0 0 0 0 0 0 0 0 0 0 0 0 0 0 0 0 0 0 0 0 0 0 0 0 0 0 0 0 0 0 0 0 0 0 0 0 0 0 0 0 0 0 0 0 0 0 0 0 0 0 
0 0 0 0 0 0 0 0 0 0 0 0 0 0 0 0 0 0 0 0 0 0 0 0 0 0 0 0 0 0 0 0 0 0 0 0 0 0 0 0 0 0 0 0 0 0 0 0 0 0 0 0 0 0 0 0 0 0 0 0 0 0 0 0 0 0 0 0 0 0 0 0 0 0 0 0 0 0 0 0 0 0 0 0 0 0 0 0 0 0 0 0 0 0 0 0 0 0 0 0 0 0 0 0 0 0 0 0 0 0 0 0 0 0 0 0 0 0 0 0 0 0 0 0 0 0 0 0 
0 0 0 0 0 0 0 0 0 0 0 0 0 0 0 0 0 0 0 0 0 0 0 0 0 0 0 0 0 0 0 0 0 0 0 0 0 0 0 0 0 0 0 0 0 0 0 0 0 0 0 0 0 0 0 0 0 0 0 0 0 0 0 0 0 0 0 0 0 0 0 0 0 0 0 0 0 0 0 0 0 0 0 0 0 0 0 0 0 0 0 0 0 0 0 0 0 0 0 0 0 0 0 0 0 0 0 0 0 0 0 0 0 0 0 0 0 0 0 0 0 0 0 0 0 0 0 0 
0 0 0 0 0 0 0 0 0 0 0 0 0 0 0 0 0 0 0 0 0 0 0 0 0 0 0 0 0 0 0 0 0 0 0 0 0 0 0 0 0 0 0 0 0 0 0 0 0 0 0 0 0 0 0 0 0 0 0 0 0 0 0 0 0 0 0 0 0 0 0 0 0 0 0 0 0 0 0 0 0 0 0 0 0 0 0 0 0 0 0 0 0 0 0 0 0 0 0 0 0 0 0 0 0 0 0 0 0 0 0 0 0 0 0 0 0 0 0 0 0 0 0 0 0 0 0 0 
0 0 0 0 0 0 0 0 0 0 0 0 0 0 0 0 0 0 0 0 0 0 0 0 0 0 0 0 0 0 0 0 0 0 0 0 0 0 0 0 0 0 0 0 0 0 0 0 0 0 0 0 0 0 0 0 0 0 0 0 0 0 0 0 0 0 0 0 0 0 0 0 0 0 0 0 0 0 0 0 0 0 0 0 0 0 0 0 0 0 0 0 0 0 0 0 0 0 0 0 0 0 0 0 0 0 0 0 0 0 0 0 0 0 0 0 0 0 0 0 0 0 0 0 0 0 0 0 
0 0 0 0 0 0 0 0 0 0 0 0 0 0 0 0 0 0 0 0 0 0 0 0 0 0 0 0 0 0 0 0 0 0 0 0 0 0 0 0 0 0 0 0 0 0 0 0 0 0 0 0 0 0 0 0 0 0 0 0 0 0 0 0 0 0 0 0 0 0 0 0 0 0 0 0 0 0 0 0 0 0 0 0 0 0 0 0 0 0 0 0 0 0 0 0 0 0 0 0 0 0 0 0 0 0 0 0 0 0 0 0 0 0 0 0 0 0 0 0 0 0 0 0 0 0 0 0 
0 0 0 0 0 0 0 0 0 0 0 0 0 0 0 0 0 0 0 0 0 0 0 0 0 0 0 0 0 0 0 0 0 0 0 0 0 0 0 0 0 0 0 0 0 0 0 0 0 0 0 0 0 0 0 0 0 0 0 0 0 0 0 0 0 0 0 0 0 0 0 0 0 0 0 0 0 0 0 0 0 0 0 0 0 0 0 0 0 0 0 0 0 0 0 0 0 0 0 0 0 0 0 0 0 0 0 0 0 0 0 0 0 0 0 0 0 0 0 0 0 0 0 0 0 0 0 0 
0 0 0 0 0 0 0 0 0 0 0 0 0 0 0 0 0 0 0 0 0 0 0 0 0 0 0 0 0 0 0 0 0 0 0 0 0 0 0 0 0 0 0 0 0 0 0 0 0 0 0 0 0 0 0 0 0 0 0 0 0 0 0 0 0 0 0 0 0 0 0 0 0 0 0 0 0 0 0 0 0 0 0 0 0 0 0 0 0 0 0 0 0 0 0 0 0 0 0 0 0 0 0 0 0 0 0 0 0 0 0 0 0 0 0 0 0 0 0 0 0 0 0 0 0 0 0 0 
0 0 0 0 0 0 0 0 0 0 0 0 0 0 0 0 0 0 0 0 0 0 0 0 0 0 0 0 0 0 0 0 0 0 0 0 0 0 0 0 0 0 0 0 0 0 0 0 0 0 0 0 0 0 0 0 0 0 0 0 0 0 0 0 0 0 0 0 0 0 0 0 0 0 0 0 0 0 0 0 0 0 0 0 0 0 0 0 0 0 0 0 0 0 0 0 0 0 0 0 0 0 0 0 0 0 0 0 0 0 0 0 0 0 0 0 0 0 0 0 0 0 0 0 0 0 0 0 
0 0 0 0 0 0 0 0 0 0 0 0 0 0 0 0 0 0 0 0 0 0 0 0 0 0 0 0 0 0 0 0 0 0 0 0 0 0 0 0 0 0 0 0 0 0 0 0 0 0 0 0 0 0 0 0 0 0 0 0 0 0 0 0 0 0 0 0 0 0 0 0 0 0 0 0 0 0 0 0 0 0 0 0 0 0 0 0 0 0 0 0 0 0 0 0 0 0 0 0 0 0 0 0 0 0 0 0 0 0 0 0 0 0 0 0 0 0 0 0 0 0 0 0 0 0 0 0 
0 0 0 0 0 0 0 0 0 0 0 0 0 0 0 0 0 0 0 0 0 0 0 0 0 0 0 0 0 0 0 0 0 0 0 0 0 0 0 0 0 0 0 0 0 0 0 0 0 0 0 0 0 0 0 0 0 0 0 0 0 0 0 0 0 0 0 0 0 0 0 0 0 0 0 0 0 0 0 0 0 0 0 0 0 0 0 0 0 0 0 0 0 0 0 0 0 0 0 0 0 0 0 0 0 0 0 0 0 0 0 0 0 0 0 0 0 0 0 0 0 0 0 0 0 0 0 0 
0 0 0 0 0 0 0 0 0 0 0 0 0 0 0 0 0 0 0 0 0 0 0 0 0 0 0 0 0 0 0 0 0 0 0 0 0 0 0 0 0 0 0 0 0 0 0 0 0 0 0 0 0 0 0 0 0 0 0 0 0 0 0 0 0 0 0 0 0 0 0 0 0 0 0 0 0 0 0 0 0 0 0 0 0 0 0 0 0 0 0 0 0 0 0 0 0 0 0 0 0 0 0 0 0 0 0 0 0 0 0 0 0 0 0 0 0 0 0 0 0 0 0 0 0 0 0 0 
0 0 0 0 0 0 0 0 0 0 0 0 0 0 0 0 0 0 0 0 0 0 0 0 0 0 0 0 0 0 0 0 0 0 0 0 0 0 0 0 0 0 0 0 0 0 0 0 0 0 0 0 0 0 0 0 0 0 0 0 0 0 0 0 0 0 0 0 0 0 0 0 0 0 0 0 0 0 0 0 0 0 0 0 0 0 0 0 0 0 0 0 0 0 0 0 0 0 0 0 0 0 0 0 0 0 0 0 0 0 0 0 0 0 0 0 0 0 0 0 0 0 0 0 0 0 0 0 
0 0 0 0 0 0 0 0 0 0 0 0 0 0 0 0 0 0 0 0 0 0 0 0 0 0 0 0 0 0 0 0 0 0 0 0 0 0 0 0 0 0 0 0 0 0 0 0 0 0 0 0 0 0 0 0 0 0 0 0 0 0 0 0 0 0 0 0 0 0 0 0 0 0 0 0 0 0 0 0 0 0 0 0 0 0 0 0 0 0 0 0 0 0 0 0 0 0 0 0 0 0 0 0 0 0 0 0 0 0 0 0 0 0 0 0 0 0 0 0 0 0 0 0 0 0 0 0 
0 0 0 0 0 0 0 0 0 0 0 0 0 0 0 0 0 0 0 0 0 0 0 0 0 0 0 0 0 0 0 0 0 0 0 0 0 0 0 0 0 0 0 0 0 0 0 0 0 0 0 0 0 0 0 0 0 0 0 0 0 0 0 0 0 0 0 0 0 0 0 0 0 0 0 0 0 0 0 0 0 0 0 0 0 0 0 0 0 0 0 0 0 0 0 0 0 0 0 0 0 0 0 0 0 0 0 0 0 0 0 0 0 0 0 0 0 0 0 0 0 0 0 0 0 0 0 0 
0 0 0 0 0 0 0 0 0 0 0 0 0 0 0 0 0 0 0 0 0 0 0 0 0 0 0 0 0 0 0 0 0 0 0 0 0 0 0 0 0 0 0 0 0 0 0 0 0 0 0 0 0 0 0 0 0 0 0 0 0 0 0 0 0 0 0 0 0 0 0 0 0 0 0 0 0 0 0 0 0 0 0 0 0 0 0 0 0 0 0 0 0 0 0 0 0 0 0 0 0 0 0 0 0 0 0 0 0 0 0 0 0 0 0 0 0 0 0 0 0 0 0 0 0 0 0 0 
0 0 0 0 0 0 0 0 0 0 0 0 0 0 0 0 0 0 0 0 0 0 0 0 0 0 0 0 0 0 0 0 0 0 0 0 0 0 0 0 0 0 0 0 0 0 0 0 0 0 0 0 0 0 0 0 0 0 0 0 0 0 0 0 0 0 0 0 0 0 0 0 0 0 0 0 0 0 0 0 0 0 0 0 0 0 0 0 0 0 0 0 0 0 0 0 0 0 0 0 0 0 0 0 0 0 0 0 0 0 0 0 0 0 0 0 0 0 0 0 0 0 0 0 0 0 0 0 
0 0 0 0 0 0 0 0 0 0 0 0 0 0 0 0 0 0 0 0 0 0 0 0 0 0 0 0 0 0 0 0 0 0 0 0 0 0 0 0 0 0 0 0 0 0 0 0 0 0 0 0 0 0 0 0 0 0 0 0 0 0 0 0 0 0 0 0 0 0 0 0 0 0 0 0 0 0 0 0 0 0 0 0 0 0 0 0 0 0 0 0 0 0 0 0 0 0 0 0 0 0 0 0 0 0 0 0 0 0 0 0 0 0 0 0 0 0 0 0 0 0 0 0 0 0 0 0 
0 0 0 0 0 0 0 0 0 0 0 0 0 0 0 0 0 0 0 0 0 0 0 0 0 0 0 0 0 0 0 0 0 0 0 0 0 0 0 0 0 0 0 0 0 0 0 0 0 0 0 0 0 0 0 0 0 0 0 0 0 0 0 0 0 0 0 0 0 0 0 0 0 0 0 0 0 0 0 0 0 0 0 0 0 0 0 0 0 0 0 0 0 0 0 0 0 0 0 0 0 0 0 0 0 0 0 0 0 0 0 0 0 0 0 0 0 0 0 0 0 0 0 0 0 0 0 0 
0 0 0 0 0 0 0 0 0 0 0 0 0 0 0 0 0 0 0 0 0 0 0 0 0 0 0 0 0 0 0 0 0 0 0 0 0 0 0 0 0 0 0 0 0 0 0 0 0 0 0 0 0 0 0 0 0 0 0 0 0 0 0 0 0 0 0 0 0 0 0 0 0 0 0 0 0 0 0 0 0 0 0 0 0 0 0 0 0 0 0 0 0 0 0 0 0 0 0 0 0 0 0 0 0 0 0 0 0 0 0 0 0 0 0 0 0 0 0 0 0 0 0 0 0 0 0 0 
0 0 0 0 0 0 0 0 0 0 0 0 0 0 0 0 0 0 0 0 0 0 0 0 0 0 0 0 0 0 0 0 0 0 0 0 0 0 0 0 0 0 0 0 0 0 0 0 0 0 0 0 0 0 0 0 0 0 0 0 0 0 0 0 0 0 0 0 0 0 0 0 0 0 0 0 0 0 0 0 0 0 0 0 0 0 0 0 0 0 0 0 0 0 0 0 0 0 0 0 0 0 0 0 0 0 0 0 0 0 0 0 0 0 0 0 0 0 0 0 0 0 0 0 0 0 0 0 
0 0 0 0 0 0 0 0 0 0 0 0 0 0 0 0 0 0 0 0 0 0 0 0 0 0 0 0 0 0 0 0 0 0 0 0 0 0 0 0 0 0 0 0 0 0 0 0 0 0 0 0 0 0 0 0 0 0 0 0 0 0 0 0 0 0 0 0 0 0 0 0 0 0 0 0 0 0 0 0 0 0 0 0 0 0 0 0 0 0 0 0 0 0 0 0 0 0 0 0 0 0 0 0 0 0 0 0 0 0 0 0 0 0 0 0 0 0 0 0 0 0 0 0 0 0 0 0 
0 0 0 0 0 0 0 0 0 0 0 0 0 0 0 0 0 0 0 0 0 0 0 0 0 0 0 0 0 0 0 0 0 0 0 0 0 0 0 0 0 0 0 0 0 0 0 0 0 0 0 0 0 0 0 0 0 0 0 0 0 0 0 0 0 0 0 0 0 0 0 0 0 0 0 0 0 0 0 0 0 0 0 0 0 0 0 0 0 0 0 0 0 0 0 0 0 0 0 0 0 0 0 0 0 0 0 0 0 0 0 0 0 0 0 0 0 0 0 0 0 0 0 0 0 0 0 0 
0 0 0 0 0 0 0 0 0 0 0 0 0 0 0 0 0 0 0 0 0 0 0 0 0 0 0 0 0 0 0 0 0 0 0 0 0 0 0 0 0 0 0 0 0 0 0 0 0 0 0 0 0 0 0 0 0 0 0 0 0 0 0 0 0 0 0 0 0 0 0 0 0 0 0 0 0 0 0 0 0 0 0 0 0 0 0 0 0 0 0 0 0 0 0 0 0 0 0 0 0 0 0 0 0 0 0 0 0 0 0 0 0 0 0 0 0 0 0 0 0 0 0 0 0 0 0 0 
0 0 0 0 0 0 0 0 0 0 0 0 0 0 0 0 0 0 0 0 0 0 0 0 0 0 0 0 0 0 0 0 0 0 0 0 0 0 0 0 0 0 0 0 0 0 0 0 0 0 0 0 0 0 0 0 0 0 0 0 0 0 0 0 0 0 0 0 0 0 0 0 0 0 0 0 0 0 0 0 0 0 0 0 0 0 0 0 0 0 0 0 0 0 0 0 0 0 0 0 0 0 0 0 0 0 0 0 0 0 0 0 0 0 0 0 0 0 0 0 0 0 0 0 0 0 0 0 
0 0 0 0 0 0 0 0 0 0 0 0 0 0 0 0 0 0 0 0 0 0 0 0 0 0 0 0 0 0 0 0 0 0 0 0 0 0 0 0 0 0 0 0 0 0 0 0 0 0 0 0 0 0 0 0 0 0 0 0 0 0 0 0 0 0 0 0 0 0 0 0 0 0 0 0 0 0 0 0 0 0 0 0 0 0 0 0 0 0 0 0 0 0 0 0 0 0 0 0 0 0 0 0 0 0 0 0 0 0 0 0 0 0 0 0 0 0 0 0 0 0 0 0 0 0 0 0 
0 0 0 0 0 0 0 0 0 0 0 0 0 0 0 0 0 0 0 0 0 0 0 0 0 0 0 0 0 0 0 0 0 0 0 0 0 0 0 0 0 0 0 0 0 0 0 0 0 0 0 0 0 0 0 0 0 0 0 0 0 0 0 0 0 0 0 0 0 0 0 0 0 0 0 0 0 0 0 0 0 0 0 0 0 0 0 0 0 0 0 0 0 0 0 0 0 0 0 0 0 0 0 0 0 0 0 0 0 0 0 0 0 0 0 0 0 0 0 0 0 0 0 0 0 0 0 0 
0 0 0 0 0 0 0 0 0 0 0 0 0 0 0 0 0 0 0 0 0 0 0 0 0 0 0 0 0 0 0 0 0 0 0 0 0 0 0 0 0 0 0 0 0 0 0 0 0 0 0 0 0 0 0 0 0 0 0 0 0 0 0 0 0 0 0 0 0 0 0 0 0 0 0 0 0 0 0 0 0 0 0 0 0 0 0 0 0 0 0 0 0 0 0 0 0 0 0 0 0 0 0 0 0 0 0 0 0 0 0 0 0 0 0 0 0 0 0 0 0 0 0 0 0 0 0 0 
0 0 0 0 0 0 0 0 0 0 0 0 0 0 0 0 0 0 0 0 0 0 0 0 0 0 0 0 0 0 0 0 0 0 0 0 0 0 0 0 0 0 0 0 0 0 0 0 0 0 0 0 0 0 0 0 0 0 0 0 0 0 0 0 0 0 0 0 0 0 0 0 0 0 0 0 0 0 0 0 0 0 0 0 0 0 0 0 0 0 0 0 0 0 0 0 0 0 0 0 0 0 0 0 0 0 0 0 0 0 0 0 0 0 0 0 0 0 0 0 0 0 0 0 0 0 0 0 
0 0 0 0 0 0 0 0 0 0 0 0 0 0 0 0 0 0 0 0 0 0 0 0 0 0 0 0 0 0 0 0 0 0 0 0 0 0 0 0 0 0 0 0 0 0 0 0 0 0 0 0 0 0 0 0 0 0 0 0 0 0 0 0 0 0 0 0 0 0 0 0 0 0 0 0 0 0 0 0 0 0 0 0 0 0 0 0 0 0 0 0 0 0 0 0 0 0 0 0 0 0 0 0 0 0 0 0 0 0 0 0 0 0 0 0 0 0 0 0 0 0 0 0 0 0 0 0 
0 0 0 0 0 0 0 0 0 0 0 0 0 0 0 0 0 0 0 0 0 0 0 0 0 0 0 0 0 0 0 0 0 0 0 0 0 0 0 0 0 0 0 0 0 0 0 0 0 0 0 0 0 0 0 0 0 0 0 0 0 0 0 0 0 0 0 0 0 0 0 0 0 0 0 0 0 0 0 0 0 0 0 0 0 0 0 0 0 0 0 0 0 0 0 0 0 0 0 0 0 0 0 0 0 0 0 0 0 0 0 0 0 0 0 0 0 0 0 0 0 0 0 0 0 0 0 0 
0 0 0 0 0 0 0 0 0 0 0 0 0 0 0 0 0 0 0 0 0 0 0 0 0 0 0 0 0 0 0 0 0 0 0 0 0 0 0 0 0 0 0 0 0 0 0 0 0 0 0 0 0 0 0 0 0 0 0 0 0 0 0 0 0 0 0 0 0 0 0 0 0 0 0 0 0 0 0 0 0 0 0 0 0 0 0 0 0 0 0 0 0 0 0 0 0 0 0 0 0 0 0 0 0 0 0 0 0 0 0 0 0 0 0 0 0 0 0 0 0 0 0 0 0 0 0 0 
0 0 0 0 0 0 0 0 0 0 0 0 0 0 0 0 0 0 0 0 0 0 0 0 0 0 0 0 0 0 0 0 0 0 0 0 0 0 0 0 0 0 0 0 0 0 0 0 0 0 0 0 0 0 0 0 0 0 0 0 0 0 0 0 0 0 0 0 0 0 0 0 0 0 0 0 0 0 0 0 0 0 0 0 0 0 0 0 0 0 0 0 0 0 0 0 0 0 0 0 0 0 0 0 0 0 0 0 0 0 0 0 0 0 0 0 0 0 0 0 0 0 0 0 0 0 0 0 
0 0 0 0 0 0 0 0 0 0 0 0 0 0 0 0 0 0 0 0 0 0 0 0 0 0 0 0 0 0 0 0 0 0 0 0 0 0 0 0 0 0 0 0 0 0 0 0 0 0 0 0 0 0 0 0 0 0 0 0 0 0 0 0 0 0 0 0 0 0 0 0 0 0 0 0 0 0 0 0 0 0 0 0 0 0 0 0 0 0 0 0 0 0 0 0 0 0 0 0 0 0 0 0 0 0 0 0 0 0 0 0 0 0 0 0 0 0 0 0 0 0 0 0 0 0 0 0 
0 0 0 0 0 0 0 0 0 0 0 0 0 0 0 0 0 0 0 0 0 0 0 0 0 0 0 0 0 0 0 0 0 0 0 0 0 0 0 0 0 0 0 0 0 0 0 0 0 0 0 0 0 0 0 0 0 0 0 0 0 0 0 0 0 0 0 0 0 0 0 0 0 0 0 0 0 0 0 0 0 0 0 0 0 0 0 0 0 0 0 0 0 0 0 0 0 0 0 0 0 0 0 0 0 0 0 0 0 0 0 0 0 0 0 0 0 0 0 0 0 0 0 0 0 0 0 0 
0 0 0 0 0 0 0 0 0 0 0 0 0 0 0 0 0 0 0 0 0 0 0 0 0 0 0 0 0 0 0 0 0 0 0 0 0 0 0 0 0 0 0 0 0 0 0 0 0 0 0 0 0 0 0 0 0 0 0 0 0 0 0 0 0 0 0 0 0 0 0 0 0 0 0 0 0 0 0 0 0 0 0 0 0 0 0 0 0 0 0 0 0 0 0 0 0 0 0 0 0 0 0 0 0 0 0 0 0 0 0 0 0 0 0 0 0 0 0 0 0 0 0 0 0 0 0 0 
0 0 0 0 0 0 0 0 0 0 0 0 0 0 0 0 0 0 0 0 0 0 0 0 0 0 0 0 0 0 0 0 0 0 0 0 0 0 0 0 0 0 0 0 0 0 0 0 0 0 0 0 0 0 0 0 0 0 0 0 0 0 0 0 0 0 0 0 0 0 0 0 0 0 0 0 0 0 0 0 0 0 0 0 0 0 0 0 0 0 0 0 0 0 0 0 0 0 0 0 0 0 0 0 0 0 0 0 0 0 0 0 0 0 0 0 0 0 0 0 0 0 0 0 0 0 0 0 
0 0 0 0 0 0 0 0 0 0 0 0 0 0 0 0 0 0 0 0 0 0 0 0 0 0 0 0 0 0 0 0 0 0 0 0 0 0 0 0 0 0 0 0 0 0 0 0 0 0 0 0 0 0 0 0 0 0 0 0 0 0 0 0 0 0 0 0 0 0 0 0 0 0 0 0 0 0 0 0 0 0 0 0 0 0 0 0 0 0 0 0 0 0 0 0 0 0 0 0 0 0 0 0 0 0 0 0 0 0 0 0 0 0 0 0 0 0 0 0 0 0 0 0 0 0 0 0 
0 0 0 0 0 0 0 0 0 0 0 0 0 0 0 0 0 0 0 0 0 0 0 0 0 0 0 0 0 0 0 0 0 0 0 0 0 0 0 0 0 0 0 0 0 0 0 0 0 0 0 0 0 0 0 0 0 0 0 0 0 0 0 0 0 0 0 0 0 0 0 0 0 0 0 0 0 0 0 0 0 0 0 0 0 0 0 0 0 0 0 0 0 0 0 0 0 0 0 0 0 0 0 0 0 0 0 0 0 0 0 0 0 0 0 0 0 0 0 0 0 0 0 0 0 0 0 0 
0 0 0 0 0 0 0 0 0 0 0 0 0 0 0 0 0 0 0 0 0 0 0 0 0 0 0 0 0 0 0 0 0 0 0 0 0 0 0 0 0 0 0 0 0 0 0 0 0 0 0 0 0 0 0 0 0 0 0 0 0 0 0 0 0 0 0 0 0 0 0 0 0 0 0 0 0 0 0 0 0 0 0 0 0 0 0 0 0 0 0 0 0 0 0 0 0 0 0 0 0 0 0 0 0 0 0 0 0 0 0 0 0 0 0 0 0 0 0 0 0 0 0 0 0 0 0 0 
0 0 0 0 0 0 0 0 0 0 0 0 0 0 0 0 0 0 0 0 0 0 0 0 0 0 0 0 0 0 0 0 0 0 0 0 0 0 0 0 0 0 0 0 0 0 0 0 0 0 0 0 0 0 0 0 0 0 0 0 0 0 0 0 0 0 0 0 0 0 0 0 0 0 0 0 0 0 0 0 0 0 0 0 0 0 0 0 0 0 0 0 0 0 0 0 0 0 0 0 0 0 0 0 0 0 0 0 0 0 0 0 0 0 0 0 0 0 0 0 0 0 0 0 0 0 0 0 
0 0 0 0 0 0 0 0 0 0 0 0 0 0 0 0 0 0 0 0 0 0 0 0 0 0 0 0 0 0 0 0 0 0 0 0 0 0 0 0 0 0 0 0 0 0 0 0 0 0 0 0 0 0 0 0 0 0 0 0 0 0 0 0 0 0 0 0 0 0 0 0 0 0 0 0 0 0 0 0 0 0 0 0 0 0 0 0 0 0 0 0 0 0 0 0 0 0 0 0 0 0 0 0 0 0 0 0 0 0 0 0 0 0 0 0 0 0 0 0 0 0 0 0 0 0 0 0 
0 0 0 0 0 0 0 0 0 0 0 0 0 0 0 0 0 0 0 0 0 0 0 0 0 0 0 0 0 0 0 0 0 0 0 0 0 0 0 0 0 0 0 0 0 0 0 0 0 0 0 0 0 0 0 0 0 0 0 0 0 0 0 0 0 0 0 0 0 0 0 0 0 0 0 0 0 0 0 0 0 0 0 0 0 0 0 0 0 0 0 0 0 0 0 0 0 0 0 0 0 0 0 0 0 0 0 0 0 0 0 0 0 0 0 0 0 0 0 0 0 0 0 0 0 0 0 0 
0 0 0 0 0 0 0 0 0 0 0 0 0 0 0 0 0 0 0 0 0 0 0 0 0 0 0 0 0 0 0 0 0 0 0 0 0 0 0 0 0 0 0 0 0 0 0 0 0 0 0 0 0 0 0 0 0 0 0 0 0 0 0 0 0 0 0 0 0 0 0 0 0 0 0 0 0 0 0 0 0 0 0 0 0 0 0 0 0 0 0 0 0 0 0 0 0 0 0 0 0 0 0 0 0 0 0 0 0 0 0 0 0 0 0 0 0 0 0 0 0 0 0 0 0 0 0 0 
0 0 0 0 0 0 0 0 0 0 0 0 0 0 0 0 0 0 0 0 0 0 0 0 0 0 0 0 0 0 0 0 0 0 0 0 0 0 0 0 0 0 0 0 0 0 0 0 0 0 0 0 0 0 0 0 0 0 0 0 0 0 0 0 0 0 0 0 0 0 0 0 0 0 0 0 0 0 0 0 0 0 0 0 0 0 0 0 0 0 0 0 0 0 0 0 0 0 0 0 0 0 0 0 0 0 0 0 0 0 0 0 0 0 0 0 0 0 0 0 0 0 0 0 0 0 0 0 
0 0 0 0 0 0 0 0 0 0 0 0 0 0 0 0 0 0 0 0 0 0 0 0 0 0 0 0 0 0 0 0 0 0 0 0 0 0 0 0 0 0 0 0 0 0 0 0 0 0 0 0 0 0 0 0 0 0 0 0 0 0 0 0 0 0 0 0 0 0 0 0 0 0 0 0 0 0 0 0 0 0 0 0 0 0 0 0 0 0 0 0 0 0 0 0 0 0 0 0 0 0 0 0 0 0 0 0 0 0 0 0 0 0 0 0 0 0 0 0 0 0 0 0 0 0 0 0 
0 0 0 0 0 0 0 0 0 0 0 0 0 0 0 0 0 0 0 0 0 0 0 0 0 0 0 0 0 0 0 0 0 0 0 0 0 0 0 0 0 0 0 0 0 0 0 0 0 0 0 0 0 0 0 0 0 0 0 0 0 0 0 0 0 0 0 0 0 0 0 0 0 0 0 0 0 0 0 0 0 0 0 0 0 0 0 0 0 0 0 0 0 0 0 0 0 0 0 0 0 0 0 0 0 0 0 0 0 0 0 0 0 0 0 0 0 0 0 0 0 0 0 0 0 0 0 0 
0 0 0 0 0 0 0 0 0 0 0 0 0 0 0 0 0 0 0 0 0 0 0 0 0 0 0 0 0 0 0 0 0 0 0 0 0 0 0 0 0 0 0 0 0 0 0 0 0 0 0 0 0 0 0 0 0 0 0 0 0 0 0 0 0 0 0 0 0 0 0 0 0 0 0 0 0 0 0 0 0 0 0 0 0 0 0 0 0 0 0 0 0 0 0 0 0 0 0 0 0 0 0 0 0 0 0 0 0 0 0 0 0 0 0 0 0 0 0 0 0 0 0 0 0 0 0 0 
0 0 0 0 0 0 0 0 0 0 0 0 0 0 0 0 0 0 0 0 0 0 0 0 0 0 0 0 0 0 0 0 0 0 0 0 0 0 0 0 0 0 0 0 0 0 0 0 0 0 0 0 0 0 0 0 0 0 0 0 0 0 0 0 0 0 0 0 0 0 0 0 0 0 0 0 0 0 0 0 0 0 0 0 0 0 0 0 0 0 0 0 0 0 0 0 0 0 0 0 0 0 0 0 0 0 0 0 0 0 0 0 0 0 0 0 0 0 0 0 0 0 0 0 0 0 0 0 
0 0 0 0 0 0 0 0 0 0 0 0 0 0 0 0 0 0 0 0 0 0 0 0 0 0 0 0 0 0 0 0 0 0 0 0 0 0 0 0 0 0 0 0 0 0 0 0 0 0 0 0 0 0 0 0 0 0 0 0 0 0 0 0 0 0 0 0 0 0 0 0 0 0 0 0 0 0 0 0 0 0 0 0 0 0 0 0 0 0 0 0 0 0 0 0 0 0 0 0 0 0 0 0 0 0 0 0 0 0 0 0 0 0 0 0 0 0 0 0 0 0 0 0 0 0 0 0 
0 0 0 0 0 0 0 0 0 0 0 0 0 0 0 0 0 0 0 0 0 0 0 0 0 0 0 0 0 0 0 0 0 0 0 0 0 0 0 0 0 0 0 0 0 0 0 0 0 0 0 0 0 0 0 0 0 0 0 0 0 0 0 0 0 0 0 0 0 0 0 0 0 0 0 0 0 0 0 0 0 0 0 0 0 0 0 0 0 0 0 0 0 0 0 0 0 0 0 0 0 0 0 0 0 0 0 0 0 0 0 0 0 0 0 0 0 0 0 0 0 0 0 0 0 0 0 0 
0 0 0 0 0 0 0 0 0 0 0 0 0 0 0 0 0 0 0 0 0 0 0 0 0 0 0 0 0 0 0 0 0 0 0 0 0 0 0 0 0 0 0 0 0 0 0 0 0 0 0 0 0 0 0 0 0 0 0 0 0 0 0 0 0 0 0 0 0 0 0 0 0 0 0 0 0 0 0 0 0 0 0 0 0 0 0 0 0 0 0 0 0 0 0 0 0 0 0 0 0 0 0 0 0 0 0 0 0 0 0 0 0 0 0 0 0 0 0 0 0 0 0 0 0 0 0 0 
0 0 0 0 0 0 0 0 0 0 0 0 0 0 0 0 0 0 0 0 0 0 0 0 0 0 0 0 0 0 0 0 0 0 0 0 0 0 0 0 0 0 0 0 0 0 0 0 0 0 0 0 0 0 0 0 0 0 0 0 0 0 0 0 0 0 0 0 0 0 0 0 0 0 0 0 0 0 0 0 0 0 0 0 0 0 0 0 0 0 0 0 0 0 0 0 0 0 0 0 0 0 0 0 0 0 0 0 0 0 0 0 0 0 0 0 0 0 0 0 0 0 0 0 0 0 0 0 
0 0 0 0 0 0 0 0 0 0 0 0 0 0 0 0 0 0 0 0 0 0 0 0 0 0 0 0 0 0 0 0 0 0 0 0 0 0 0 0 0 0 0 0 0 0 0 0 0 0 0 0 0 0 0 0 0 0 0 0 0 0 0 0 0 0 0 0 0 0 0 0 0 0 0 0 0 0 0 0 0 0 0 0 0 0 0 0 0 0 0 0 0 0 0 0 0 0 0 0 0 0 0 0 0 0 0 0 0 0 0 0 0 0 0 0 0 0 0 0 0 0 0 0 0 0 0 0 
0 0 0 0 0 0 0 0 0 0 0 0 0 0 0 0 0 0 0 0 0 0 0 0 0 0 0 0 0 0 0 0 0 0 0 0 0 0 0 0 0 0 0 0 0 0 0 0 0 0 0 0 0 0 0 0 0 0 0 0 0 0 0 0 0 0 0 0 0 0 0 0 0 0 0 0 0 0 0 0 0 0 0 0 0 0 0 0 0 0 0 0 0 0 0 0 0 0 0 0 0 0 0 0 0 0 0 0 0 0 0 0 0 0 0 0 0 0 0 0 0 0 0 0 0 0 0 0 
0 0 0 0 0 0 0 0 0 0 0 0 0 0 0 0 0 0 0 0 0 0 0 0 0 0 0 0 0 0 0 0 0 0 0 0 0 0 0 0 0 0 0 0 0 0 0 0 0 0 0 0 0 0 0 0 0 0 0 0 0 0 0 0 0 0 0 0 0 0 0 0 0 0 0 0 0 0 0 0 0 0 0 0 0 0 0 0 0 0 0 0 0 0 0 0 0 0 0 0 0 0 0 0 0 0 0 0 0 0 0 0 0 0 0 0 0 0 0 0 0 0 0 0 0 0 0 0 
0 0 0 0 0 0 0 0 0 0 0 0 0 0 0 0 0 0 0 0 0 0 0 0 0 0 0 0 0 0 0 0 0 0 0 0 0 0 0 0 0 0 0 0 0 0 0 0 0 0 0 0 0 0 0 0 0 0 0 0 0 0 0 0 0 0 0 0 0 0 0 0 0 0 0 0 0 0 0 0 0 0 0 0 0 0 0 0 0 0 0 0 0 0 0 0 0 0 0 0 0 0 0 0 0 0 0 0 0 0 0 0 0 0 0 0 0 0 0 0 0 0 0 0 0 0 0 0 
0 0 0 0 0 0 0 0 0 0 0 0 0 0 0 0 0 0 0 0 0 0 0 0 0 0 0 0 0 0 0 0 0 0 0 0 0 0 0 0 0 0 0 0 0 0 0 0 0 0 0 0 0 0 0 0 0 0 0 0 0 0 0 0 0 0 0 0 0 0 0 0 0 0 0 0 0 0 0 0 0 0 0 0 0 0 0 0 0 0 0 0 0 0 0 0 0 0 0 0 0 0 0 0 0 0 0 0 0 0 0 0 0 0 0 0 0 0 0 0 0 0 0 0 0 0 0 0 
0 0 0 0 0 0 0 0 0 0 0 0 0 0 0 0 0 0 0 0 0 0 0 0 0 0 0 0 0 0 0 0 0 0 0 0 0 0 0 0 0 0 0 0 0 0 0 0 0 0 0 0 0 0 0 0 0 0 0 0 0 0 0 0 0 0 0 0 0 0 0 0 0 0 0 0 0 0 0 0 0 0 0 0 0 0 0 0 0 0 0 0 0 0 0 0 0 0 0 0 0 0 0 0 0 0 0 0 0 0 0 0 0 0 0 0 0 0 0 0 0 0 0 0 0 0 0 0 
0 0 0 0 0 0 0 0 0 0 0 0 0 0 0 0 0 0 0 0 0 0 0 0 0 0 0 0 0 0 0 0 0 0 0 0 0 0 0 0 0 0 0 0 0 0 0 0 0 0 0 0 0 0 0 0 0 0 0 0 0 0 0 0 0 0 0 0 0 0 0 0 0 0 0 0 0 0 0 0 0 0 0 0 0 0 0 0 0 0 0 0 0 0 0 0 0 0 0 0 0 0 0 0 0 0 0 0 0 0 0 0 0 0 0 0 0 0 0 0 0 0 0 0 0 0 0 0 
0 0 0 0 0 0 0 0 0 0 0 0 0 0 0 0 0 0 0 0 0 0 0 0 0 0 0 0 0 0 0 0 0 0 0 0 0 0 0 0 0 0 0 0 0 0 0 0 0 0 0 0 0 0 0 0 0 0 0 0 0 0 0 0 0 0 0 0 0 0 0 0 0 0 0 0 0 0 0 0 0 0 0 0 0 0 0 0 0 0 0 0 0 0 0 0 0 0 0 0 0 0 0 0 0 0 0 0 0 0 0 0 0 0 0 0 0 0 0 0 0 0 0 0 0 0 0 0 
0 0 0 0 0 0 0 0 0 0 0 0 0 0 0 0 0 0 0 0 0 0 0 0 0 0 0 0 0 0 0 0 0 0 0 0 0 0 0 0 0 0 0 0 0 0 0 0 0 0 0 0 0 0 0 0 0 0 0 0 0 0 0 0 0 0 0 0 0 0 0 0 0 0 0 0 0 0 0 0 0 0 0 0 0 0 0 0 0 0 0 0 0 0 0 0 0 0 0 0 0 0 0 0 0 0 0 0 0 0 0 0 0 0 0 0 0 0 0 0 0 0 0 0 0 0 0 0 
0 0 0 0 0 0 0 0 0 0 0 0 0 0 0 0 0 0 0 0 0 0 0 0 0 0 0 0 0 0 0 0 0 0 0 0 0 0 0 0 0 0 0 0 0 0 0 0 0 0 0 0 0 0 0 0 0 0 0 0 0 0 0 0 0 0 0 0 0 0 0 0 0 0 0 0 0 0 0 0 0 0 0 0 0 0 0 0 0 0 0 0 0 0 0 0 0 0 0 0 0 0 0 0 0 0 0 0 0 0 0 0 0 0 0 0 0 0 0 0 0 0 0 0 0 0 0 0 
0 0 0 0 0 0 0 0 0 0 0 0 0 0 0 0 0 0 0 0 0 0 0 0 0 0 0 0 0 0 0 0 0 0 0 0 0 0 0 0 0 0 0 0 0 0 0 0 0 0 0 0 0 0 0 0 0 0 0 0 0 0 0 0 0 0 0 0 0 0 0 0 0 0 0 0 0 0 0 0 0 0 0 0 0 0 0 0 0 0 0 0 0 0 0 0 0 0 0 0 0 0 0 0 0 0 0 0 0 0 0 0 0 0 0 0 0 0 0 0 0 0 0 0 0 0 0 0 
0 0 0 0 0 0 0 0 0 0 0 0 0 0 0 0 0 0 0 0 0 0 0 0 0 0 0 0 0 0 0 0 0 0 0 0 0 0 0 0 0 0 0 0 0 0 0 0 0 0 0 0 0 0 0 0 0 0 0 0 0 0 0 0 0 0 0 0 0 0 0 0 0 0 0 0 0 0 0 0 0 0 0 0 0 0 0 0 0 0 0 0 0 0 0 0 0 0 0 0 0 0 0 0 0 0 0 0 0 0 0 0 0 0 0 0 0 0 0 0 0 0 0 0 0 0 0 0 
0 0 0 0 0 0 0 0 0 0 0 0 0 0 0 0 0 0 0 0 0 0 0 0 0 0 0 0 0 0 0 0 0 0 0 0 0 0 0 0 0 0 0 0 0 0 0 0 0 0 0 0 0 0 0 0 0 0 0 0 0 0 0 0 0 0 0 0 0 0 0 0 0 0 0 0 0 0 0 0 0 0 0 0 0 0 0 0 0 0 0 0 0 0 0 0 0 0 0 0 0 0 0 0 0 0 0 0 0 0 0 0 0 0 0 0 0 0 0 0 0 0 0 0 0 0 0 0 
0 0 0 0 0 0 0 0 0 0 0 0 0 0 0 0 0 0 0 0 0 0 0 0 0 0 0 0 0 0 0 0 0 0 0 0 0 0 0 0 0 0 0 0 0 0 0 0 0 0 0 0 0 0 0 0 0 0 0 0 0 0 0 0 0 0 0 0 0 0 0 0 0 0 0 0 0 0 0 0 0 0 0 0 0 0 0 0 0 0 0 0 0 0 0 0 0 0 0 0 0 0 0 0 0 0 0 0 0 0 0 0 0 0 0 0 0 0 0 0 0 0 0 0 0 0 0 0 
0 0 0 0 0 0 0 0 0 0 0 0 0 0 0 0 0 0 0 0 0 0 0 0 0 0 0 0 0 0 0 0 0 0 0 0 0 0 0 0 0 0 0 0 0 0 0 0 0 0 0 0 0 0 0 0 0 0 0 0 0 0 0 0 0 0 0 0 0 0 0 0 0 0 0 0 0 0 0 0 0 0 0 0 0 0 0 0 0 0 0 0 0 0 0 0 0 0 0 0 0 0 0 0 0 0 0 0 0 0 0 0 0 0 0 0 0 0 0 0 0 0 0 0 0 0 0 0 
0 0 0 0 0 0 0 0 0 0 0 0 0 0 0 0 0 0 0 0 0 0 0 0 0 0 0 0 0 0 0 0 0 0 0 0 0 0 0 0 0 0 0 0 0 0 0 0 0 0 0 0 0 0 0 0 0 0 0 0 0 0 0 0 0 0 0 0 0 0 0 0 0 0 0 0 0 0 0 0 0 0 0 0 0 0 0 0 0 0 0 0 0 0 0 0 0 0 0 0 0 0 0 0 0 0 0 0 0 0 0 0 0 0 0 0 0 0 0 0 0 0 0 0 0 0 0 0 
0 0 0 0 0 0 0 0 0 0 0 0 0 0 0 0 0 0 0 0 0 0 0 0 0 0 0 0 0 0 0 0 0 0 0 0 0 0 0 0 0 0 0 0 0 0 0 0 0 0 0 0 0 0 0 0 0 0 0 0 0 0 0 0 0 0 0 0 0 0 0 0 0 0 0 0 0 0 0 0 0 0 0 0 0 0 0 0 0 0 0 0 0 0 0 0 0 0 0 0 0 0 0 0 0 0 0 0 0 0 0 0 0 0 0 0 0 0 0 0 0 0 0 0 0 0 0 0 
0 0 0 0 0 0 0 0 0 0 0 0 0 0 0 0 0 0 0 0 0 0 0 0 0 0 0 0 0 0 0 0 0 0 0 0 0 0 0 0 0 0 0 0 0 0 0 0 0 0 0 0 0 0 0 0 0 0 0 0 0 0 0 0 0 0 0 0 0 0 0 0 0 0 0 0 0 0 0 0 0 0 0 0 0 0 0 0 0 0 0 0 0 0 0 0 0 0 0 0 0 0 0 0 0 0 0 0 0 0 0 0 0 0 0 0 0 0 0 0 0 0 0 0 0 0 0 0 
0 0 0 0 0 0 0 0 0 0 0 0 0 0 0 0 0 0 0 0 0 0 0 0 0 0 0 0 0 0 0 0 0 0 0 0 0 0 0 0 0 0 0 0 0 0 0 0 0 0 0 0 0 0 0 0 0 0 0 0 0 0 0 0 0 0 0 0 0 0 0 0 0 0 0 0 0 0 0 0 0 0 0 0 0 0 0 0 0 0 0 0 0 0 0 0 0 0 0 0 0 0 0 0 0 0 0 0 0 0 0 0 0 0 0 0 0 0 0 0 0 0 0 0 0 0 0 0 
0 0 0 0 0 0 0 0 0 0 0 0 0 0 0 0 0 0 0 0 0 0 0 0 0 0 0 0 0 0 0 0 0 0 0 0 0 0 0 0 0 0 0 0 0 0 0 0 0 0 0 0 0 0 0 0 0 0 0 0 0 0 0 0 0 0 0 0 0 0 0 0 0 0 0 0 0 0 0 0 0 0 0 0 0 0 0 0 0 0 0 0 0 0 0 0 0 0 0 0 0 0 0 0 0 0 0 0 0 0 0 0 0 0 0 0 0 0 0 0 0 0 0 0 0 0 0 0 
0 0 0 0 0 0 0 0 0 0 0 0 0 0 0 0 0 0 0 0 0 0 0 0 0 0 0 0 0 0 0 0 0 0 0 0 0 0 0 0 0 0 0 0 0 0 0 0 0 0 0 0 0 0 0 0 0 0 0 0 0 0 0 0 0 0 0 0 0 0 0 0 0 0 0 0 0 0 0 0 0 0 0 0 0 0 0 0 0 0 0 0 0 0 0 0 0 0 0 0 0 0 0 0 0 0 0 0 0 0 0 0 0 0 0 0 0 0 0 0 0 0 0 0 0 0 0 0 
0 0 0 0 0 0 0 0 0 0 0 0 0 0 0 0 0 0 0 0 0 0 0 0 0 0 0 0 0 0 0 0 0 0 0 0 0 0 0 0 0 0 0 0 0 0 0 0 0 0 0 0 0 0 0 0 0 0 0 0 0 0 0 0 0 0 0 0 0 0 0 0 0 0 0 0 0 0 0 0 0 0 0 0 0 0 0 0 0 0 0 0 0 0 0 0 0 0 0 0 0 0 0 0 0 0 0 0 0 0 0 0 0 0 0 0 0 0 0 0 0 0 0 0 0 0 0 0 
0 0 0 0 0 0 0 0 0 0 0 0 0 0 0 0 0 0 0 0 0 0 0 0 0 0 0 0 0 0 0 0 0 0 0 0 0 0 0 0 0 0 0 0 0 0 0 0 0 0 0 0 0 0 0 0 0 0 0 0 0 0 0 0 0 0 0 0 0 0 0 0 0 0 0 0 0 0 0 0 0 0 0 0 0 0 0 0 0 0 0 0 0 0 0 0 0 0 0 0 0 0 0 0 0 0 0 0 0 0 0 0 0 0 0 0 0 0 0 0 0 0 0 0 0 0 0 0 
0 0 0 0 0 0 0 0 0 0 0 0 0 0 0 0 0 0 0 0 0 0 0 0 0 0 0 0 0 0 0 0 0 0 0 0 0 0 0 0 0 0 0 0 0 0 0 0 0 0 0 0 0 0 0 0 0 0 0 0 0 0 0 0 0 0 0 0 0 0 0 0 0 0 0 0 0 0 0 0 0 0 0 0 0 0 0 0 0 0 0 0 0 0 0 0 0 0 0 0 0 0 0 0 0 0 0 0 0 0 0 0 0 0 0 0 0 0 0 0 0 0 0 0 0 0 0 0 
Tensor: shape[ 3 2 64 128 ] strides[ 16384 8192 128 1 ] dtype=BF16 device=MOORE:0
1.03125 -3.875 -1.24219 -2.01562 -1.60938 -1.94531 0.863281 -1.46094 0.539062 -1.71875 -0.65625 -0.632812 1.60938 -0.785156 0.507812 0.324219 -1.77344 -0.361328 -2.10938 0.421875 2.60938 -0.0167236 1.59375 0.308594 1.53125 0.820312 1.84375 1.17969 -0.316406 -0.117188 -2.09375 -0.632812 -4.0625 3.3125 3.04688 2.0625 -3.51562 -0.699219 0.988281 -1.57812 -0.976562 -1.07812 -2.8125 1.26562 2.42188 0.507812 -0.296875 -1.42969 -1.69531 -2.59375 0.194336 -0.125 1.76562 0.53125 1.36719 2.23438 -0.142578 -0.21582 1.79688 0.683594 -0.0541992 1.64062 0.125977 0.316406 -1.13281 -2.89062 -0.976562 -0.582031 -3.28125 1.96094 0.820312 1.16406 0.519531 -1.45312 -1.90625 0.953125 0.108398 -0.00964355 3.23438 1.15625 0.691406 -0.105469 -2.5625 1.10938 -0.445312 2.34375 2.26562 -0.625 -2.35938 -1.9375 1.875 -0.980469 0.128906 -0.390625 -0.386719 1.09375 2.09375 1.57031 2.5625 -0.5 1.58594 1.03125 -1.36719 -2.96875 -0.172852 0.484375 2.40625 1.25 1.44531 -2.10938 -1.6875 0.125977 -2.73438 -2.03125 0.135742 0.851562 -1.49219 -1.54688 -2.39062 -0.808594 -1.99219 -1.02344 2.39062 0.882812 0.275391 1.00781 -1.17969 2.75 
-0.53125 0.46875 -0.043457 0.871094 1.82031 -0.306641 0.871094 -0.433594 -0.675781 -0.283203 -0.208008 -0.546875 -0.574219 1.21875 -0.431641 1.03906 -2.23438 0.84375 0.570312 -1.42188 -0.546875 -1.88281 -0.257812 0.316406 1.85156 -0.785156 -0.166992 0.777344 -0.839844 2.54688 1.74219 0.243164 0.75 0.412109 0.734375 0.158203 1.09375 -0.523438 0.0211182 1.11719 0.231445 -1.25 -1.02344 0.488281 -0.394531 -0.0732422 0.429688 0.5 0.230469 -1.21875 0.617188 1.23438 -0.660156 0.361328 -0.384766 0.511719 -0.136719 -0.404297 -0.46875 -1.21094 -0.333984 0.402344 -0.332031 2.15625 -0.519531 0.527344 -0.00762939 0.125977 1.34375 1.9375 0.253906 -0.636719 -0.320312 -0.800781 0.388672 -0.458984 0.390625 -0.683594 -0.376953 -1.60156 -0.945312 -0.957031 -0.384766 -0.351562 1.3125 -0.365234 1.90625 0.482422 -0.0466309 2.53125 0.349609 1.94531 0.273438 -0.550781 0.0581055 -0.730469 -0.455078 1.27344 -0.375 0.146484 1.40625 -0.976562 -1.10156 0.40625 -2.78125 2.10938 0.9375 0.890625 -0.613281 -0.753906 -0.65625 1.46094 -0.292969 0.910156 0.253906 0.189453 0.507812 0.165039 0.192383 2.15625 -0.441406 1.48438 -0.769531 1.55469 0.320312 -0.0186768 0.988281 -2.32812 
-0.570312 -0.145508 1.20312 0.691406 -1.25 1.14062 1.47656 0.34375 1.57031 1.65625 0.230469 1.38281 -0.589844 -1.54688 1.74219 -0.242188 1.5 -0.341797 -1.26562 1.50781 0.683594 0.384766 2.0625 0.558594 -3.3125 2.1875 2.9375 -0.960938 1.24219 -0.12207 0.265625 0.22168 -1.80469 0.345703 -1.51562 -0.863281 -3.125 -1.64062 0.292969 0.300781 -1.83594 0.898438 1.21094 0.0437012 -0.243164 2.34375 -0.279297 -0.216797 -0.640625 1.90625 -1.0625 -1.15625 2.5625 -0.519531 -0.112305 0.363281 -1.19531 0.5625 1.92188 0.609375 0.609375 -1.25 -0.515625 -3 2.40625 -1.21094 1.82812 -0.287109 -1.5 -1.57031 0.0893555 0.644531 1.01562 -2.54688 -1.29688 0.300781 0.796875 -0.503906 0.722656 2.0625 0.0119629 -0.0639648 0.208008 2.21875 -1.375 2.125 -2.0625 -1.03125 0.118652 -1.83594 0.349609 1.02344 0.443359 -1.5 1.01562 1.44531 -1.39062 0.195312 1.84375 2.03125 -1.21875 2.20312 -1.34375 0.640625 -0.855469 -1.64062 1.26562 0.464844 -0.226562 0.349609 0.761719 -1.92969 -0.129883 1.00781 1.03125 -1.35938 -1.625 0.902344 -0.0134888 -1.46094 2.14062 -2.125 4.125 -2.34375 -0.249023 0.429688 -1.09375 0.644531 
-0.574219 0.178711 -1.00781 -0.173828 0.00230408 -0.65625 0.652344 0.18457 0.355469 0.0200195 0.020874 0.0264893 0.200195 -0.310547 0.142578 -0.316406 -0.207031 -0.0390625 -0.275391 0.183594 -0.149414 0.228516 -0.203125 -0.172852 -0.417969 -0.0598145 0.71875 -0.0834961 -0.291016 -0.318359 -0.933594 0.474609 -0.100098 -0.412109 0.277344 -0.320312 0.867188 0.277344 -0.176758 -0.21875 -0.12793 -0.357422 -0.0539551 -0.277344 0.217773 -0.169922 0.116211 -0.253906 -0.0422363 -0.400391 0.166992 0.259766 -0.194336 -0.0201416 0.324219 0.194336 -0.507812 0.212891 0.46875 -0.183594 0.0546875 0.0229492 0.0732422 0.166016 -0.0136719 -0.257812 -0.143555 -0.199219 0.390625 0.392578 -0.0874023 0.0952148 0.554688 0.235352 0.695312 -0.359375 0.507812 -0.183594 0.84375 0.0303955 -0.527344 0.457031 -0.503906 -0.0908203 0.0146484 0.298828 -0.188477 -0.0722656 0.455078 0.11377 -0.0366211 0.625 -0.396484 0.114258 -0.120605 0.349609 0.0101318 -0.199219 0.431641 -0.398438 -0.404297 -0.333984 -0.335938 0.412109 -0.472656 0.40625 -0.130859 0.183594 0.871094 0.232422 0.542969 -0.0456543 0.416016 -0.200195 0.0981445 -0.75 -0.248047 0.330078 -0.269531 -1.28906 -0.0908203 -0.0032959 -1.21094 -0.059082 -0.390625 0.298828 0.828125 1.61719 
0.660156 0.515625 0.753906 1.04688 0.78125 -0.527344 0.196289 -0.304688 -0.0219727 0.306641 -0.173828 -0.707031 0.351562 0.412109 0.328125 0.859375 0.443359 -0.222656 0.621094 0.045166 0.490234 -0.490234 1.29688 0.269531 0.209961 0.0556641 -0.703125 0.000370026 0.183594 0.34375 0.8125 1.26562 -1.04688 -0.482422 0.414062 0.220703 -1.10938 -0.835938 1.03125 -0.898438 -0.683594 -0.416016 -0.609375 0.0349121 0.267578 -1.71094 0.929688 0.228516 0.785156 0.126953 0.277344 1.21875 0.0722656 0.237305 1.02344 0.203125 -0.285156 -0.855469 0.492188 -0.376953 0.492188 -0.304688 0.710938 0.0495605 -0.0400391 -0.398438 1.03906 -0.554688 -0.621094 0.792969 1.01562 -0.244141 -0.129883 0.585938 0.240234 0.769531 -1.32812 -0.234375 -0.589844 0.503906 -0.220703 0.703125 -0.453125 -0.519531 0.597656 0.59375 1.48438 0.90625 0.443359 0.129883 0.648438 0.388672 -0.601562 -0.5625 0.609375 -0.174805 -0.00308228 0.613281 -1.00781 0.570312 -0.0898438 -0.542969 -0.178711 -1.41406 -0.539062 0.683594 0.361328 -0.341797 1.97656 0.351562 0.789062 0.746094 0.139648 -0.217773 0.9375 0.769531 -0.287109 0.355469 -0.112305 -3.07812 0.296875 0.0339355 1.4375 0.5625 0.357422 -0.257812 0.617188 -3.45312 
-0.597656 1.34375 -0.470703 -1.07812 1.49219 -0.152344 -0.046875 0.0113525 -0.757812 0.339844 -0.0898438 0.482422 0.945312 -0.404297 0.373047 -0.0264893 -0.15625 -1.54688 1.25781 0.486328 0.964844 -0.414062 0.081543 0.219727 2.8125 0.177734 -0.535156 -1.25781 -0.882812 -1.09375 0.0952148 0.871094 1.53906 -0.0131836 0.816406 -0.28125 0.410156 0.398438 -0.134766 0.597656 0.18457 -0.337891 0.785156 1.22656 0.257812 -0.828125 -0.233398 1.46094 1.08594 -0.0419922 -0.195312 0.208008 -1.27344 -0.828125 -0.15332 0.341797 1.71094 -0.460938 0.535156 0.0198975 0.458984 -1.52344 0.137695 -2.25 0.412109 -0.351562 0.546875 0.283203 -0.589844 -2.14062 0.114258 1.20312 1.73438 0.408203 -1.53125 0.929688 0.6875 -0.074707 2.40625 -1.24219 -0.785156 -1.39062 -1.52344 -1.28906 0.507812 -1.26562 0.179688 1.5 -0.298828 1.05469 -1.46875 -0.245117 0.539062 -0.613281 -0.6875 0.249023 0.578125 -1.05469 0.765625 0.105957 -0.304688 -0.191406 -0.625 1.00781 1.78906 0.550781 0.765625 0.335938 1.75781 -1.35156 -0.734375 0.957031 0.992188 0.22168 -1.3125 -1.85938 -0.527344 0.255859 -0.110352 3.4375 2.34375 1.13281 0.765625 1.26562 -0.582031 0.166016 1.14062 -1.47656 
0.632812 -1.10938 -0.386719 0.851562 -0.427734 -1.96875 -0.0698242 0.921875 1.5 -0.378906 1.4375 -0.3125 1.19531 0.394531 -0.589844 -0.494141 -0.855469 0.163086 -0.0151978 -1.02344 2.92188 -1.3125 -0.4375 -0.519531 -1.07031 0.400391 -1.39062 2.125 -1.51562 1.16406 0.097168 -1.82031 -1.14844 -1.60156 0.726562 -0.0356445 1 1.01562 0.667969 -0.216797 0.482422 -0.222656 0.283203 -1.35938 0.675781 -3.42188 0.209961 0.335938 0.466797 1.07812 -1.25 1.02344 0.578125 -0.333984 -0.566406 0.640625 0.949219 -0.582031 3.20312 0.425781 -0.169922 -0.292969 -0.141602 -0.800781 -1.75781 -0.320312 -0.917969 -0.757812 -1.59375 0.188477 1.15625 -0.425781 0.90625 1.84375 1.17969 -0.160156 -2.59375 -0.972656 -0.601562 0.097168 0.12793 0.789062 -0.886719 0.679688 1.76562 0.890625 0.785156 1.65625 -0.96875 0.75 0.484375 1.64062 0.208984 -0.859375 0.710938 -0.245117 0.115234 -1.05469 0.245117 -0.394531 0.0976562 0.378906 1.91406 1.13281 -1.35938 0.75 0.554688 -2.84375 -0.112305 0.515625 1.22656 0.259766 -0.400391 -1.14844 0.209961 -1.09375 -0.188477 1.14844 0.761719 0.050293 -0.636719 -0.519531 2.04688 -0.246094 -1.0625 -1.57812 0.390625 -3.51562 
-1.35156 2.04688 1.57031 0.277344 2.01562 1.125 -0.964844 -0.176758 1.17188 -0.118164 -1.21875 -0.710938 0.722656 -1.64062 0.0761719 -0.621094 0.427734 -0.992188 0.198242 0.470703 0.107422 -0.867188 -0.451172 -0.242188 -1.69531 -0.578125 0.550781 -0.558594 -0.945312 1.01562 -0.972656 2.60938 1.125 0.423828 -0.00701904 -0.300781 -0.0283203 -0.824219 -0.96875 -0.953125 -0.597656 0.137695 -0.059082 0.429688 0.210938 0.742188 1.04688 0.984375 0.0454102 0.953125 1.09375 -1.27344 -0.332031 -1.78906 1.21094 0.519531 0.613281 -0.10498 0.367188 1 -0.503906 -0.960938 -1.00781 0.154297 -0.574219 1.45312 -1.71875 -0.169922 1.90625 -0.107422 0.484375 -0.367188 0.412109 0.148438 0.361328 1.71094 -1.36719 1.24219 0.203125 1.75 0.796875 -0.255859 1.14062 0.316406 -0.769531 -1.09375 1.46875 -1.08594 -0.209961 -0.492188 -1.32031 0.332031 -2.20312 -0.964844 0.0805664 1.52344 -0.169922 0.294922 -0.121094 1.32812 0.773438 0.550781 -1.61719 -0.8125 -1.35938 -0.839844 -1.09375 0.769531 -1.09375 -1.94531 1.54688 0.244141 1.49219 0.683594 -1.25781 -0.349609 -1.11719 1.71875 0.145508 -2.42188 -0.507812 -0.878906 -1.32031 -0.179688 1.25 -1.64062 -0.660156 -5.53125 
-0.414062 0.8125 -0.953125 3.29688 0.0996094 2.45312 1.28125 -0.429688 2.625 -0.431641 0.176758 -0.207031 -2.82812 0.341797 1.49219 -1.32031 2.76562 -0.118164 -1.01562 -0.871094 -1.30469 -0.341797 -0.785156 1.41406 -0.0395508 -0.746094 -0.283203 -3.79688 -0.527344 -1.13281 -3.40625 1.28125 -2.25 -1.09375 2.40625 0.12207 1.25 0.882812 2.92188 -0.738281 0.957031 3.04688 -1.8125 -0.625 -1.13281 -1.41406 -2.42188 -0.390625 -0.644531 3.14062 0.550781 0.535156 1.28906 1.03906 0.644531 -1.53906 0.605469 -2.39062 0.683594 0.412109 1.74219 -0.515625 -0.707031 -0.335938 -1.34375 -1.71094 2.39062 2.59375 1.58594 0.996094 -0.933594 0.976562 1.02344 0.484375 0.203125 -0.097168 0.671875 -0.119141 -0.386719 1.32031 -0.777344 -1.03125 0.191406 -1.6875 1.27344 -0.142578 -1.63281 1.32812 -0.953125 -2.5 0.601562 -0.738281 -0.71875 -1.60938 3.5625 0.628906 0.375 -0.238281 -0.851562 0.816406 -3.07812 -1.78906 0.155273 6.96875 -0.0284424 -0.570312 3.625 0.621094 -0.683594 0.0551758 0.0354004 -0.777344 -0.519531 1.83594 -0.146484 1.39062 -0.902344 -0.855469 -0.121582 0.597656 1.58594 0.390625 1.08594 0.988281 0.285156 1.4375 -0.279297 -1.74219 
-0.419922 -1.17188 0.980469 0.519531 0.765625 0.0218506 1.54688 -1.16406 -0.0439453 -1.875 0.625 -0.933594 0.828125 -0.255859 0.114746 1.42969 2.48438 0.257812 -0.255859 1.24219 -1.53906 0.730469 -2.1875 -1.67188 1.92969 0.498047 -1.39844 1.74219 -1.0625 -2.51562 2.15625 -1.32031 -1.10156 0.289062 0.996094 -1.71094 1.10156 1.94531 1.36719 0.246094 -0.78125 -1.73438 0.0893555 0.648438 0.925781 1.95312 -0.570312 0.632812 -2.35938 -1.125 -0.824219 -0.219727 -2.46875 -0.412109 2.60938 0.300781 0.296875 1.57812 2.79688 2.10938 0.535156 1.57031 0.855469 -4.25 3.34375 -0.147461 1.95312 0.0302734 -1.70312 0.742188 0.820312 1.96094 -0.447266 -1.27344 -2.96875 0.957031 -1.89844 1.25781 -0.154297 -3.42188 0.486328 -2.15625 -1.29688 0.130859 0.765625 -1.82812 0.451172 -1.35156 -0.15332 -0.349609 -0.75 0.382812 0.057373 1.21875 2.09375 0.925781 0.232422 -0.0422363 -1.86719 -2.25 1.55469 -1.20312 0.353516 1.73438 0.0249023 -0.890625 0.445312 0.466797 1.5 -1.35156 -0.339844 -4.46875 2.35938 -0.46875 0.388672 -4.8125 -1.27344 -0.302734 0.208008 1.22656 1.00781 0.373047 0.941406 2.75 -0.388672 -1.35938 1.63281 -1.69531 
-1.35156 2.04688 1.57031 0.277344 2.01562 1.125 -0.964844 -0.176758 1.17188 -0.118164 -1.21875 -0.710938 0.722656 -1.64062 0.0761719 -0.621094 0.427734 -0.992188 0.198242 0.470703 0.107422 -0.867188 -0.451172 -0.242188 -1.69531 -0.578125 0.550781 -0.558594 -0.945312 1.01562 -0.972656 2.60938 1.125 0.423828 -0.00701904 -0.300781 -0.0283203 -0.824219 -0.96875 -0.953125 -0.597656 0.137695 -0.059082 0.429688 0.210938 0.742188 1.04688 0.984375 0.0454102 0.953125 1.09375 -1.27344 -0.332031 -1.78906 1.21094 0.519531 0.613281 -0.10498 0.367188 1 -0.503906 -0.960938 -1.00781 0.154297 -0.574219 1.45312 -1.71875 -0.169922 1.90625 -0.107422 0.484375 -0.367188 0.412109 0.148438 0.361328 1.71094 -1.36719 1.24219 0.203125 1.75 0.796875 -0.255859 1.14062 0.316406 -0.769531 -1.09375 1.46875 -1.08594 -0.209961 -0.492188 -1.32031 0.332031 -2.20312 -0.964844 0.0805664 1.52344 -0.169922 0.294922 -0.121094 1.32812 0.773438 0.550781 -1.61719 -0.8125 -1.35938 -0.839844 -1.09375 0.769531 -1.09375 -1.94531 1.54688 0.244141 1.49219 0.683594 -1.25781 -0.349609 -1.11719 1.71875 0.145508 -2.42188 -0.507812 -0.878906 -1.32031 -0.179688 1.25 -1.64062 -0.660156 -5.53125 
1.47656 2.01562 0.136719 0.570312 1 -1.46094 0.792969 0.445312 0.230469 1.50781 -0.0181885 -1.13281 0.867188 1.60938 -1.0625 0.769531 -0.0859375 0.137695 -0.863281 -0.835938 -0.527344 2.54688 0.617188 0.161133 0.367188 -0.458984 -0.0629883 -0.263672 0.941406 0.451172 1.05469 0.171875 -0.300781 0.0344238 -0.174805 0.237305 1.39844 2.40625 -0.172852 0.12207 -0.332031 0.0441895 -0.110352 -0.241211 1.11719 1.29688 0.863281 0.490234 0.46875 0.0898438 -0.200195 -0.170898 -0.511719 0.231445 0.326172 -1.97656 0.792969 -0.457031 -1.64062 0.345703 0.285156 0.108887 -1.29688 -0.347656 0.632812 0.640625 -0.578125 -0.851562 -0.0825195 -0.464844 -1.10156 0.671875 -1.17188 0.265625 -0.71875 -1.10938 1.42188 0.0947266 -0.695312 -0.398438 0.154297 0.367188 -1.36719 0.111328 -0.882812 0.365234 0.111816 0.65625 -0.347656 -0.443359 -1.59375 -1.5625 0.496094 0.992188 -1.71094 -0.146484 0.257812 -0.96875 0.302734 1.05469 1.39844 0.753906 -0.371094 0.921875 -0.628906 -0.820312 -0.00273132 -0.925781 -0.714844 0.808594 0.425781 -0.223633 1.26562 -1.76562 0.839844 0.527344 1.5625 -1.92969 -0.0461426 -0.5 -1.08594 1.07031 0.106934 0.527344 -1.04688 0.730469 0.945312 0.355469 
-0.419922 -1.17188 0.980469 0.519531 0.765625 0.0218506 1.54688 -1.16406 -0.0439453 -1.875 0.625 -0.933594 0.828125 -0.255859 0.114746 1.42969 2.48438 0.257812 -0.255859 1.24219 -1.53906 0.730469 -2.1875 -1.67188 1.92969 0.498047 -1.39844 1.74219 -1.0625 -2.51562 2.15625 -1.32031 -1.10156 0.289062 0.996094 -1.71094 1.10156 1.94531 1.36719 0.246094 -0.78125 -1.73438 0.0893555 0.648438 0.925781 1.95312 -0.570312 0.632812 -2.35938 -1.125 -0.824219 -0.219727 -2.46875 -0.412109 2.60938 0.300781 0.296875 1.57812 2.79688 2.10938 0.535156 1.57031 0.855469 -4.25 3.34375 -0.147461 1.95312 0.0302734 -1.70312 0.742188 0.820312 1.96094 -0.447266 -1.27344 -2.96875 0.957031 -1.89844 1.25781 -0.154297 -3.42188 0.486328 -2.15625 -1.29688 0.130859 0.765625 -1.82812 0.451172 -1.35156 -0.15332 -0.349609 -0.75 0.382812 0.057373 1.21875 2.09375 0.925781 0.232422 -0.0422363 -1.86719 -2.25 1.55469 -1.20312 0.353516 1.73438 0.0249023 -0.890625 0.445312 0.466797 1.5 -1.35156 -0.339844 -4.46875 2.35938 -0.46875 0.388672 -4.8125 -1.27344 -0.302734 0.208008 1.22656 1.00781 0.373047 0.941406 2.75 -0.388672 -1.35938 1.63281 -1.69531 
-1.35156 2.04688 1.57031 0.277344 2.01562 1.125 -0.964844 -0.176758 1.17188 -0.118164 -1.21875 -0.710938 0.722656 -1.64062 0.0761719 -0.621094 0.427734 -0.992188 0.198242 0.470703 0.107422 -0.867188 -0.451172 -0.242188 -1.69531 -0.578125 0.550781 -0.558594 -0.945312 1.01562 -0.972656 2.60938 1.125 0.423828 -0.00701904 -0.300781 -0.0283203 -0.824219 -0.96875 -0.953125 -0.597656 0.137695 -0.059082 0.429688 0.210938 0.742188 1.04688 0.984375 0.0454102 0.953125 1.09375 -1.27344 -0.332031 -1.78906 1.21094 0.519531 0.613281 -0.10498 0.367188 1 -0.503906 -0.960938 -1.00781 0.154297 -0.574219 1.45312 -1.71875 -0.169922 1.90625 -0.107422 0.484375 -0.367188 0.412109 0.148438 0.361328 1.71094 -1.36719 1.24219 0.203125 1.75 0.796875 -0.255859 1.14062 0.316406 -0.769531 -1.09375 1.46875 -1.08594 -0.209961 -0.492188 -1.32031 0.332031 -2.20312 -0.964844 0.0805664 1.52344 -0.169922 0.294922 -0.121094 1.32812 0.773438 0.550781 -1.61719 -0.8125 -1.35938 -0.839844 -1.09375 0.769531 -1.09375 -1.94531 1.54688 0.244141 1.49219 0.683594 -1.25781 -0.349609 -1.11719 1.71875 0.145508 -2.42188 -0.507812 -0.878906 -1.32031 -0.179688 1.25 -1.64062 -0.660156 -5.53125 
-0.116699 0.585938 0.953125 0.0668945 0.318359 0.691406 -0.855469 -1.32812 0.777344 -0.235352 -1.9375 -1.07031 0.0668945 -0.185547 1.67969 -0.0500488 -1.51562 0.796875 -0.371094 -0.185547 0.157227 0.129883 -0.40625 0.034668 -0.457031 -0.398438 0.176758 -0.589844 -0.462891 -0.427734 -0.353516 0.480469 0.419922 -0.789062 0.455078 1.30469 -0.242188 -0.292969 0.851562 -0.457031 1.38281 -0.875 0.125977 2.79688 -0.470703 1.60938 0.0544434 -0.601562 0.349609 0.539062 -0.679688 0.539062 0.722656 1.14062 0.667969 1.01562 -0.447266 -0.886719 0.957031 1.375 1.8125 0.12793 2.21875 -0.960938 -1.83594 -0.675781 2.03125 2.59375 0.116211 1.03906 0.527344 0.453125 1.24219 -0.714844 -1.07031 0.210938 0.0220947 1.24219 -0.355469 0.211914 -0.380859 -1.52344 -0.636719 -0.18457 -0.109863 1.48438 -0.679688 0.423828 -1.44531 0.648438 1.72656 -0.253906 -0.427734 1.50781 -2.14062 -1.34375 -0.11084 1.05469 0.167969 -1.25 0.188477 1.42969 -0.679688 -0.109863 0.408203 -0.398438 -0.0708008 0.386719 -0.878906 -0.226562 -0.222656 -0.433594 -1.21094 0.196289 -0.636719 1.03125 -1.5 -0.621094 -0.117676 -0.902344 -2.03125 1.00781 -0.470703 0.414062 0.0256348 0.192383 -2.21875 0.308594 
-0.419922 -1.17188 0.980469 0.519531 0.765625 0.0218506 1.54688 -1.16406 -0.0439453 -1.875 0.625 -0.933594 0.828125 -0.255859 0.114746 1.42969 2.48438 0.257812 -0.255859 1.24219 -1.53906 0.730469 -2.1875 -1.67188 1.92969 0.498047 -1.39844 1.74219 -1.0625 -2.51562 2.15625 -1.32031 -1.10156 0.289062 0.996094 -1.71094 1.10156 1.94531 1.36719 0.246094 -0.78125 -1.73438 0.0893555 0.648438 0.925781 1.95312 -0.570312 0.632812 -2.35938 -1.125 -0.824219 -0.219727 -2.46875 -0.412109 2.60938 0.300781 0.296875 1.57812 2.79688 2.10938 0.535156 1.57031 0.855469 -4.25 3.34375 -0.147461 1.95312 0.0302734 -1.70312 0.742188 0.820312 1.96094 -0.447266 -1.27344 -2.96875 0.957031 -1.89844 1.25781 -0.154297 -3.42188 0.486328 -2.15625 -1.29688 0.130859 0.765625 -1.82812 0.451172 -1.35156 -0.15332 -0.349609 -0.75 0.382812 0.057373 1.21875 2.09375 0.925781 0.232422 -0.0422363 -1.86719 -2.25 1.55469 -1.20312 0.353516 1.73438 0.0249023 -0.890625 0.445312 0.466797 1.5 -1.35156 -0.339844 -4.46875 2.35938 -0.46875 0.388672 -4.8125 -1.27344 -0.302734 0.208008 1.22656 1.00781 0.373047 0.941406 2.75 -0.388672 -1.35938 1.63281 -1.69531 
0.253906 0.941406 0.267578 0.882812 0.394531 -0.695312 0.800781 -0.484375 -1.36719 -0.683594 0.120117 0.644531 -2.14062 0.124512 -0.5625 0.828125 2.60938 -0.00038147 -0.414062 0.416016 0.605469 -0.882812 1.9375 0.609375 -1.33594 0.902344 1.84375 0.109863 0.554688 -1.04688 2.32812 3.45312 -2.60938 -1.25781 0.808594 0.78125 -0.00683594 1.14844 -0.172852 1.49219 -0.043457 4.28125 -0.0649414 1.15625 -0.925781 -1.59375 -3.60938 -1.63281 0.333984 -1.60938 1.33594 2.79688 0.453125 0.451172 0.423828 -2.10938 0.189453 -1.19531 0.9375 -1.54688 3.92188 1.50781 -1.59375 -0.8125 -4.875 1.58594 0.527344 -0.582031 0.6875 -2.35938 1.27344 1.02344 -0.0437012 -1.33594 -0.0703125 -0.976562 0.0288086 -3.875 1.09375 2.51562 -1.03125 -1.53906 0.933594 -1.4375 -1.86719 -1.08594 -0.878906 1.64844 -0.625 -1.04688 -2.01562 -0.259766 0.597656 -2.9375 0.5 2.09375 -0.960938 -0.902344 -2.78125 1.53906 -1.0625 0.640625 -0.199219 2.03125 0.730469 0.3125 1.92188 0.871094 -0.111328 1.09375 1.02344 -1 -1.5 0.621094 1.95312 -0.0146484 -3.4375 -4.03125 1.60156 1.79688 0.570312 -1.625 -0.960938 -2.21875 0.0116577 1.09375 1.5625 1.07812 
-0.116699 0.585938 0.953125 0.0668945 0.318359 0.691406 -0.855469 -1.32812 0.777344 -0.235352 -1.9375 -1.07031 0.0668945 -0.185547 1.67969 -0.0500488 -1.51562 0.796875 -0.371094 -0.185547 0.157227 0.129883 -0.40625 0.034668 -0.457031 -0.398438 0.176758 -0.589844 -0.462891 -0.427734 -0.353516 0.480469 0.419922 -0.789062 0.455078 1.30469 -0.242188 -0.292969 0.851562 -0.457031 1.38281 -0.875 0.125977 2.79688 -0.470703 1.60938 0.0544434 -0.601562 0.349609 0.539062 -0.679688 0.539062 0.722656 1.14062 0.667969 1.01562 -0.447266 -0.886719 0.957031 1.375 1.8125 0.12793 2.21875 -0.960938 -1.83594 -0.675781 2.03125 2.59375 0.116211 1.03906 0.527344 0.453125 1.24219 -0.714844 -1.07031 0.210938 0.0220947 1.24219 -0.355469 0.211914 -0.380859 -1.52344 -0.636719 -0.18457 -0.109863 1.48438 -0.679688 0.423828 -1.44531 0.648438 1.72656 -0.253906 -0.427734 1.50781 -2.14062 -1.34375 -0.11084 1.05469 0.167969 -1.25 0.188477 1.42969 -0.679688 -0.109863 0.408203 -0.398438 -0.0708008 0.386719 -0.878906 -0.226562 -0.222656 -0.433594 -1.21094 0.196289 -0.636719 1.03125 -1.5 -0.621094 -0.117676 -0.902344 -2.03125 1.00781 -0.470703 0.414062 0.0256348 0.192383 -2.21875 0.308594 
-0.419922 -1.17188 0.980469 0.519531 0.765625 0.0218506 1.54688 -1.16406 -0.0439453 -1.875 0.625 -0.933594 0.828125 -0.255859 0.114746 1.42969 2.48438 0.257812 -0.255859 1.24219 -1.53906 0.730469 -2.1875 -1.67188 1.92969 0.498047 -1.39844 1.74219 -1.0625 -2.51562 2.15625 -1.32031 -1.10156 0.289062 0.996094 -1.71094 1.10156 1.94531 1.36719 0.246094 -0.78125 -1.73438 0.0893555 0.648438 0.925781 1.95312 -0.570312 0.632812 -2.35938 -1.125 -0.824219 -0.219727 -2.46875 -0.412109 2.60938 0.300781 0.296875 1.57812 2.79688 2.10938 0.535156 1.57031 0.855469 -4.25 3.34375 -0.147461 1.95312 0.0302734 -1.70312 0.742188 0.820312 1.96094 -0.447266 -1.27344 -2.96875 0.957031 -1.89844 1.25781 -0.154297 -3.42188 0.486328 -2.15625 -1.29688 0.130859 0.765625 -1.82812 0.451172 -1.35156 -0.15332 -0.349609 -0.75 0.382812 0.057373 1.21875 2.09375 0.925781 0.232422 -0.0422363 -1.86719 -2.25 1.55469 -1.20312 0.353516 1.73438 0.0249023 -0.890625 0.445312 0.466797 1.5 -1.35156 -0.339844 -4.46875 2.35938 -0.46875 0.388672 -4.8125 -1.27344 -0.302734 0.208008 1.22656 1.00781 0.373047 0.941406 2.75 -0.388672 -1.35938 1.63281 -1.69531 
0.209961 1.39062 1.14062 0.196289 1.3125 0.726562 0.519531 -0.259766 1.07031 0.746094 -0.207031 -0.172852 -0.172852 -0.0027771 -0.251953 -0.289062 -1.03906 1.28906 0.294922 0.734375 -1.72656 -0.353516 0.363281 0.302734 -0.455078 0.929688 0.12793 -0.742188 -0.332031 -0.511719 0.139648 1.61719 -0.167969 0.746094 0.628906 0.0771484 0.511719 -1.47656 2.5625 -1.17969 0.417969 -1.64062 -0.115234 0.824219 -1.01562 -0.910156 -0.523438 1.10938 -0.160156 -0.0422363 -0.664062 -0.492188 -0.433594 -0.621094 0.835938 0.208984 0.992188 -0.9375 0.515625 -0.546875 0.206055 -1.07812 -0.0461426 -2.35938 -1.36719 -0.945312 0.148438 -0.259766 0.96875 -0.695312 0.664062 -0.824219 0.582031 -0.597656 -0.292969 -0.941406 -1.53906 -0.867188 2.09375 2.40625 0.292969 0.992188 -0.816406 -0.554688 -0.363281 0.804688 1.39062 -0.398438 -1.20312 -0.283203 -0.10498 -1.53906 1.29688 1.08594 -1.54688 -0.419922 -1.07812 0.248047 -1.92969 0.566406 0.757812 0.664062 -1.35938 0.443359 0.0302734 -0.953125 0.519531 0.0593262 -1.6875 -0.304688 2.51562 1.21875 0.652344 0.326172 -0.828125 0.742188 -0.417969 -0.945312 0.300781 -0.275391 0.0732422 -0.0869141 -1.57812 -0.0888672 0.6875 -0.298828 1.10156 0.835938 
-0.116699 0.585938 0.953125 0.0668945 0.318359 0.691406 -0.855469 -1.32812 0.777344 -0.235352 -1.9375 -1.07031 0.0668945 -0.185547 1.67969 -0.0500488 -1.51562 0.796875 -0.371094 -0.185547 0.157227 0.129883 -0.40625 0.034668 -0.457031 -0.398438 0.176758 -0.589844 -0.462891 -0.427734 -0.353516 0.480469 0.419922 -0.789062 0.455078 1.30469 -0.242188 -0.292969 0.851562 -0.457031 1.38281 -0.875 0.125977 2.79688 -0.470703 1.60938 0.0544434 -0.601562 0.349609 0.539062 -0.679688 0.539062 0.722656 1.14062 0.667969 1.01562 -0.447266 -0.886719 0.957031 1.375 1.8125 0.12793 2.21875 -0.960938 -1.83594 -0.675781 2.03125 2.59375 0.116211 1.03906 0.527344 0.453125 1.24219 -0.714844 -1.07031 0.210938 0.0220947 1.24219 -0.355469 0.211914 -0.380859 -1.52344 -0.636719 -0.18457 -0.109863 1.48438 -0.679688 0.423828 -1.44531 0.648438 1.72656 -0.253906 -0.427734 1.50781 -2.14062 -1.34375 -0.11084 1.05469 0.167969 -1.25 0.188477 1.42969 -0.679688 -0.109863 0.408203 -0.398438 -0.0708008 0.386719 -0.878906 -0.226562 -0.222656 -0.433594 -1.21094 0.196289 -0.636719 1.03125 -1.5 -0.621094 -0.117676 -0.902344 -2.03125 1.00781 -0.470703 0.414062 0.0256348 0.192383 -2.21875 0.308594 
-0.597656 1.34375 -0.470703 -1.07812 1.49219 -0.152344 -0.046875 0.0113525 -0.757812 0.339844 -0.0898438 0.482422 0.945312 -0.404297 0.373047 -0.0264893 -0.15625 -1.54688 1.25781 0.486328 0.964844 -0.414062 0.081543 0.219727 2.8125 0.177734 -0.535156 -1.25781 -0.882812 -1.09375 0.0952148 0.871094 1.53906 -0.0131836 0.816406 -0.28125 0.410156 0.398438 -0.134766 0.597656 0.18457 -0.337891 0.785156 1.22656 0.257812 -0.828125 -0.233398 1.46094 1.08594 -0.0419922 -0.195312 0.208008 -1.27344 -0.828125 -0.15332 0.341797 1.71094 -0.460938 0.535156 0.0198975 0.458984 -1.52344 0.137695 -2.25 0.412109 -0.351562 0.546875 0.283203 -0.589844 -2.14062 0.114258 1.20312 1.73438 0.408203 -1.53125 0.929688 0.6875 -0.074707 2.40625 -1.24219 -0.785156 -1.39062 -1.52344 -1.28906 0.507812 -1.26562 0.179688 1.5 -0.298828 1.05469 -1.46875 -0.245117 0.539062 -0.613281 -0.6875 0.249023 0.578125 -1.05469 0.765625 0.105957 -0.304688 -0.191406 -0.625 1.00781 1.78906 0.550781 0.765625 0.335938 1.75781 -1.35156 -0.734375 0.957031 0.992188 0.22168 -1.3125 -1.85938 -0.527344 0.255859 -0.110352 3.4375 2.34375 1.13281 0.765625 1.26562 -0.582031 0.166016 1.14062 -1.47656 
-0.458984 -3.34375 -1.27344 -0.679688 0.141602 2.79688 0.318359 -0.240234 4.1875 2.125 2.39062 0.8125 -0.796875 -1.53125 0.337891 -0.294922 5.3125 1.22656 -2.59375 1.64844 -3.75 1.53906 3.67188 -0.714844 0.722656 -2.09375 -0.773438 -1.47656 -0.535156 0.478516 -1.02344 1.36719 -0.161133 0.369141 -1.86719 1.51562 -0.484375 -1.71875 2.375 -0.176758 -0.445312 0.574219 0.458984 -1.82812 1.35938 1.38281 -0.202148 2.29688 0.65625 -0.259766 0.855469 -2.75 0.0534668 0.0751953 1.67969 1.74219 -1.99219 -1.15625 -3.8125 4.09375 -2.70312 0.162109 -0.0961914 -3.59375 -1.78906 -1.55469 0.175781 0.527344 -1.9375 0.570312 -2.17188 0.400391 -1.625 0.074707 2.67188 1.28125 1.35156 3.15625 -0.933594 -1.73438 0.0179443 -1.65625 3.14062 -2.25 1.09375 0.0471191 -1.46875 0.804688 -0.707031 0.769531 1.91406 0.060791 3.46875 -0.179688 0.777344 1.54688 -0.423828 -2.1875 -1.85938 0.163086 -1.35938 -0.695312 -2.04688 0.859375 0.890625 -1.77344 -0.314453 2.875 -0.21875 0.421875 0.757812 1.57031 -0.0106201 1.85938 0.0742188 -2.01562 -0.427734 -2.03125 -3.23438 -0.0507812 0.949219 2.14062 -1.32812 0.0184326 0.875 -0.964844 0.605469 -0.15625 
1.64844 1 0.291016 0.96875 -0.0246582 2.70312 0.496094 -0.660156 -1.61719 -0.804688 0.777344 3.21875 1.09375 3.1875 0.240234 -0.0654297 2.375 -2.67188 -2.17188 3.46875 -2.79688 4.0625 0.621094 -1.89062 -0.367188 1.28125 3.375 0.132812 3.51562 0.476562 0.306641 -0.0761719 1.35156 1.17969 -0.824219 -2.32812 -2.125 0.0395508 -1.33594 -2.3125 -1.25 -0.90625 -0.554688 -1.00781 0.0147705 0.722656 0.460938 1.61719 -0.162109 -0.914062 -3.29688 -0.816406 0.832031 -0.542969 0.271484 -2.60938 1.07031 2.21875 -0.279297 -0.0415039 -2.15625 2.28125 -3.21875 4.09375 0.867188 -0.882812 -2.76562 -0.5625 0.628906 0.566406 3.35938 2.21875 0.417969 -2.20312 0.253906 1.02344 0.683594 -1.35156 1.97656 -1.52344 -0.523438 -0.341797 -1.29688 0.941406 1.11719 -0.157227 -0.613281 -1.90625 0.921875 -0.875 -1.64844 2.89062 -1.45312 1.5625 5.28125 -0.157227 -0.953125 -0.255859 0.519531 -2.39062 1.96094 -1.42188 1.375 2.76562 1.21094 -1.67969 0.679688 1.70312 1.08594 3.59375 4.15625 -0.878906 -1 -1.86719 -1.08594 1.45312 -2.73438 1.09375 -0.421875 1.34375 -2.54688 -0.189453 0.613281 -1.375 -1.24219 -1.27344 3.07812 -0.386719 
-0.116699 0.585938 0.953125 0.0668945 0.318359 0.691406 -0.855469 -1.32812 0.777344 -0.235352 -1.9375 -1.07031 0.0668945 -0.185547 1.67969 -0.0500488 -1.51562 0.796875 -0.371094 -0.185547 0.157227 0.129883 -0.40625 0.034668 -0.457031 -0.398438 0.176758 -0.589844 -0.462891 -0.427734 -0.353516 0.480469 0.419922 -0.789062 0.455078 1.30469 -0.242188 -0.292969 0.851562 -0.457031 1.38281 -0.875 0.125977 2.79688 -0.470703 1.60938 0.0544434 -0.601562 0.349609 0.539062 -0.679688 0.539062 0.722656 1.14062 0.667969 1.01562 -0.447266 -0.886719 0.957031 1.375 1.8125 0.12793 2.21875 -0.960938 -1.83594 -0.675781 2.03125 2.59375 0.116211 1.03906 0.527344 0.453125 1.24219 -0.714844 -1.07031 0.210938 0.0220947 1.24219 -0.355469 0.211914 -0.380859 -1.52344 -0.636719 -0.18457 -0.109863 1.48438 -0.679688 0.423828 -1.44531 0.648438 1.72656 -0.253906 -0.427734 1.50781 -2.14062 -1.34375 -0.11084 1.05469 0.167969 -1.25 0.188477 1.42969 -0.679688 -0.109863 0.408203 -0.398438 -0.0708008 0.386719 -0.878906 -0.226562 -0.222656 -0.433594 -1.21094 0.196289 -0.636719 1.03125 -1.5 -0.621094 -0.117676 -0.902344 -2.03125 1.00781 -0.470703 0.414062 0.0256348 0.192383 -2.21875 0.308594 
-0.363281 -1.65625 -2.14062 0.710938 0.808594 1.95312 2.45312 -0.507812 -1.44531 -0.431641 1.30469 2.07812 -0.679688 1.34375 2.67188 0.3125 -0.330078 -1.04688 -0.574219 0.863281 -0.133789 -0.9375 0.149414 0.0664062 0.0952148 -0.546875 -1 0.239258 0.695312 -2.28125 -0.597656 0.835938 1.58594 1.28906 -2.04688 0.233398 -0.433594 -2.20312 -0.211914 -0.589844 -0.239258 1.24219 1.5 -0.363281 -0.773438 1.34375 -1.17969 1.84375 0.570312 0.128906 0.104004 1.60156 0.675781 -0.183594 -1.47656 2.57812 -1.40625 -1.13281 1.66406 0.867188 -0.558594 1.04688 -1.29688 0.265625 -0.574219 2.70312 -0.0336914 -0.220703 -0.308594 -0.988281 2.03125 0.189453 0.707031 0.519531 -0.324219 -0.609375 0.232422 -0.00469971 0.703125 0.412109 -0.0246582 -0.136719 0.427734 0.138672 -0.0344238 -0.375 -2.46875 0.114258 -0.570312 1.14062 -0.0583496 0.400391 0.330078 -0.382812 -0.257812 2.23438 -0.6875 2.73438 -1.125 0.128906 -0.792969 -2.5 -1.54688 -1.84375 -1.21875 1.45312 0.382812 -0.251953 1.49219 1.25781 0.953125 -0.574219 0.114258 1.8125 -1.39844 2.64062 0.166992 -1.375 -1.50781 2.0625 -0.0256348 1.60156 -0.84375 0.613281 -0.648438 -0.328125 -0.466797 0.746094 
-0.597656 1.34375 -0.470703 -1.07812 1.49219 -0.152344 -0.046875 0.0113525 -0.757812 0.339844 -0.0898438 0.482422 0.945312 -0.404297 0.373047 -0.0264893 -0.15625 -1.54688 1.25781 0.486328 0.964844 -0.414062 0.081543 0.219727 2.8125 0.177734 -0.535156 -1.25781 -0.882812 -1.09375 0.0952148 0.871094 1.53906 -0.0131836 0.816406 -0.28125 0.410156 0.398438 -0.134766 0.597656 0.18457 -0.337891 0.785156 1.22656 0.257812 -0.828125 -0.233398 1.46094 1.08594 -0.0419922 -0.195312 0.208008 -1.27344 -0.828125 -0.15332 0.341797 1.71094 -0.460938 0.535156 0.0198975 0.458984 -1.52344 0.137695 -2.25 0.412109 -0.351562 0.546875 0.283203 -0.589844 -2.14062 0.114258 1.20312 1.73438 0.408203 -1.53125 0.929688 0.6875 -0.074707 2.40625 -1.24219 -0.785156 -1.39062 -1.52344 -1.28906 0.507812 -1.26562 0.179688 1.5 -0.298828 1.05469 -1.46875 -0.245117 0.539062 -0.613281 -0.6875 0.249023 0.578125 -1.05469 0.765625 0.105957 -0.304688 -0.191406 -0.625 1.00781 1.78906 0.550781 0.765625 0.335938 1.75781 -1.35156 -0.734375 0.957031 0.992188 0.22168 -1.3125 -1.85938 -0.527344 0.255859 -0.110352 3.4375 2.34375 1.13281 0.765625 1.26562 -0.582031 0.166016 1.14062 -1.47656 
-0.507812 -2.32812 -2.14062 1.66406 -0.0512695 1.25781 3.3125 0.554688 1.65625 2.54688 0.722656 -0.494141 -0.886719 -0.0200195 0.100586 -0.761719 1.57812 -0.145508 -1.63281 -2.0625 -3.20312 -0.660156 -0.0791016 2.42188 0.0307617 -1.88281 2.34375 -2.70312 -1.70312 0.949219 0.558594 -1.52344 2.5 -2.51562 1.07812 -1.53906 -0.964844 0.710938 -0.0688477 2.65625 -0.941406 -0.225586 -2.92188 -2.5 -0.882812 1.82031 1.25 -0.929688 0.490234 -0.914062 1.27344 -2.17188 1.38281 -0.431641 0.910156 1.03125 -0.449219 4.28125 -1.03125 0.204102 -0.625 0.145508 -1.22656 0.871094 -1.22656 0.0712891 2.23438 2.28125 0.271484 -0.511719 -1.75 1.64062 -1.50781 -0.832031 -0.419922 1.04688 2.09375 1.92188 -0.292969 -3.625 -0.4375 -0.165039 1.95312 -0.804688 0.894531 -2.45312 1.39844 -1.39844 -0.695312 -0.143555 0.0269775 0.523438 -0.964844 -0.211914 3.65625 -1.71094 0.414062 -2.625 -0.273438 -0.773438 -3.35938 2.07812 -3.98438 2.95312 2.10938 -0.349609 -1.57031 2.6875 -2.95312 -2.21875 0.310547 0.511719 -0.0546875 0.298828 -1.75 0.855469 1.0625 -1.14844 -0.470703 0.984375 -0.378906 -0.617188 -1.51562 2.53125 0.0332031 -1.07812 0.675781 0.707031 
-0.589844 -0.0196533 0.90625 0.554688 -0.132812 -1 3.26562 -0.408203 -1.91406 -0.617188 1.83594 -1.5 2.14062 -0.361328 0.933594 1.71094 -0.550781 2.64062 -1.8125 -0.925781 -1.50781 -0.0505371 -4.46875 0.132812 0.417969 -2.15625 0.367188 -0.486328 2.75 -1.49219 1.85156 -1.61719 0.355469 0.371094 0.945312 -1.6875 0.742188 1.35156 0.302734 2.45312 -0.279297 3.20312 3.15625 1.25 -0.570312 -0.199219 -0.108398 0.605469 0.1875 -0.0639648 -1.67188 -1.28906 -1.15625 -0.667969 0.0568848 -2.04688 2.21875 -0.151367 1.38281 -1.07031 -2.70312 -0.0233154 -1.19531 -0.65625 1.0625 2.1875 -0.00370789 -0.691406 -1.11719 1.1875 -0.458984 -0.412109 0.458984 -1.82031 -0.429688 0.71875 1.76562 -0.792969 -0.361328 0.855469 -0.357422 -0.140625 1.35156 1.72656 -2.03125 1.05469 -0.349609 -2.4375 -1.03125 1.51562 -0.855469 -0.363281 2.07812 -1.70312 -1.01562 -0.494141 1.07812 -2.15625 2.84375 0.253906 -1.88281 1.23438 -2.1875 -0.0761719 0.200195 -1.5625 -1.15625 -0.816406 2.09375 -1.85156 -0.890625 -2.60938 -0.226562 0.21582 -0.671875 -0.605469 -0.22168 -0.566406 0.183594 1.75781 2.4375 1.01562 0.757812 -1.73438 1.98438 -0.292969 0.941406 0.482422 
1.64844 1 0.291016 0.96875 -0.0246582 2.70312 0.496094 -0.660156 -1.61719 -0.804688 0.777344 3.21875 1.09375 3.1875 0.240234 -0.0654297 2.375 -2.67188 -2.17188 3.46875 -2.79688 4.0625 0.621094 -1.89062 -0.367188 1.28125 3.375 0.132812 3.51562 0.476562 0.306641 -0.0761719 1.35156 1.17969 -0.824219 -2.32812 -2.125 0.0395508 -1.33594 -2.3125 -1.25 -0.90625 -0.554688 -1.00781 0.0147705 0.722656 0.460938 1.61719 -0.162109 -0.914062 -3.29688 -0.816406 0.832031 -0.542969 0.271484 -2.60938 1.07031 2.21875 -0.279297 -0.0415039 -2.15625 2.28125 -3.21875 4.09375 0.867188 -0.882812 -2.76562 -0.5625 0.628906 0.566406 3.35938 2.21875 0.417969 -2.20312 0.253906 1.02344 0.683594 -1.35156 1.97656 -1.52344 -0.523438 -0.341797 -1.29688 0.941406 1.11719 -0.157227 -0.613281 -1.90625 0.921875 -0.875 -1.64844 2.89062 -1.45312 1.5625 5.28125 -0.157227 -0.953125 -0.255859 0.519531 -2.39062 1.96094 -1.42188 1.375 2.76562 1.21094 -1.67969 0.679688 1.70312 1.08594 3.59375 4.15625 -0.878906 -1 -1.86719 -1.08594 1.45312 -2.73438 1.09375 -0.421875 1.34375 -2.54688 -0.189453 0.613281 -1.375 -1.24219 -1.27344 3.07812 -0.386719 
-0.116699 0.585938 0.953125 0.0668945 0.318359 0.691406 -0.855469 -1.32812 0.777344 -0.235352 -1.9375 -1.07031 0.0668945 -0.185547 1.67969 -0.0500488 -1.51562 0.796875 -0.371094 -0.185547 0.157227 0.129883 -0.40625 0.034668 -0.457031 -0.398438 0.176758 -0.589844 -0.462891 -0.427734 -0.353516 0.480469 0.419922 -0.789062 0.455078 1.30469 -0.242188 -0.292969 0.851562 -0.457031 1.38281 -0.875 0.125977 2.79688 -0.470703 1.60938 0.0544434 -0.601562 0.349609 0.539062 -0.679688 0.539062 0.722656 1.14062 0.667969 1.01562 -0.447266 -0.886719 0.957031 1.375 1.8125 0.12793 2.21875 -0.960938 -1.83594 -0.675781 2.03125 2.59375 0.116211 1.03906 0.527344 0.453125 1.24219 -0.714844 -1.07031 0.210938 0.0220947 1.24219 -0.355469 0.211914 -0.380859 -1.52344 -0.636719 -0.18457 -0.109863 1.48438 -0.679688 0.423828 -1.44531 0.648438 1.72656 -0.253906 -0.427734 1.50781 -2.14062 -1.34375 -0.11084 1.05469 0.167969 -1.25 0.188477 1.42969 -0.679688 -0.109863 0.408203 -0.398438 -0.0708008 0.386719 -0.878906 -0.226562 -0.222656 -0.433594 -1.21094 0.196289 -0.636719 1.03125 -1.5 -0.621094 -0.117676 -0.902344 -2.03125 1.00781 -0.470703 0.414062 0.0256348 0.192383 -2.21875 0.308594 
0.636719 -1.16406 -0.240234 -0.820312 0.294922 1.63281 -0.417969 -0.648438 -0.310547 -0.65625 0.777344 0.589844 -0.800781 -0.248047 -0.0546875 -0.146484 2.5625 0.380859 0.0776367 0.601562 -0.353516 1.89062 0.871094 -0.453125 0.445312 0.589844 -0.121582 0.691406 1.09375 -0.332031 1.97656 3.03125 -2.75 -0.208984 -0.427734 -0.605469 -1.44531 -2.21875 -0.251953 -1.57031 0.53125 -0.419922 -0.412109 -1.82812 -0.291016 -0.558594 -0.601562 1.15625 -1.17188 -0.0301514 -2.28125 -0.804688 -1.14062 1.57812 -2.28125 -0.271484 -0.5 -2.75 1.82031 -1.39062 -0.746094 1.6875 -1.80469 2.625 1.375 -0.28125 -0.365234 -2.85938 0.263672 2.42188 0.285156 0.219727 -0.167969 -1.44531 -1.32812 -0.855469 -0.609375 -1.59375 -0.0532227 3.34375 0.496094 0.640625 -0.125 1.45312 2.1875 0.640625 -1.0625 -1.77344 0.578125 0.542969 2.5 2.5 -1.44531 1.20312 4.8125 0.0732422 0.365234 1.625 -0.141602 -2.07812 0.421875 -2.14062 0.429688 2.4375 0.12793 0.511719 -0.960938 -0.145508 1.48438 2.8125 0.390625 -0.988281 -0.867188 -0.695312 -1.54688 -1.22656 -1.78125 2.32812 0.589844 0.71875 1.32031 0.259766 -0.298828 -1.77344 -0.287109 1.82812 1.54688 -2.92188 
0 0 0 0 0 0 0 0 0 0 0 0 0 0 0 0 0 0 0 0 0 0 0 0 0 0 0 0 0 0 0 0 0 0 0 0 0 0 0 0 0 0 0 0 0 0 0 0 0 0 0 0 0 0 0 0 0 0 0 0 0 0 0 0 0 0 0 0 0 0 0 0 0 0 0 0 0 0 0 0 0 0 0 0 0 0 0 0 0 0 0 0 0 0 0 0 0 0 0 0 0 0 0 0 0 0 0 0 0 0 0 0 0 0 0 0 0 0 0 0 0 0 0 0 0 0 0 0 
0 0 0 0 0 0 0 0 0 0 0 0 0 0 0 0 0 0 0 0 0 0 0 0 0 0 0 0 0 0 0 0 0 0 0 0 0 0 0 0 0 0 0 0 0 0 0 0 0 0 0 0 0 0 0 0 0 0 0 0 0 0 0 0 0 0 0 0 0 0 0 0 0 0 0 0 0 0 0 0 0 0 0 0 0 0 0 0 0 0 0 0 0 0 0 0 0 0 0 0 0 0 0 0 0 0 0 0 0 0 0 0 0 0 0 0 0 0 0 0 0 0 0 0 0 0 0 0 
0 0 0 0 0 0 0 0 0 0 0 0 0 0 0 0 0 0 0 0 0 0 0 0 0 0 0 0 0 0 0 0 0 0 0 0 0 0 0 0 0 0 0 0 0 0 0 0 0 0 0 0 0 0 0 0 0 0 0 0 0 0 0 0 0 0 0 0 0 0 0 0 0 0 0 0 0 0 0 0 0 0 0 0 0 0 0 0 0 0 0 0 0 0 0 0 0 0 0 0 0 0 0 0 0 0 0 0 0 0 0 0 0 0 0 0 0 0 0 0 0 0 0 0 0 0 0 0 
0 0 0 0 0 0 0 0 0 0 0 0 0 0 0 0 0 0 0 0 0 0 0 0 0 0 0 0 0 0 0 0 0 0 0 0 0 0 0 0 0 0 0 0 0 0 0 0 0 0 0 0 0 0 0 0 0 0 0 0 0 0 0 0 0 0 0 0 0 0 0 0 0 0 0 0 0 0 0 0 0 0 0 0 0 0 0 0 0 0 0 0 0 0 0 0 0 0 0 0 0 0 0 0 0 0 0 0 0 0 0 0 0 0 0 0 0 0 0 0 0 0 0 0 0 0 0 0 
0 0 0 0 0 0 0 0 0 0 0 0 0 0 0 0 0 0 0 0 0 0 0 0 0 0 0 0 0 0 0 0 0 0 0 0 0 0 0 0 0 0 0 0 0 0 0 0 0 0 0 0 0 0 0 0 0 0 0 0 0 0 0 0 0 0 0 0 0 0 0 0 0 0 0 0 0 0 0 0 0 0 0 0 0 0 0 0 0 0 0 0 0 0 0 0 0 0 0 0 0 0 0 0 0 0 0 0 0 0 0 0 0 0 0 0 0 0 0 0 0 0 0 0 0 0 0 0 
0 0 0 0 0 0 0 0 0 0 0 0 0 0 0 0 0 0 0 0 0 0 0 0 0 0 0 0 0 0 0 0 0 0 0 0 0 0 0 0 0 0 0 0 0 0 0 0 0 0 0 0 0 0 0 0 0 0 0 0 0 0 0 0 0 0 0 0 0 0 0 0 0 0 0 0 0 0 0 0 0 0 0 0 0 0 0 0 0 0 0 0 0 0 0 0 0 0 0 0 0 0 0 0 0 0 0 0 0 0 0 0 0 0 0 0 0 0 0 0 0 0 0 0 0 0 0 0 
0 0 0 0 0 0 0 0 0 0 0 0 0 0 0 0 0 0 0 0 0 0 0 0 0 0 0 0 0 0 0 0 0 0 0 0 0 0 0 0 0 0 0 0 0 0 0 0 0 0 0 0 0 0 0 0 0 0 0 0 0 0 0 0 0 0 0 0 0 0 0 0 0 0 0 0 0 0 0 0 0 0 0 0 0 0 0 0 0 0 0 0 0 0 0 0 0 0 0 0 0 0 0 0 0 0 0 0 0 0 0 0 0 0 0 0 0 0 0 0 0 0 0 0 0 0 0 0 
0 0 0 0 0 0 0 0 0 0 0 0 0 0 0 0 0 0 0 0 0 0 0 0 0 0 0 0 0 0 0 0 0 0 0 0 0 0 0 0 0 0 0 0 0 0 0 0 0 0 0 0 0 0 0 0 0 0 0 0 0 0 0 0 0 0 0 0 0 0 0 0 0 0 0 0 0 0 0 0 0 0 0 0 0 0 0 0 0 0 0 0 0 0 0 0 0 0 0 0 0 0 0 0 0 0 0 0 0 0 0 0 0 0 0 0 0 0 0 0 0 0 0 0 0 0 0 0 
0 0 0 0 0 0 0 0 0 0 0 0 0 0 0 0 0 0 0 0 0 0 0 0 0 0 0 0 0 0 0 0 0 0 0 0 0 0 0 0 0 0 0 0 0 0 0 0 0 0 0 0 0 0 0 0 0 0 0 0 0 0 0 0 0 0 0 0 0 0 0 0 0 0 0 0 0 0 0 0 0 0 0 0 0 0 0 0 0 0 0 0 0 0 0 0 0 0 0 0 0 0 0 0 0 0 0 0 0 0 0 0 0 0 0 0 0 0 0 0 0 0 0 0 0 0 0 0 
0 0 0 0 0 0 0 0 0 0 0 0 0 0 0 0 0 0 0 0 0 0 0 0 0 0 0 0 0 0 0 0 0 0 0 0 0 0 0 0 0 0 0 0 0 0 0 0 0 0 0 0 0 0 0 0 0 0 0 0 0 0 0 0 0 0 0 0 0 0 0 0 0 0 0 0 0 0 0 0 0 0 0 0 0 0 0 0 0 0 0 0 0 0 0 0 0 0 0 0 0 0 0 0 0 0 0 0 0 0 0 0 0 0 0 0 0 0 0 0 0 0 0 0 0 0 0 0 
0 0 0 0 0 0 0 0 0 0 0 0 0 0 0 0 0 0 0 0 0 0 0 0 0 0 0 0 0 0 0 0 0 0 0 0 0 0 0 0 0 0 0 0 0 0 0 0 0 0 0 0 0 0 0 0 0 0 0 0 0 0 0 0 0 0 0 0 0 0 0 0 0 0 0 0 0 0 0 0 0 0 0 0 0 0 0 0 0 0 0 0 0 0 0 0 0 0 0 0 0 0 0 0 0 0 0 0 0 0 0 0 0 0 0 0 0 0 0 0 0 0 0 0 0 0 0 0 
0 0 0 0 0 0 0 0 0 0 0 0 0 0 0 0 0 0 0 0 0 0 0 0 0 0 0 0 0 0 0 0 0 0 0 0 0 0 0 0 0 0 0 0 0 0 0 0 0 0 0 0 0 0 0 0 0 0 0 0 0 0 0 0 0 0 0 0 0 0 0 0 0 0 0 0 0 0 0 0 0 0 0 0 0 0 0 0 0 0 0 0 0 0 0 0 0 0 0 0 0 0 0 0 0 0 0 0 0 0 0 0 0 0 0 0 0 0 0 0 0 0 0 0 0 0 0 0 
0 0 0 0 0 0 0 0 0 0 0 0 0 0 0 0 0 0 0 0 0 0 0 0 0 0 0 0 0 0 0 0 0 0 0 0 0 0 0 0 0 0 0 0 0 0 0 0 0 0 0 0 0 0 0 0 0 0 0 0 0 0 0 0 0 0 0 0 0 0 0 0 0 0 0 0 0 0 0 0 0 0 0 0 0 0 0 0 0 0 0 0 0 0 0 0 0 0 0 0 0 0 0 0 0 0 0 0 0 0 0 0 0 0 0 0 0 0 0 0 0 0 0 0 0 0 0 0 
0 0 0 0 0 0 0 0 0 0 0 0 0 0 0 0 0 0 0 0 0 0 0 0 0 0 0 0 0 0 0 0 0 0 0 0 0 0 0 0 0 0 0 0 0 0 0 0 0 0 0 0 0 0 0 0 0 0 0 0 0 0 0 0 0 0 0 0 0 0 0 0 0 0 0 0 0 0 0 0 0 0 0 0 0 0 0 0 0 0 0 0 0 0 0 0 0 0 0 0 0 0 0 0 0 0 0 0 0 0 0 0 0 0 0 0 0 0 0 0 0 0 0 0 0 0 0 0 
0 0 0 0 0 0 0 0 0 0 0 0 0 0 0 0 0 0 0 0 0 0 0 0 0 0 0 0 0 0 0 0 0 0 0 0 0 0 0 0 0 0 0 0 0 0 0 0 0 0 0 0 0 0 0 0 0 0 0 0 0 0 0 0 0 0 0 0 0 0 0 0 0 0 0 0 0 0 0 0 0 0 0 0 0 0 0 0 0 0 0 0 0 0 0 0 0 0 0 0 0 0 0 0 0 0 0 0 0 0 0 0 0 0 0 0 0 0 0 0 0 0 0 0 0 0 0 0 
0 0 0 0 0 0 0 0 0 0 0 0 0 0 0 0 0 0 0 0 0 0 0 0 0 0 0 0 0 0 0 0 0 0 0 0 0 0 0 0 0 0 0 0 0 0 0 0 0 0 0 0 0 0 0 0 0 0 0 0 0 0 0 0 0 0 0 0 0 0 0 0 0 0 0 0 0 0 0 0 0 0 0 0 0 0 0 0 0 0 0 0 0 0 0 0 0 0 0 0 0 0 0 0 0 0 0 0 0 0 0 0 0 0 0 0 0 0 0 0 0 0 0 0 0 0 0 0 
0 0 0 0 0 0 0 0 0 0 0 0 0 0 0 0 0 0 0 0 0 0 0 0 0 0 0 0 0 0 0 0 0 0 0 0 0 0 0 0 0 0 0 0 0 0 0 0 0 0 0 0 0 0 0 0 0 0 0 0 0 0 0 0 0 0 0 0 0 0 0 0 0 0 0 0 0 0 0 0 0 0 0 0 0 0 0 0 0 0 0 0 0 0 0 0 0 0 0 0 0 0 0 0 0 0 0 0 0 0 0 0 0 0 0 0 0 0 0 0 0 0 0 0 0 0 0 0 
0 0 0 0 0 0 0 0 0 0 0 0 0 0 0 0 0 0 0 0 0 0 0 0 0 0 0 0 0 0 0 0 0 0 0 0 0 0 0 0 0 0 0 0 0 0 0 0 0 0 0 0 0 0 0 0 0 0 0 0 0 0 0 0 0 0 0 0 0 0 0 0 0 0 0 0 0 0 0 0 0 0 0 0 0 0 0 0 0 0 0 0 0 0 0 0 0 0 0 0 0 0 0 0 0 0 0 0 0 0 0 0 0 0 0 0 0 0 0 0 0 0 0 0 0 0 0 0 
0 0 0 0 0 0 0 0 0 0 0 0 0 0 0 0 0 0 0 0 0 0 0 0 0 0 0 0 0 0 0 0 0 0 0 0 0 0 0 0 0 0 0 0 0 0 0 0 0 0 0 0 0 0 0 0 0 0 0 0 0 0 0 0 0 0 0 0 0 0 0 0 0 0 0 0 0 0 0 0 0 0 0 0 0 0 0 0 0 0 0 0 0 0 0 0 0 0 0 0 0 0 0 0 0 0 0 0 0 0 0 0 0 0 0 0 0 0 0 0 0 0 0 0 0 0 0 0 
0 0 0 0 0 0 0 0 0 0 0 0 0 0 0 0 0 0 0 0 0 0 0 0 0 0 0 0 0 0 0 0 0 0 0 0 0 0 0 0 0 0 0 0 0 0 0 0 0 0 0 0 0 0 0 0 0 0 0 0 0 0 0 0 0 0 0 0 0 0 0 0 0 0 0 0 0 0 0 0 0 0 0 0 0 0 0 0 0 0 0 0 0 0 0 0 0 0 0 0 0 0 0 0 0 0 0 0 0 0 0 0 0 0 0 0 0 0 0 0 0 0 0 0 0 0 0 0 
0 0 0 0 0 0 0 0 0 0 0 0 0 0 0 0 0 0 0 0 0 0 0 0 0 0 0 0 0 0 0 0 0 0 0 0 0 0 0 0 0 0 0 0 0 0 0 0 0 0 0 0 0 0 0 0 0 0 0 0 0 0 0 0 0 0 0 0 0 0 0 0 0 0 0 0 0 0 0 0 0 0 0 0 0 0 0 0 0 0 0 0 0 0 0 0 0 0 0 0 0 0 0 0 0 0 0 0 0 0 0 0 0 0 0 0 0 0 0 0 0 0 0 0 0 0 0 0 
0 0 0 0 0 0 0 0 0 0 0 0 0 0 0 0 0 0 0 0 0 0 0 0 0 0 0 0 0 0 0 0 0 0 0 0 0 0 0 0 0 0 0 0 0 0 0 0 0 0 0 0 0 0 0 0 0 0 0 0 0 0 0 0 0 0 0 0 0 0 0 0 0 0 0 0 0 0 0 0 0 0 0 0 0 0 0 0 0 0 0 0 0 0 0 0 0 0 0 0 0 0 0 0 0 0 0 0 0 0 0 0 0 0 0 0 0 0 0 0 0 0 0 0 0 0 0 0 
0 0 0 0 0 0 0 0 0 0 0 0 0 0 0 0 0 0 0 0 0 0 0 0 0 0 0 0 0 0 0 0 0 0 0 0 0 0 0 0 0 0 0 0 0 0 0 0 0 0 0 0 0 0 0 0 0 0 0 0 0 0 0 0 0 0 0 0 0 0 0 0 0 0 0 0 0 0 0 0 0 0 0 0 0 0 0 0 0 0 0 0 0 0 0 0 0 0 0 0 0 0 0 0 0 0 0 0 0 0 0 0 0 0 0 0 0 0 0 0 0 0 0 0 0 0 0 0 
0 0 0 0 0 0 0 0 0 0 0 0 0 0 0 0 0 0 0 0 0 0 0 0 0 0 0 0 0 0 0 0 0 0 0 0 0 0 0 0 0 0 0 0 0 0 0 0 0 0 0 0 0 0 0 0 0 0 0 0 0 0 0 0 0 0 0 0 0 0 0 0 0 0 0 0 0 0 0 0 0 0 0 0 0 0 0 0 0 0 0 0 0 0 0 0 0 0 0 0 0 0 0 0 0 0 0 0 0 0 0 0 0 0 0 0 0 0 0 0 0 0 0 0 0 0 0 0 
0 0 0 0 0 0 0 0 0 0 0 0 0 0 0 0 0 0 0 0 0 0 0 0 0 0 0 0 0 0 0 0 0 0 0 0 0 0 0 0 0 0 0 0 0 0 0 0 0 0 0 0 0 0 0 0 0 0 0 0 0 0 0 0 0 0 0 0 0 0 0 0 0 0 0 0 0 0 0 0 0 0 0 0 0 0 0 0 0 0 0 0 0 0 0 0 0 0 0 0 0 0 0 0 0 0 0 0 0 0 0 0 0 0 0 0 0 0 0 0 0 0 0 0 0 0 0 0 
0 0 0 0 0 0 0 0 0 0 0 0 0 0 0 0 0 0 0 0 0 0 0 0 0 0 0 0 0 0 0 0 0 0 0 0 0 0 0 0 0 0 0 0 0 0 0 0 0 0 0 0 0 0 0 0 0 0 0 0 0 0 0 0 0 0 0 0 0 0 0 0 0 0 0 0 0 0 0 0 0 0 0 0 0 0 0 0 0 0 0 0 0 0 0 0 0 0 0 0 0 0 0 0 0 0 0 0 0 0 0 0 0 0 0 0 0 0 0 0 0 0 0 0 0 0 0 0 
0 0 0 0 0 0 0 0 0 0 0 0 0 0 0 0 0 0 0 0 0 0 0 0 0 0 0 0 0 0 0 0 0 0 0 0 0 0 0 0 0 0 0 0 0 0 0 0 0 0 0 0 0 0 0 0 0 0 0 0 0 0 0 0 0 0 0 0 0 0 0 0 0 0 0 0 0 0 0 0 0 0 0 0 0 0 0 0 0 0 0 0 0 0 0 0 0 0 0 0 0 0 0 0 0 0 0 0 0 0 0 0 0 0 0 0 0 0 0 0 0 0 0 0 0 0 0 0 
0 0 0 0 0 0 0 0 0 0 0 0 0 0 0 0 0 0 0 0 0 0 0 0 0 0 0 0 0 0 0 0 0 0 0 0 0 0 0 0 0 0 0 0 0 0 0 0 0 0 0 0 0 0 0 0 0 0 0 0 0 0 0 0 0 0 0 0 0 0 0 0 0 0 0 0 0 0 0 0 0 0 0 0 0 0 0 0 0 0 0 0 0 0 0 0 0 0 0 0 0 0 0 0 0 0 0 0 0 0 0 0 0 0 0 0 0 0 0 0 0 0 0 0 0 0 0 0 
0 0 0 0 0 0 0 0 0 0 0 0 0 0 0 0 0 0 0 0 0 0 0 0 0 0 0 0 0 0 0 0 0 0 0 0 0 0 0 0 0 0 0 0 0 0 0 0 0 0 0 0 0 0 0 0 0 0 0 0 0 0 0 0 0 0 0 0 0 0 0 0 0 0 0 0 0 0 0 0 0 0 0 0 0 0 0 0 0 0 0 0 0 0 0 0 0 0 0 0 0 0 0 0 0 0 0 0 0 0 0 0 0 0 0 0 0 0 0 0 0 0 0 0 0 0 0 0 
0 0 0 0 0 0 0 0 0 0 0 0 0 0 0 0 0 0 0 0 0 0 0 0 0 0 0 0 0 0 0 0 0 0 0 0 0 0 0 0 0 0 0 0 0 0 0 0 0 0 0 0 0 0 0 0 0 0 0 0 0 0 0 0 0 0 0 0 0 0 0 0 0 0 0 0 0 0 0 0 0 0 0 0 0 0 0 0 0 0 0 0 0 0 0 0 0 0 0 0 0 0 0 0 0 0 0 0 0 0 0 0 0 0 0 0 0 0 0 0 0 0 0 0 0 0 0 0 
0 0 0 0 0 0 0 0 0 0 0 0 0 0 0 0 0 0 0 0 0 0 0 0 0 0 0 0 0 0 0 0 0 0 0 0 0 0 0 0 0 0 0 0 0 0 0 0 0 0 0 0 0 0 0 0 0 0 0 0 0 0 0 0 0 0 0 0 0 0 0 0 0 0 0 0 0 0 0 0 0 0 0 0 0 0 0 0 0 0 0 0 0 0 0 0 0 0 0 0 0 0 0 0 0 0 0 0 0 0 0 0 0 0 0 0 0 0 0 0 0 0 0 0 0 0 0 0 
0 0 0 0 0 0 0 0 0 0 0 0 0 0 0 0 0 0 0 0 0 0 0 0 0 0 0 0 0 0 0 0 0 0 0 0 0 0 0 0 0 0 0 0 0 0 0 0 0 0 0 0 0 0 0 0 0 0 0 0 0 0 0 0 0 0 0 0 0 0 0 0 0 0 0 0 0 0 0 0 0 0 0 0 0 0 0 0 0 0 0 0 0 0 0 0 0 0 0 0 0 0 0 0 0 0 0 0 0 0 0 0 0 0 0 0 0 0 0 0 0 0 0 0 0 0 0 0 
-0.133789 -1.0625 1.39062 -0.976562 -0.371094 -0.457031 -2.1875 -0.820312 0.310547 0.263672 -2.5 -0.902344 0.351562 -1 -0.558594 -0.933594 -1.45312 -0.155273 -0.275391 0.976562 -0.859375 0.166016 -0.0383301 0.941406 -0.143555 1.5 0.691406 -0.613281 0.441406 -0.482422 -1.60156 0.216797 -0.0947266 0.695312 -0.554688 0.285156 -0.722656 0.388672 -0.259766 -1.63281 -1.36719 0.486328 2.20312 0.0830078 0.824219 1.60938 -1.86719 -0.644531 0.808594 -0.550781 -0.392578 -0.757812 -0.0419922 0.277344 0.1875 0.828125 -0.820312 -0.539062 0.679688 -0.0664062 -0.0203857 -0.394531 0.263672 -0.173828 0.0178223 -0.490234 0.808594 -1.09375 1.10938 -0.609375 -0.259766 -0.0458984 -1.07812 -0.396484 0.337891 -0.773438 -1.29688 1.57031 0.96875 -0.128906 -0.267578 0.929688 -0.601562 -1.05469 0.353516 -0.267578 -2.0625 0.878906 0.402344 -0.0600586 2.29688 0.174805 0.613281 -1.08594 -0.386719 1.625 -0.0639648 0.667969 -0.108887 -0.414062 -0.9375 -0.330078 0.347656 -1.46875 0.988281 0.101562 0.443359 0.398438 0.636719 -1.67188 0.414062 0.617188 0.675781 0.125 0.275391 0.527344 1.78906 -1.20312 1.53906 -1.28125 1.25781 0.714844 -1.11719 0.882812 -0.145508 -0.103516 0.71875 0.261719 
1.70312 -1.86719 0.0119019 -1.32812 -0.0673828 -0.162109 -2.34375 -0.945312 -0.359375 1.14062 0.769531 -1.08594 -0.353516 0.902344 0.462891 -1.375 0.703125 -0.384766 0.135742 0.294922 2.09375 -0.234375 -0.867188 0.882812 1.26562 1.28125 -0.324219 0.699219 0.71875 1.53906 -0.439453 -1.27344 0.0144043 0.910156 -1.16406 -1.39062 -1.32812 -0.570312 -0.0559082 -0.194336 -0.890625 0.710938 -1.01562 0.453125 0.269531 -0.145508 -1.61719 -0.140625 -0.925781 0.349609 0.291016 0.143555 0.435547 -0.341797 -0.199219 -0.746094 0.120605 1.07031 -0.953125 -0.445312 0.0541992 0.0849609 -0.746094 0.484375 0.0314941 0.878906 0.15918 -0.71875 2.20312 -0.287109 -1.02344 0.128906 0.330078 0.0534668 2.26562 0.511719 0.186523 -0.289062 -1.35938 1.17188 -0.804688 -0.367188 0.279297 0.310547 1.10156 1.47656 -0.419922 -0.384766 -0.480469 0.0495605 0.640625 0.75 0.304688 0.269531 -0.535156 0.308594 -1.26562 -0.214844 0.84375 0.617188 0.304688 0.695312 0.484375 0.976562 1.24219 -1.44531 1.45312 -0.245117 0.105957 -1.14062 0.0576172 -0.0932617 1.10156 -0.570312 1.875 0.515625 1.70312 0.671875 -1.46094 -1.15625 0.523438 0.400391 -0.333984 0.378906 1.09375 0.0390625 0.0986328 0.0917969 
-1.53906 -1.67188 1.29688 -0.0534668 -0.0605469 0.435547 -1.53125 -0.851562 0.402344 0.570312 -0.392578 0.15332 0.539062 -0.96875 -0.578125 -0.851562 -1.59375 -0.0169678 1.71875 0.976562 -0.269531 -0.34375 -0.914062 0.0537109 0.679688 -1.33594 -0.138672 -0.722656 0.137695 -0.808594 -0.609375 -0.188477 -0.722656 -0.0461426 1.14844 0.271484 1.07812 0.660156 0.0419922 -0.949219 0.457031 -2.15625 0.753906 0.617188 0.796875 0.427734 0.458984 -0.291016 -0.0134888 0.871094 -0.953125 -0.275391 0.0493164 0.898438 -0.194336 0.34375 -0.232422 -1.34375 0.707031 -1.28125 0.225586 -0.206055 -0.131836 -0.609375 -0.132812 -0.0913086 0.349609 0.480469 0.640625 -0.308594 -0.0600586 0.201172 -0.392578 0.515625 -1.25781 -0.337891 -0.0593262 0.12793 0.375 1.21875 -0.0966797 -0.146484 0.1875 -0.423828 1.03125 -1.34375 0.0461426 0.90625 0.140625 0.667969 -0.6875 -0.138672 -0.292969 -0.96875 -1.67969 0.789062 0.392578 1.44531 1.11719 -0.384766 -0.886719 0.523438 -0.351562 -0.949219 -1.27344 1.19531 -0.632812 0.178711 0.824219 0.9375 0.273438 0.378906 -0.242188 0.0527344 -1.02344 0.898438 0.738281 0.118652 0.675781 -0.341797 -0.0727539 0.582031 -1.69531 1.28125 0.341797 -0.699219 -0.503906 -0.0878906 
-0.0908203 -2.70312 -0.271484 -0.0327148 0.114258 0.00515747 -0.000621796 0.029541 0.238281 0.111816 0.100098 0.112305 0.145508 -0.0510254 -0.00218201 0.255859 0.208984 -0.0664062 -0.11377 -0.0957031 -0.00604248 0.151367 0.21582 0.00361633 -0.0751953 0.753906 0.201172 -0.0383301 0.423828 -0.0236816 0.0235596 0.0461426 0.140625 -0.169922 -0.00112152 -0.195312 -0.112793 0.00717163 -0.941406 -0.289062 0.0375977 -0.192383 -0.0830078 -0.578125 0.104492 -0.125 0.022583 0.0942383 -0.279297 -0.40625 0.150391 0.0181885 -0.0932617 -0.129883 0.166992 0.0864258 -0.000400543 -0.347656 0.00604248 5.8125 3.70312 -0.151367 -0.012085 0.0517578 0.0493164 -0.180664 -0.0986328 0.224609 -0.065918 0.140625 -0.00325012 0.241211 0.0256348 -0.00817871 0.0913086 -0.285156 -0.0172119 0.255859 0.0751953 -0.376953 -0.609375 -0.0383301 -0.171875 0.133789 1.75781 -0.0612793 0.0233154 -0.328125 -0.279297 -0.0571289 0.136719 0.992188 0.0505371 0.0155029 0.112305 -0.0437012 0.0683594 0.0561523 1.625 -0.15625 0.621094 1.24219 0.0395508 -0.208008 0.100586 -0.180664 0.123535 -0.291016 -0.00805664 0.234375 -0.146484 0.210938 -0.202148 0.0144653 0.0820312 0.0566406 0.026001 -0.0395508 0.133789 0.142578 0.155273 -0.0717773 -0.0830078 0.105469 -0.123047 0.345703 -0.0961914 -0.574219 
-0.664062 -1.03125 -0.828125 0.244141 0.0688477 0.123047 -0.765625 0.408203 -0.486328 0.00756836 0.0593262 -0.171875 -0.176758 0.480469 0.382812 0.0932617 0.478516 0.333984 0.15332 0.186523 0.339844 -0.100586 0.0644531 -0.0270996 1.28906 0.455078 -0.291016 0.155273 0.181641 0.00192261 0.0927734 -0.554688 -0.251953 -0.233398 -0.00132751 0.605469 -0.171875 0.0461426 -0.195312 1.45312 -0.0306396 -0.660156 -1.14062 0.628906 -0.0527344 -0.613281 -0.0167236 -0.00665283 -0.207031 -0.224609 -0.170898 0.173828 0.0756836 0.972656 0.482422 -0.144531 0.394531 -0.263672 0.0412598 0.515625 -0.0147705 -0.15625 0.0439453 -0.457031 -0.0722656 -0.230469 0.585938 -0.230469 0.285156 -0.141602 0.488281 -1.01562 -0.34375 -0.0810547 -0.382812 -0.261719 -0.380859 0.113281 0.279297 0.8125 0.871094 0.00318909 -0.314453 -0.242188 0.155273 0.414062 -0.423828 -0.132812 0.652344 -0.353516 0.244141 -0.455078 -0.566406 -0.392578 0.0756836 0.304688 -0.316406 -1.625 -0.170898 -0.283203 -0.263672 -0.644531 1.45312 0.10791 -0.605469 -1.09375 -0.314453 0.484375 -0.835938 -0.515625 0.170898 -0.120605 0.441406 -0.000686646 -0.130859 0.0698242 1.75 -0.249023 0.404297 0.394531 -0.8125 -0.148438 -0.546875 -0.703125 0.376953 0.0275879 0.111328 -0.197266 
1.20312 -3.98438 -1.05469 0.804688 0.188477 -0.0664062 -0.714844 0.820312 0.220703 0.304688 -0.137695 -0.0717773 0.451172 -0.25 -0.0267334 0.0961914 0.209961 -0.554688 1.05469 -0.174805 -0.0625 0.181641 0.0795898 -0.925781 -0.324219 1.34375 0.275391 -0.129883 -0.386719 -0.376953 0.03125 0.216797 0.294922 -0.0441895 0.263672 -0.0524902 -0.00114441 -0.0664062 1.10156 -0.152344 0.139648 -0.0908203 -0.0402832 0.386719 0.125977 0.251953 0.339844 0.298828 -0.339844 -0.378906 -0.112793 -0.0947266 0.394531 -0.271484 0.059082 -0.0898438 -0.212891 0.0664062 0.0703125 1.10156 0.0422363 -0.0483398 -0.192383 0.0888672 -0.306641 0.269531 0.131836 -0.0922852 -2.98438 -0.0737305 0.0722656 0.392578 0.107422 -0.131836 0.246094 -0.847656 -0.0800781 0.199219 0.0247803 -0.289062 0.0517578 -0.636719 -0.330078 -0.269531 1.95312 -0.15625 -0.145508 -0.0732422 0.213867 0.345703 -0.957031 -0.933594 0.0461426 0.117188 -0.179688 -0.0603027 0.0766602 0.283203 1.47656 -0.114258 -0.144531 0.398438 -0.227539 -0.0961914 0.929688 -0.0307617 -0.349609 -0.0179443 -0.0913086 0.0634766 -0.710938 1.70312 -0.255859 -0.542969 0.347656 -0.714844 0.617188 0.00994873 -0.320312 0.386719 0.0893555 -0.208008 0.804688 0.423828 -0.178711 0.134766 0.045166 -0.96875 
-0.800781 0.097168 -1.10156 -0.246094 -0.00150299 -0.578125 -0.161133 0.550781 -0.139648 -0.0161133 1.29688 0.0517578 -0.722656 0.566406 -0.609375 0.439453 -0.796875 0.0932617 1.21875 -0.322266 -0.00933838 -0.441406 0.792969 0.796875 -0.675781 0.347656 -0.060791 -0.765625 0.648438 -0.632812 0.0198975 -0.322266 -0.302734 0.0874023 0.488281 0.120117 0.157227 0.111816 -0.380859 -0.322266 -0.40625 -0.675781 -0.117188 -0.111328 -0.349609 -1.29688 0.369141 0.152344 0.652344 0.0932617 0.820312 0.15625 -0.0598145 -0.183594 0.116699 0.322266 -0.235352 -1.4375 -0.0299072 0.597656 0.382812 -0.122559 -0.0174561 -0.306641 0.929688 -0.494141 0.220703 -0.523438 -0.132812 -0.4375 1.24219 -0.146484 -0.162109 0.137695 1.92188 -0.0966797 -0.0893555 -0.045166 1.25781 0.976562 0.660156 -0.119141 -0.484375 -0.111328 -0.384766 0.8125 0.15332 0.225586 -0.00531006 -0.154297 0.271484 -0.636719 0.347656 0.208008 0.546875 0.613281 -0.251953 -2.25 -0.378906 -1.07812 -0.882812 -0.451172 -0.335938 0.0756836 0.160156 0.0151978 0.458984 -0.170898 -0.398438 0.625 -0.191406 -0.351562 0.683594 0.128906 0.279297 -0.349609 -0.128906 0.211914 0.0424805 -0.078125 0.345703 0.0117798 -0.511719 -0.640625 0.195312 -0.859375 0.306641 -0.683594 
0.414062 -0.404297 -0.253906 -0.24707 0.216797 0.19043 -0.00463867 0.253906 -0.392578 -0.5 0.328125 0.160156 -0.855469 0.996094 0.147461 -0.457031 -0.648438 -0.335938 0.453125 0.0629883 0.75 0.0678711 1.17188 -0.304688 0.953125 0.734375 -0.207031 0.294922 0.503906 0.402344 -0.152344 0.699219 -0.457031 -0.419922 -0.65625 0.589844 -0.511719 0.507812 -0.734375 -0.24707 -0.205078 0.189453 -0.8125 0.589844 -0.18457 -1.64062 0.0693359 0.195312 0.0761719 -0.114746 -0.570312 -0.148438 0.277344 0.152344 -0.59375 -0.123535 0.5625 0.318359 0.554688 0.00448608 0.5625 0.117676 0.648438 0.382812 0.0488281 -0.121094 -0.125 -0.134766 -0.0947266 0.0529785 0.130859 -0.271484 -0.355469 0.240234 0.757812 0.294922 -0.314453 -0.186523 -0.388672 -0.5625 0.324219 -0.351562 0.65625 0.210938 -0.236328 -0.445312 -1.07812 -0.488281 0.115234 -0.157227 0.12793 -0.617188 0.832031 -0.0290527 -0.186523 0.546875 -0.671875 -1.91406 -0.742188 -0.394531 -0.447266 -0.8125 0.205078 -0.111328 0.371094 0.726562 0.992188 0.233398 -0.871094 0.402344 0.765625 -0.539062 0.628906 0.412109 -0.013916 0.0249023 1.23438 0.722656 -0.271484 -0.111328 0.0839844 0.263672 -0.020752 0.185547 -0.0991211 0.828125 -0.361328 -0.660156 
-2.92188 -2.14062 1.11719 -0.8125 0.488281 -0.0380859 -1.84375 0.585938 0.398438 0.261719 -0.425781 -1.0625 -1.36719 -0.0825195 -0.546875 1.48438 -0.0186768 -0.613281 -1.67969 0.455078 0.482422 -1.19531 -0.773438 -0.154297 0.244141 -0.116211 0.449219 -0.0776367 1.51562 -1.79688 -0.010437 0.0854492 -0.423828 0.400391 -0.255859 -0.314453 0.199219 -0.261719 -0.271484 -0.090332 -0.482422 -0.330078 -1.42188 0.757812 -0.574219 1.33594 2.0625 -0.0957031 1.85938 2.85938 -1.8125 -0.980469 0.166992 0.738281 1.24219 0.0385742 -0.318359 -1.25781 0.353516 -0.613281 0.699219 -0.964844 -0.00221252 0.769531 -0.109863 0.394531 -0.757812 0.859375 -0.259766 0.0415039 1.91406 0.275391 -0.345703 0.380859 -1.28906 -0.574219 -1.78906 0.318359 1.74219 2.82812 -0.209961 -0.445312 -0.585938 -0.162109 1.28125 0.269531 -0.496094 -0.431641 1.3125 -0.746094 1.17969 -0.182617 1.27344 2.20312 -1.9375 2.4375 0.486328 0.632812 0.419922 0.785156 -0.235352 -0.212891 -0.155273 -0.675781 -1.78125 -1.34375 -1.10938 -0.22168 0.417969 -0.251953 1.04688 0.75 0.992188 -1.9375 0.0683594 1.01562 2.85938 0.570312 -0.605469 1.19531 -0.255859 0.0664062 0.882812 -0.679688 0.155273 0.78125 -1.0625 -0.523438 
1.02344 -4.15625 0.925781 0.5625 -0.154297 -0.179688 -0.824219 -0.382812 0.106934 -0.839844 0.15918 -0.992188 -1.04688 -2.46875 -0.00257874 -0.78125 0.146484 0.24707 1.01562 -0.460938 -0.408203 0.816406 -1.17188 0.332031 -0.773438 -0.0771484 0.400391 -0.248047 -0.304688 -1.375 -0.492188 -0.304688 -0.378906 0.376953 0.353516 -0.464844 -0.251953 0.257812 0.617188 -0.125 -0.349609 -1.71875 0.488281 -1.02344 0.609375 0.449219 0.357422 0.141602 -0.212891 0.404297 -0.0393066 0.304688 -0.308594 -0.265625 0.105469 -0.367188 -0.0161133 0.0217285 -0.367188 0.511719 -0.291016 -0.644531 -0.136719 -0.161133 0.351562 0.785156 0.847656 0.695312 -2.35938 0.161133 -0.0128174 0.546875 -0.644531 0.273438 0.380859 0.828125 0.412109 -0.0105591 -0.460938 0.109375 -0.0106812 0.0303955 0.355469 0.0629883 1.89062 -0.236328 1.61719 -0.15332 0.320312 -0.202148 -1.28906 -0.550781 0.205078 0.0366211 -1.49219 0.0224609 0.357422 0.976562 1.03906 0.207031 -0.100586 -0.0795898 -1.27344 0.110352 -0.792969 -1.64062 0.0544434 0.0683594 1.21094 0.244141 -0.539062 0.609375 0.503906 0.158203 -0.367188 0.0722656 -0.402344 -0.369141 -0.143555 1.01562 -1.60156 -0.367188 1.64062 0.519531 -0.00308228 -0.742188 -0.5 -0.988281 
0.414062 -0.404297 -0.253906 -0.24707 0.216797 0.19043 -0.00463867 0.253906 -0.392578 -0.5 0.328125 0.160156 -0.855469 0.996094 0.147461 -0.457031 -0.648438 -0.335938 0.453125 0.0629883 0.75 0.0678711 1.17188 -0.304688 0.953125 0.734375 -0.207031 0.294922 0.503906 0.402344 -0.152344 0.699219 -0.457031 -0.419922 -0.65625 0.589844 -0.511719 0.507812 -0.734375 -0.24707 -0.205078 0.189453 -0.8125 0.589844 -0.18457 -1.64062 0.0693359 0.195312 0.0761719 -0.114746 -0.570312 -0.148438 0.277344 0.152344 -0.59375 -0.123535 0.5625 0.318359 0.554688 0.00448608 0.5625 0.117676 0.648438 0.382812 0.0488281 -0.121094 -0.125 -0.134766 -0.0947266 0.0529785 0.130859 -0.271484 -0.355469 0.240234 0.757812 0.294922 -0.314453 -0.186523 -0.388672 -0.5625 0.324219 -0.351562 0.65625 0.210938 -0.236328 -0.445312 -1.07812 -0.488281 0.115234 -0.157227 0.12793 -0.617188 0.832031 -0.0290527 -0.186523 0.546875 -0.671875 -1.91406 -0.742188 -0.394531 -0.447266 -0.8125 0.205078 -0.111328 0.371094 0.726562 0.992188 0.233398 -0.871094 0.402344 0.765625 -0.539062 0.628906 0.412109 -0.013916 0.0249023 1.23438 0.722656 -0.271484 -0.111328 0.0839844 0.263672 -0.020752 0.185547 -0.0991211 0.828125 -0.361328 -0.660156 
0.539062 -1.67188 0.417969 -0.0583496 -0.351562 1.02344 -2.48438 -0.882812 -0.484375 0.777344 -1.64844 -0.445312 0.158203 0.613281 0.40625 -0.835938 -0.154297 -0.404297 -1.99219 -0.0478516 0.0668945 0.177734 -0.21582 0.0932617 1.64062 0.490234 -0.0673828 1.1875 -0.804688 0.503906 -0.621094 -0.376953 -0.078125 -0.398438 -0.796875 0.363281 -0.164062 0.0510254 0.0664062 -0.839844 -0.11084 0.871094 -0.300781 0.589844 -0.148438 -0.0869141 -1.27344 -0.507812 0.396484 -0.519531 0.0571289 -0.339844 0.00384521 -0.206055 0.519531 0.158203 0.0864258 1.46875 -0.322266 -0.200195 -0.285156 -0.269531 -0.382812 -0.170898 0.828125 -0.239258 0.0673828 -0.832031 1.13281 -0.0612793 -0.365234 -0.648438 -0.28125 0.0717773 -0.225586 0.570312 -0.578125 -0.0639648 0.202148 -0.382812 0.667969 0.0390625 0.162109 0.0668945 0.894531 0.0157471 -0.259766 0.535156 0.953125 -0.28125 -0.0317383 0.535156 0.644531 0.225586 -1.60156 0.365234 -0.527344 -0.188477 -0.081543 0.382812 0.231445 -0.9375 0.65625 -0.0629883 -0.408203 0.180664 1.57812 1.3125 0.318359 -0.890625 0.416016 0.34375 0.00939941 1.24219 0.353516 0.382812 3.28125 0.851562 0.324219 0.494141 0.664062 -0.707031 0.628906 -0.174805 0.660156 1.00781 -0.219727 -0.769531 
1.02344 -4.15625 0.925781 0.5625 -0.154297 -0.179688 -0.824219 -0.382812 0.106934 -0.839844 0.15918 -0.992188 -1.04688 -2.46875 -0.00257874 -0.78125 0.146484 0.24707 1.01562 -0.460938 -0.408203 0.816406 -1.17188 0.332031 -0.773438 -0.0771484 0.400391 -0.248047 -0.304688 -1.375 -0.492188 -0.304688 -0.378906 0.376953 0.353516 -0.464844 -0.251953 0.257812 0.617188 -0.125 -0.349609 -1.71875 0.488281 -1.02344 0.609375 0.449219 0.357422 0.141602 -0.212891 0.404297 -0.0393066 0.304688 -0.308594 -0.265625 0.105469 -0.367188 -0.0161133 0.0217285 -0.367188 0.511719 -0.291016 -0.644531 -0.136719 -0.161133 0.351562 0.785156 0.847656 0.695312 -2.35938 0.161133 -0.0128174 0.546875 -0.644531 0.273438 0.380859 0.828125 0.412109 -0.0105591 -0.460938 0.109375 -0.0106812 0.0303955 0.355469 0.0629883 1.89062 -0.236328 1.61719 -0.15332 0.320312 -0.202148 -1.28906 -0.550781 0.205078 0.0366211 -1.49219 0.0224609 0.357422 0.976562 1.03906 0.207031 -0.100586 -0.0795898 -1.27344 0.110352 -0.792969 -1.64062 0.0544434 0.0683594 1.21094 0.244141 -0.539062 0.609375 0.503906 0.158203 -0.367188 0.0722656 -0.402344 -0.369141 -0.143555 1.01562 -1.60156 -0.367188 1.64062 0.519531 -0.00308228 -0.742188 -0.5 -0.988281 
0.414062 -0.404297 -0.253906 -0.24707 0.216797 0.19043 -0.00463867 0.253906 -0.392578 -0.5 0.328125 0.160156 -0.855469 0.996094 0.147461 -0.457031 -0.648438 -0.335938 0.453125 0.0629883 0.75 0.0678711 1.17188 -0.304688 0.953125 0.734375 -0.207031 0.294922 0.503906 0.402344 -0.152344 0.699219 -0.457031 -0.419922 -0.65625 0.589844 -0.511719 0.507812 -0.734375 -0.24707 -0.205078 0.189453 -0.8125 0.589844 -0.18457 -1.64062 0.0693359 0.195312 0.0761719 -0.114746 -0.570312 -0.148438 0.277344 0.152344 -0.59375 -0.123535 0.5625 0.318359 0.554688 0.00448608 0.5625 0.117676 0.648438 0.382812 0.0488281 -0.121094 -0.125 -0.134766 -0.0947266 0.0529785 0.130859 -0.271484 -0.355469 0.240234 0.757812 0.294922 -0.314453 -0.186523 -0.388672 -0.5625 0.324219 -0.351562 0.65625 0.210938 -0.236328 -0.445312 -1.07812 -0.488281 0.115234 -0.157227 0.12793 -0.617188 0.832031 -0.0290527 -0.186523 0.546875 -0.671875 -1.91406 -0.742188 -0.394531 -0.447266 -0.8125 0.205078 -0.111328 0.371094 0.726562 0.992188 0.233398 -0.871094 0.402344 0.765625 -0.539062 0.628906 0.412109 -0.013916 0.0249023 1.23438 0.722656 -0.271484 -0.111328 0.0839844 0.263672 -0.020752 0.185547 -0.0991211 0.828125 -0.361328 -0.660156 
-0.355469 -1.17969 0.734375 0.558594 -0.200195 -0.214844 -0.730469 -0.320312 0.396484 -0.216797 -0.582031 0.00379944 -0.330078 0.423828 -0.667969 0.017334 -0.691406 0.667969 -1.00781 -0.644531 -0.206055 -0.484375 -0.330078 -0.0127563 0.859375 0.351562 0.192383 0.699219 0.28125 0.0961914 -0.298828 0.0314941 -0.644531 -0.429688 -0.237305 0.392578 -0.28125 -0.535156 -0.0805664 0.109863 0.417969 0.195312 -0.341797 0.155273 -0.746094 0.00445557 -0.0286865 -0.0163574 0.103516 0.451172 -0.503906 -0.71875 0.0654297 -0.0164795 0.369141 -0.202148 -0.11377 -0.294922 0.40625 -0.394531 -0.421875 -0.398438 0.0742188 -0.172852 0.0976562 0.652344 -0.439453 -0.188477 -0.224609 -1.10938 -0.248047 0.0471191 -0.597656 -0.703125 0.511719 -0.0549316 -0.478516 0.558594 0.128906 0.695312 0.421875 -0.464844 -0.636719 0.0844727 0.326172 0.027832 -0.980469 -0.46875 -0.402344 -0.382812 0.730469 -0.429688 -0.742188 0.390625 -0.105469 0.929688 -0.863281 0.164062 -0.441406 -0.859375 0.458984 -0.636719 0.0200195 -0.285156 -0.237305 0.326172 1.38281 0.249023 0.4375 0.302734 0.628906 -0.129883 0.236328 -0.363281 0.398438 -0.365234 1.91406 0.107422 -0.289062 0.730469 -0.0878906 0.808594 -0.429688 -1.14062 0.0981445 1.60938 -0.408203 -0.345703 
1.02344 -4.15625 0.925781 0.5625 -0.154297 -0.179688 -0.824219 -0.382812 0.106934 -0.839844 0.15918 -0.992188 -1.04688 -2.46875 -0.00257874 -0.78125 0.146484 0.24707 1.01562 -0.460938 -0.408203 0.816406 -1.17188 0.332031 -0.773438 -0.0771484 0.400391 -0.248047 -0.304688 -1.375 -0.492188 -0.304688 -0.378906 0.376953 0.353516 -0.464844 -0.251953 0.257812 0.617188 -0.125 -0.349609 -1.71875 0.488281 -1.02344 0.609375 0.449219 0.357422 0.141602 -0.212891 0.404297 -0.0393066 0.304688 -0.308594 -0.265625 0.105469 -0.367188 -0.0161133 0.0217285 -0.367188 0.511719 -0.291016 -0.644531 -0.136719 -0.161133 0.351562 0.785156 0.847656 0.695312 -2.35938 0.161133 -0.0128174 0.546875 -0.644531 0.273438 0.380859 0.828125 0.412109 -0.0105591 -0.460938 0.109375 -0.0106812 0.0303955 0.355469 0.0629883 1.89062 -0.236328 1.61719 -0.15332 0.320312 -0.202148 -1.28906 -0.550781 0.205078 0.0366211 -1.49219 0.0224609 0.357422 0.976562 1.03906 0.207031 -0.100586 -0.0795898 -1.27344 0.110352 -0.792969 -1.64062 0.0544434 0.0683594 1.21094 0.244141 -0.539062 0.609375 0.503906 0.158203 -0.367188 0.0722656 -0.402344 -0.369141 -0.143555 1.01562 -1.60156 -0.367188 1.64062 0.519531 -0.00308228 -0.742188 -0.5 -0.988281 
-0.734375 -0.902344 0.699219 0.605469 0.470703 0.527344 -1.82031 1.15625 1.125 0.773438 -0.988281 -0.0480957 -0.310547 -0.554688 -2.1875 1.29688 0.492188 -0.625 1.02344 -1.07031 0.0454102 -0.683594 -0.996094 -0.523438 3.21875 1.47656 -0.236328 0.384766 1.14844 0.322266 -0.933594 -0.277344 -0.0727539 0.429688 0.291016 -0.0947266 -0.174805 0.394531 -0.341797 -0.206055 0.550781 -0.988281 -2.07812 0.589844 0.478516 -0.0888672 0.398438 -0.871094 0.640625 0.355469 -0.710938 -0.582031 -0.267578 1.3125 0.0996094 0.0578613 -0.318359 0.371094 1.11719 0.261719 0.0419922 0.150391 -0.765625 0.886719 0.902344 -0.453125 -1.5625 0.574219 1.66406 0.980469 -0.878906 -0.878906 -0.00817871 -0.503906 -0.273438 0.447266 0.144531 -0.363281 -1.125 1.84375 -0.34375 0.408203 0.0556641 -1.21094 0.546875 -0.152344 -0.118652 1.02344 1.46875 0.578125 -0.96875 0.789062 0.75 -0.0703125 -0.972656 -0.052002 0.0957031 -0.890625 -0.0480957 2.85938 -0.245117 -0.554688 0.0437012 0.133789 -2.54688 1.15625 0.480469 0.882812 0.546875 -0.632812 -0.953125 1.47656 -0.308594 1.96875 -2.76562 0.21582 2.14062 0.476562 0.367188 0.65625 0.679688 -0.369141 -0.859375 1.58594 -0.164062 -1.64062 -0.111816 -0.275391 
-0.355469 -1.17969 0.734375 0.558594 -0.200195 -0.214844 -0.730469 -0.320312 0.396484 -0.216797 -0.582031 0.00379944 -0.330078 0.423828 -0.667969 0.017334 -0.691406 0.667969 -1.00781 -0.644531 -0.206055 -0.484375 -0.330078 -0.0127563 0.859375 0.351562 0.192383 0.699219 0.28125 0.0961914 -0.298828 0.0314941 -0.644531 -0.429688 -0.237305 0.392578 -0.28125 -0.535156 -0.0805664 0.109863 0.417969 0.195312 -0.341797 0.155273 -0.746094 0.00445557 -0.0286865 -0.0163574 0.103516 0.451172 -0.503906 -0.71875 0.0654297 -0.0164795 0.369141 -0.202148 -0.11377 -0.294922 0.40625 -0.394531 -0.421875 -0.398438 0.0742188 -0.172852 0.0976562 0.652344 -0.439453 -0.188477 -0.224609 -1.10938 -0.248047 0.0471191 -0.597656 -0.703125 0.511719 -0.0549316 -0.478516 0.558594 0.128906 0.695312 0.421875 -0.464844 -0.636719 0.0844727 0.326172 0.027832 -0.980469 -0.46875 -0.402344 -0.382812 0.730469 -0.429688 -0.742188 0.390625 -0.105469 0.929688 -0.863281 0.164062 -0.441406 -0.859375 0.458984 -0.636719 0.0200195 -0.285156 -0.237305 0.326172 1.38281 0.249023 0.4375 0.302734 0.628906 -0.129883 0.236328 -0.363281 0.398438 -0.365234 1.91406 0.107422 -0.289062 0.730469 -0.0878906 0.808594 -0.429688 -1.14062 0.0981445 1.60938 -0.408203 -0.345703 
1.02344 -4.15625 0.925781 0.5625 -0.154297 -0.179688 -0.824219 -0.382812 0.106934 -0.839844 0.15918 -0.992188 -1.04688 -2.46875 -0.00257874 -0.78125 0.146484 0.24707 1.01562 -0.460938 -0.408203 0.816406 -1.17188 0.332031 -0.773438 -0.0771484 0.400391 -0.248047 -0.304688 -1.375 -0.492188 -0.304688 -0.378906 0.376953 0.353516 -0.464844 -0.251953 0.257812 0.617188 -0.125 -0.349609 -1.71875 0.488281 -1.02344 0.609375 0.449219 0.357422 0.141602 -0.212891 0.404297 -0.0393066 0.304688 -0.308594 -0.265625 0.105469 -0.367188 -0.0161133 0.0217285 -0.367188 0.511719 -0.291016 -0.644531 -0.136719 -0.161133 0.351562 0.785156 0.847656 0.695312 -2.35938 0.161133 -0.0128174 0.546875 -0.644531 0.273438 0.380859 0.828125 0.412109 -0.0105591 -0.460938 0.109375 -0.0106812 0.0303955 0.355469 0.0629883 1.89062 -0.236328 1.61719 -0.15332 0.320312 -0.202148 -1.28906 -0.550781 0.205078 0.0366211 -1.49219 0.0224609 0.357422 0.976562 1.03906 0.207031 -0.100586 -0.0795898 -1.27344 0.110352 -0.792969 -1.64062 0.0544434 0.0683594 1.21094 0.244141 -0.539062 0.609375 0.503906 0.158203 -0.367188 0.0722656 -0.402344 -0.369141 -0.143555 1.01562 -1.60156 -0.367188 1.64062 0.519531 -0.00308228 -0.742188 -0.5 -0.988281 
-0.984375 -0.707031 0.494141 0.298828 -0.0132446 0.804688 -1.52344 -0.0245361 -0.710938 0.146484 0.328125 -0.0534668 0.503906 0.443359 -0.168945 -0.964844 -0.287109 0.855469 -0.929688 0.0395508 0.435547 0.376953 -0.613281 0.111328 1.42188 0.53125 0.143555 0.785156 -0.259766 0.953125 -0.419922 -0.347656 -0.546875 0.100586 -0.174805 0.427734 -0.208008 0.271484 -0.431641 -0.279297 -0.589844 -0.40625 -0.3125 0.316406 -0.177734 -0.277344 -0.808594 0.15332 0.503906 -0.255859 -0.921875 -0.230469 0.785156 0.386719 -0.191406 -0.314453 -0.384766 0.96875 0.410156 0.0236816 -0.102539 -0.113281 0.126953 -0.5 0.271484 -0.306641 -0.104004 0.257812 0.131836 -0.75 -0.386719 -0.847656 -0.322266 -0.578125 1.03906 0.185547 -0.605469 -0.136719 0.0649414 0.84375 0.412109 0.0336914 0.435547 0.265625 0.289062 -0.223633 0.074707 0.236328 0.353516 -0.0751953 -0.0756836 -0.375 -0.470703 0.300781 0.609375 0.503906 -0.996094 -0.535156 -0.0620117 0.359375 0.238281 -0.0756836 -0.166992 -0.239258 -0.558594 -0.0473633 0.691406 0.511719 -0.470703 -0.792969 0.217773 -0.0615234 0.464844 0.429688 -0.6875 -0.746094 2.25 0.292969 0.769531 0.160156 0.341797 0.6875 -0.917969 -0.5625 -0.117676 0.404297 0.304688 -0.675781 
-0.355469 -1.17969 0.734375 0.558594 -0.200195 -0.214844 -0.730469 -0.320312 0.396484 -0.216797 -0.582031 0.00379944 -0.330078 0.423828 -0.667969 0.017334 -0.691406 0.667969 -1.00781 -0.644531 -0.206055 -0.484375 -0.330078 -0.0127563 0.859375 0.351562 0.192383 0.699219 0.28125 0.0961914 -0.298828 0.0314941 -0.644531 -0.429688 -0.237305 0.392578 -0.28125 -0.535156 -0.0805664 0.109863 0.417969 0.195312 -0.341797 0.155273 -0.746094 0.00445557 -0.0286865 -0.0163574 0.103516 0.451172 -0.503906 -0.71875 0.0654297 -0.0164795 0.369141 -0.202148 -0.11377 -0.294922 0.40625 -0.394531 -0.421875 -0.398438 0.0742188 -0.172852 0.0976562 0.652344 -0.439453 -0.188477 -0.224609 -1.10938 -0.248047 0.0471191 -0.597656 -0.703125 0.511719 -0.0549316 -0.478516 0.558594 0.128906 0.695312 0.421875 -0.464844 -0.636719 0.0844727 0.326172 0.027832 -0.980469 -0.46875 -0.402344 -0.382812 0.730469 -0.429688 -0.742188 0.390625 -0.105469 0.929688 -0.863281 0.164062 -0.441406 -0.859375 0.458984 -0.636719 0.0200195 -0.285156 -0.237305 0.326172 1.38281 0.249023 0.4375 0.302734 0.628906 -0.129883 0.236328 -0.363281 0.398438 -0.365234 1.91406 0.107422 -0.289062 0.730469 -0.0878906 0.808594 -0.429688 -1.14062 0.0981445 1.60938 -0.408203 -0.345703 
1.20312 -3.98438 -1.05469 0.804688 0.188477 -0.0664062 -0.714844 0.820312 0.220703 0.304688 -0.137695 -0.0717773 0.451172 -0.25 -0.0267334 0.0961914 0.209961 -0.554688 1.05469 -0.174805 -0.0625 0.181641 0.0795898 -0.925781 -0.324219 1.34375 0.275391 -0.129883 -0.386719 -0.376953 0.03125 0.216797 0.294922 -0.0441895 0.263672 -0.0524902 -0.00114441 -0.0664062 1.10156 -0.152344 0.139648 -0.0908203 -0.0402832 0.386719 0.125977 0.251953 0.339844 0.298828 -0.339844 -0.378906 -0.112793 -0.0947266 0.394531 -0.271484 0.059082 -0.0898438 -0.212891 0.0664062 0.0703125 1.10156 0.0422363 -0.0483398 -0.192383 0.0888672 -0.306641 0.269531 0.131836 -0.0922852 -2.98438 -0.0737305 0.0722656 0.392578 0.107422 -0.131836 0.246094 -0.847656 -0.0800781 0.199219 0.0247803 -0.289062 0.0517578 -0.636719 -0.330078 -0.269531 1.95312 -0.15625 -0.145508 -0.0732422 0.213867 0.345703 -0.957031 -0.933594 0.0461426 0.117188 -0.179688 -0.0603027 0.0766602 0.283203 1.47656 -0.114258 -0.144531 0.398438 -0.227539 -0.0961914 0.929688 -0.0307617 -0.349609 -0.0179443 -0.0913086 0.0634766 -0.710938 1.70312 -0.255859 -0.542969 0.347656 -0.714844 0.617188 0.00994873 -0.320312 0.386719 0.0893555 -0.208008 0.804688 0.423828 -0.178711 0.134766 0.045166 -0.96875 
-1.91406 -2.625 -0.0996094 -2.1875 0.640625 -0.683594 -1.75781 0.386719 1.625 -0.824219 -0.318359 0.761719 0.988281 -1.0625 1.42188 -0.300781 -0.546875 0.302734 0.773438 -0.296875 -0.176758 0.275391 -0.103027 1.10938 -1.125 -1.10156 -0.367188 -0.464844 -0.0571289 -0.851562 -1.125 -1.21875 -0.357422 -0.445312 -0.503906 -0.574219 -0.380859 -0.0737305 0.695312 -3.25 0.4375 -0.24707 0.404297 -1.53906 -0.104492 -0.25 1.57812 -0.162109 2.42188 0.090332 1.92188 -0.236328 0.652344 -1.01562 -1.30469 -1.0625 0.203125 -0.324219 -0.0217285 -1.44531 0.165039 0.0830078 -0.163086 -0.177734 -0.613281 -0.644531 0.664062 0.714844 -1.375 1.89844 1.44531 1.47656 0.353516 -0.546875 -1.28125 -0.609375 0.00156403 -0.257812 1.10938 -3.29688 -1.41406 0.808594 0.5 1.39844 1.5 -1.21094 1.73438 -0.632812 -2.39062 2.6875 0.226562 0.114258 2.125 0.316406 1.88281 0.941406 0.757812 0.429688 1.45312 0.734375 -0.0849609 -0.0578613 -0.628906 -0.765625 0.349609 -0.902344 -1.67188 -0.65625 1.30469 -0.914062 0.585938 0.00927734 -0.353516 -0.9375 -0.0981445 -0.462891 0.6875 -1.15625 0.660156 0.597656 0.476562 -0.466797 -0.455078 -1.26562 -0.00485229 0.229492 0.15625 0.949219 
-0.12793 -1.35938 0.78125 0.691406 -0.105957 1.67969 -2.125 0.105469 -1.50781 0.400391 1.52344 0.388672 0.917969 -0.632812 1.69531 -1.96094 -0.929688 -0.808594 1.41406 1.07031 -0.46875 0.519531 -0.996094 -0.131836 0.369141 0.412109 -1.35156 -0.578125 -2.57812 0.898438 -0.582031 1.85156 0.507812 0.00726318 -0.613281 -0.769531 -0.289062 0.609375 -0.519531 1.84375 0.0549316 -0.917969 -0.851562 -0.0168457 1.22656 0.192383 -1.32812 -0.0966797 -0.808594 -1.39062 -0.90625 -0.003479 0.757812 1.41406 -1.48438 -0.691406 0.507812 1.40625 2.29688 -0.287109 -0.238281 0.980469 0.640625 0.632812 -0.121582 -0.78125 0.0456543 1.14844 1.16406 0.371094 -1.53906 -0.192383 0.010437 -0.613281 -1.77344 0.78125 -0.345703 0.738281 -2.28125 -1.44531 -0.145508 1.25 0.00952148 1.98438 0.445312 -0.196289 -1.0625 -0.832031 -0.703125 -0.120605 1.07812 0.412109 -0.601562 -1.92188 -1.60156 -0.882812 -1.45312 2.28125 -0.242188 -0.613281 -1.625 0.019165 -1.17188 -0.214844 -0.625 0.5 -1.13281 -0.492188 -1.02344 -1.15625 0.628906 -0.953125 -0.0612793 0.9375 -1.78906 0.228516 1.95312 -0.0507812 0.0206299 -0.558594 0.283203 0.828125 0.707031 2.3125 0.306641 -0.441406 0.738281 -0.172852 
-0.355469 -1.17969 0.734375 0.558594 -0.200195 -0.214844 -0.730469 -0.320312 0.396484 -0.216797 -0.582031 0.00379944 -0.330078 0.423828 -0.667969 0.017334 -0.691406 0.667969 -1.00781 -0.644531 -0.206055 -0.484375 -0.330078 -0.0127563 0.859375 0.351562 0.192383 0.699219 0.28125 0.0961914 -0.298828 0.0314941 -0.644531 -0.429688 -0.237305 0.392578 -0.28125 -0.535156 -0.0805664 0.109863 0.417969 0.195312 -0.341797 0.155273 -0.746094 0.00445557 -0.0286865 -0.0163574 0.103516 0.451172 -0.503906 -0.71875 0.0654297 -0.0164795 0.369141 -0.202148 -0.11377 -0.294922 0.40625 -0.394531 -0.421875 -0.398438 0.0742188 -0.172852 0.0976562 0.652344 -0.439453 -0.188477 -0.224609 -1.10938 -0.248047 0.0471191 -0.597656 -0.703125 0.511719 -0.0549316 -0.478516 0.558594 0.128906 0.695312 0.421875 -0.464844 -0.636719 0.0844727 0.326172 0.027832 -0.980469 -0.46875 -0.402344 -0.382812 0.730469 -0.429688 -0.742188 0.390625 -0.105469 0.929688 -0.863281 0.164062 -0.441406 -0.859375 0.458984 -0.636719 0.0200195 -0.285156 -0.237305 0.326172 1.38281 0.249023 0.4375 0.302734 0.628906 -0.129883 0.236328 -0.363281 0.398438 -0.365234 1.91406 0.107422 -0.289062 0.730469 -0.0878906 0.808594 -0.429688 -1.14062 0.0981445 1.60938 -0.408203 -0.345703 
-0.757812 -1.59375 -0.373047 -0.137695 0.183594 0.330078 -2.28125 0.0140991 0.125977 -0.621094 1.85156 -0.155273 -0.503906 1.51562 -0.710938 -0.419922 0.0610352 0.494141 -0.1875 0.318359 0.753906 0.578125 -0.421875 0.189453 -1.3125 0.65625 -0.1875 -1.00781 -0.197266 0.141602 -0.466797 0.96875 -0.34375 0.230469 0.394531 -0.216797 0.210938 0.0761719 0.149414 1.60938 1.00781 0.582031 -0.832031 0.996094 -0.804688 -0.539062 1.20312 -0.65625 0.726562 0.0693359 -0.0588379 -0.357422 -0.0383301 0.238281 -0.488281 0.137695 -0.0878906 -0.0678711 0.142578 0.376953 -0.029541 -0.0415039 0.271484 0.515625 -0.433594 0.18457 -0.261719 -0.597656 -0.300781 -0.332031 0.574219 1.08594 0.417969 -0.0917969 0.00704956 -0.480469 -0.275391 -0.390625 -0.566406 0.613281 -0.213867 0.404297 0.314453 1.41406 0.625 0.152344 -0.451172 0.369141 0.246094 -1.19531 0.0441895 0.146484 0.660156 0.652344 -1.07031 1.03906 0.326172 0.890625 0.361328 -1.04688 -0.376953 -0.640625 -0.898438 0.550781 0.78125 -0.558594 -0.21875 0.458984 0.332031 -0.601562 -0.0524902 -0.726562 0.738281 -0.769531 -0.00793457 0.466797 1.17969 -0.515625 0.137695 0.0981445 -0.0942383 -0.0373535 -0.0622559 -0.589844 -0.0307617 -0.613281 0.244141 0.0402832 
1.20312 -3.98438 -1.05469 0.804688 0.188477 -0.0664062 -0.714844 0.820312 0.220703 0.304688 -0.137695 -0.0717773 0.451172 -0.25 -0.0267334 0.0961914 0.209961 -0.554688 1.05469 -0.174805 -0.0625 0.181641 0.0795898 -0.925781 -0.324219 1.34375 0.275391 -0.129883 -0.386719 -0.376953 0.03125 0.216797 0.294922 -0.0441895 0.263672 -0.0524902 -0.00114441 -0.0664062 1.10156 -0.152344 0.139648 -0.0908203 -0.0402832 0.386719 0.125977 0.251953 0.339844 0.298828 -0.339844 -0.378906 -0.112793 -0.0947266 0.394531 -0.271484 0.059082 -0.0898438 -0.212891 0.0664062 0.0703125 1.10156 0.0422363 -0.0483398 -0.192383 0.0888672 -0.306641 0.269531 0.131836 -0.0922852 -2.98438 -0.0737305 0.0722656 0.392578 0.107422 -0.131836 0.246094 -0.847656 -0.0800781 0.199219 0.0247803 -0.289062 0.0517578 -0.636719 -0.330078 -0.269531 1.95312 -0.15625 -0.145508 -0.0732422 0.213867 0.345703 -0.957031 -0.933594 0.0461426 0.117188 -0.179688 -0.0603027 0.0766602 0.283203 1.47656 -0.114258 -0.144531 0.398438 -0.227539 -0.0961914 0.929688 -0.0307617 -0.349609 -0.0179443 -0.0913086 0.0634766 -0.710938 1.70312 -0.255859 -0.542969 0.347656 -0.714844 0.617188 0.00994873 -0.320312 0.386719 0.0893555 -0.208008 0.804688 0.423828 -0.178711 0.134766 0.045166 -0.96875 
1.61719 -2.23438 0.425781 -1.01562 0.0795898 0.585938 -3.1875 -0.6875 1.63281 0.0332031 0.582031 1.64062 0.449219 -1.4375 1.55469 0.112793 0.585938 -0.679688 -1.07812 -1.11719 -0.667969 1.28906 0.400391 -0.917969 -1.92188 -1.71094 0.155273 -1.45312 0.722656 -1.76562 -0.773438 0.824219 0.0410156 -1.70312 0.0888672 -0.472656 0.298828 -0.617188 0.0571289 -0.134766 0.00653076 -0.71875 1.1875 -1.77344 1.14844 1.76562 0.648438 1.375 0.609375 0.324219 0.738281 -0.0556641 -0.539062 -2.0625 -1.3125 0.376953 0.0544434 -0.229492 -1.14844 -1.03125 0.804688 0.486328 -0.18457 0.839844 -0.478516 0.625 1.35938 0.251953 1.04688 0.808594 0.240234 -0.253906 0.90625 0.490234 -0.296875 -0.11377 0.275391 -0.106445 -0.140625 -3.4375 -1.46094 -0.898438 0.0854492 0.314453 1.05469 -0.0698242 0.726562 -0.589844 -2.3125 1.10938 1.14062 0.582031 -0.162109 0.660156 0.180664 -1.26562 0.777344 1.07031 1.03125 0.302734 0.507812 -0.253906 -0.929688 -0.0219727 1.21094 -0.765625 -0.200195 -1.88281 1.02344 0.832031 -0.367188 -0.371094 -0.283203 -2.82812 0.200195 -0.464844 1.13281 0.21582 -0.785156 -1.64062 0.302734 -0.726562 0.941406 -0.164062 -0.318359 0.589844 0.195312 0.640625 
1.36719 -3.21875 1.44531 -0.34375 -0.78125 0.176758 -1.83594 -0.628906 0.458984 1.1875 0.546875 -0.171875 0.863281 -0.204102 -2.03125 1.72656 -0.392578 -0.84375 -0.170898 0.0629883 -0.734375 0.263672 -0.0419922 -0.0986328 -0.143555 -1.40625 0.3125 0.212891 1.14844 -0.65625 -0.0761719 -0.273438 0.241211 0.421875 -0.121094 0.453125 -0.382812 0.648438 -0.332031 -1.375 -0.369141 -0.863281 -0.0466309 0.205078 -0.0222168 1.07031 0.0133667 1.09375 0.130859 0.143555 -0.757812 -0.519531 -0.045166 0.165039 0.152344 0.458984 -0.847656 -0.0874023 0.503906 -0.271484 -1.09375 -0.337891 0.249023 0.382812 -0.480469 0.652344 -0.195312 0.178711 0.125 -0.162109 0.166016 -1.02344 -0.832031 1.00781 -1.35156 -0.804688 0.15918 -0.390625 -1.28906 0.699219 -0.204102 0.800781 -0.0786133 -1.23438 1.1875 -0.710938 -0.652344 1.35156 -0.118164 0.5625 -0.386719 0.155273 0.429688 0.130859 -0.585938 0.341797 -0.382812 1.15625 0.765625 0.542969 -0.535156 0.157227 -0.765625 -0.179688 0.671875 0.746094 1.58594 0.0351562 0.710938 1.42188 -0.832031 0.570312 0.220703 -0.112793 -0.835938 0.855469 0.886719 0.753906 0.824219 -1.76562 -0.433594 0.652344 -0.000499725 2.23438 -0.386719 -0.137695 0.306641 -0.0402832 
-0.12793 -1.35938 0.78125 0.691406 -0.105957 1.67969 -2.125 0.105469 -1.50781 0.400391 1.52344 0.388672 0.917969 -0.632812 1.69531 -1.96094 -0.929688 -0.808594 1.41406 1.07031 -0.46875 0.519531 -0.996094 -0.131836 0.369141 0.412109 -1.35156 -0.578125 -2.57812 0.898438 -0.582031 1.85156 0.507812 0.00726318 -0.613281 -0.769531 -0.289062 0.609375 -0.519531 1.84375 0.0549316 -0.917969 -0.851562 -0.0168457 1.22656 0.192383 -1.32812 -0.0966797 -0.808594 -1.39062 -0.90625 -0.003479 0.757812 1.41406 -1.48438 -0.691406 0.507812 1.40625 2.29688 -0.287109 -0.238281 0.980469 0.640625 0.632812 -0.121582 -0.78125 0.0456543 1.14844 1.16406 0.371094 -1.53906 -0.192383 0.010437 -0.613281 -1.77344 0.78125 -0.345703 0.738281 -2.28125 -1.44531 -0.145508 1.25 0.00952148 1.98438 0.445312 -0.196289 -1.0625 -0.832031 -0.703125 -0.120605 1.07812 0.412109 -0.601562 -1.92188 -1.60156 -0.882812 -1.45312 2.28125 -0.242188 -0.613281 -1.625 0.019165 -1.17188 -0.214844 -0.625 0.5 -1.13281 -0.492188 -1.02344 -1.15625 0.628906 -0.953125 -0.0612793 0.9375 -1.78906 0.228516 1.95312 -0.0507812 0.0206299 -0.558594 0.283203 0.828125 0.707031 2.3125 0.306641 -0.441406 0.738281 -0.172852 
-0.355469 -1.17969 0.734375 0.558594 -0.200195 -0.214844 -0.730469 -0.320312 0.396484 -0.216797 -0.582031 0.00379944 -0.330078 0.423828 -0.667969 0.017334 -0.691406 0.667969 -1.00781 -0.644531 -0.206055 -0.484375 -0.330078 -0.0127563 0.859375 0.351562 0.192383 0.699219 0.28125 0.0961914 -0.298828 0.0314941 -0.644531 -0.429688 -0.237305 0.392578 -0.28125 -0.535156 -0.0805664 0.109863 0.417969 0.195312 -0.341797 0.155273 -0.746094 0.00445557 -0.0286865 -0.0163574 0.103516 0.451172 -0.503906 -0.71875 0.0654297 -0.0164795 0.369141 -0.202148 -0.11377 -0.294922 0.40625 -0.394531 -0.421875 -0.398438 0.0742188 -0.172852 0.0976562 0.652344 -0.439453 -0.188477 -0.224609 -1.10938 -0.248047 0.0471191 -0.597656 -0.703125 0.511719 -0.0549316 -0.478516 0.558594 0.128906 0.695312 0.421875 -0.464844 -0.636719 0.0844727 0.326172 0.027832 -0.980469 -0.46875 -0.402344 -0.382812 0.730469 -0.429688 -0.742188 0.390625 -0.105469 0.929688 -0.863281 0.164062 -0.441406 -0.859375 0.458984 -0.636719 0.0200195 -0.285156 -0.237305 0.326172 1.38281 0.249023 0.4375 0.302734 0.628906 -0.129883 0.236328 -0.363281 0.398438 -0.365234 1.91406 0.107422 -0.289062 0.730469 -0.0878906 0.808594 -0.429688 -1.14062 0.0981445 1.60938 -0.408203 -0.345703 
-1.5 -2.375 1.92969 0.886719 -0.597656 0.636719 -1.60156 0.464844 -0.453125 0.511719 1.74219 -0.523438 0.75 -2.10938 -0.707031 0.124512 -0.859375 -0.941406 3.17188 1.21875 -0.0825195 -0.5 -0.886719 0.703125 -0.824219 1.58594 -0.376953 -2.28125 -1.36719 -0.699219 -0.414062 0.605469 -0.617188 1.35938 -0.482422 -0.0512695 0.0737305 1.08594 -0.574219 1.33594 0.25 -0.144531 -0.337891 0.306641 0.0115356 -0.414062 1.14844 -0.542969 1.64062 0.0114746 -1.10156 0.96875 -1.02344 1.375 -0.667969 -0.703125 -0.22168 -0.111816 0.753906 -0.464844 -1.40625 0.177734 0.453125 0.953125 -0.648438 -1.10156 -0.941406 0.535156 0.679688 0.392578 0.804688 0.636719 0.0605469 -1.07031 -1.80469 -0.171875 0.785156 1.04688 -0.170898 0.170898 0.988281 0.143555 -0.253906 0.96875 0.976562 -0.585938 -0.09375 -0.229492 -0.292969 -0.628906 0.233398 0.546875 -0.636719 -1.60156 -1.21094 0.515625 -0.392578 2.54688 -0.074707 -0.53125 -2.15625 0.00753784 -0.574219 -0.00546265 -0.133789 -0.306641 -2.71875 0.527344 -0.84375 1.16406 -0.269531 -0.65625 1.79688 1.57031 -0.914062 0.474609 1.38281 -0.105957 1.30469 0.185547 0.746094 0.527344 0.404297 1.92188 -0.0505371 -1.96094 0.0600586 -0.867188 
0 0 0 0 0 0 0 0 0 0 0 0 0 0 0 0 0 0 0 0 0 0 0 0 0 0 0 0 0 0 0 0 0 0 0 0 0 0 0 0 0 0 0 0 0 0 0 0 0 0 0 0 0 0 0 0 0 0 0 0 0 0 0 0 0 0 0 0 0 0 0 0 0 0 0 0 0 0 0 0 0 0 0 0 0 0 0 0 0 0 0 0 0 0 0 0 0 0 0 0 0 0 0 0 0 0 0 0 0 0 0 0 0 0 0 0 0 0 0 0 0 0 0 0 0 0 0 0 
0 0 0 0 0 0 0 0 0 0 0 0 0 0 0 0 0 0 0 0 0 0 0 0 0 0 0 0 0 0 0 0 0 0 0 0 0 0 0 0 0 0 0 0 0 0 0 0 0 0 0 0 0 0 0 0 0 0 0 0 0 0 0 0 0 0 0 0 0 0 0 0 0 0 0 0 0 0 0 0 0 0 0 0 0 0 0 0 0 0 0 0 0 0 0 0 0 0 0 0 0 0 0 0 0 0 0 0 0 0 0 0 0 0 0 0 0 0 0 0 0 0 0 0 0 0 0 0 
0 0 0 0 0 0 0 0 0 0 0 0 0 0 0 0 0 0 0 0 0 0 0 0 0 0 0 0 0 0 0 0 0 0 0 0 0 0 0 0 0 0 0 0 0 0 0 0 0 0 0 0 0 0 0 0 0 0 0 0 0 0 0 0 0 0 0 0 0 0 0 0 0 0 0 0 0 0 0 0 0 0 0 0 0 0 0 0 0 0 0 0 0 0 0 0 0 0 0 0 0 0 0 0 0 0 0 0 0 0 0 0 0 0 0 0 0 0 0 0 0 0 0 0 0 0 0 0 
0 0 0 0 0 0 0 0 0 0 0 0 0 0 0 0 0 0 0 0 0 0 0 0 0 0 0 0 0 0 0 0 0 0 0 0 0 0 0 0 0 0 0 0 0 0 0 0 0 0 0 0 0 0 0 0 0 0 0 0 0 0 0 0 0 0 0 0 0 0 0 0 0 0 0 0 0 0 0 0 0 0 0 0 0 0 0 0 0 0 0 0 0 0 0 0 0 0 0 0 0 0 0 0 0 0 0 0 0 0 0 0 0 0 0 0 0 0 0 0 0 0 0 0 0 0 0 0 
0 0 0 0 0 0 0 0 0 0 0 0 0 0 0 0 0 0 0 0 0 0 0 0 0 0 0 0 0 0 0 0 0 0 0 0 0 0 0 0 0 0 0 0 0 0 0 0 0 0 0 0 0 0 0 0 0 0 0 0 0 0 0 0 0 0 0 0 0 0 0 0 0 0 0 0 0 0 0 0 0 0 0 0 0 0 0 0 0 0 0 0 0 0 0 0 0 0 0 0 0 0 0 0 0 0 0 0 0 0 0 0 0 0 0 0 0 0 0 0 0 0 0 0 0 0 0 0 
0 0 0 0 0 0 0 0 0 0 0 0 0 0 0 0 0 0 0 0 0 0 0 0 0 0 0 0 0 0 0 0 0 0 0 0 0 0 0 0 0 0 0 0 0 0 0 0 0 0 0 0 0 0 0 0 0 0 0 0 0 0 0 0 0 0 0 0 0 0 0 0 0 0 0 0 0 0 0 0 0 0 0 0 0 0 0 0 0 0 0 0 0 0 0 0 0 0 0 0 0 0 0 0 0 0 0 0 0 0 0 0 0 0 0 0 0 0 0 0 0 0 0 0 0 0 0 0 
0 0 0 0 0 0 0 0 0 0 0 0 0 0 0 0 0 0 0 0 0 0 0 0 0 0 0 0 0 0 0 0 0 0 0 0 0 0 0 0 0 0 0 0 0 0 0 0 0 0 0 0 0 0 0 0 0 0 0 0 0 0 0 0 0 0 0 0 0 0 0 0 0 0 0 0 0 0 0 0 0 0 0 0 0 0 0 0 0 0 0 0 0 0 0 0 0 0 0 0 0 0 0 0 0 0 0 0 0 0 0 0 0 0 0 0 0 0 0 0 0 0 0 0 0 0 0 0 
0 0 0 0 0 0 0 0 0 0 0 0 0 0 0 0 0 0 0 0 0 0 0 0 0 0 0 0 0 0 0 0 0 0 0 0 0 0 0 0 0 0 0 0 0 0 0 0 0 0 0 0 0 0 0 0 0 0 0 0 0 0 0 0 0 0 0 0 0 0 0 0 0 0 0 0 0 0 0 0 0 0 0 0 0 0 0 0 0 0 0 0 0 0 0 0 0 0 0 0 0 0 0 0 0 0 0 0 0 0 0 0 0 0 0 0 0 0 0 0 0 0 0 0 0 0 0 0 
0 0 0 0 0 0 0 0 0 0 0 0 0 0 0 0 0 0 0 0 0 0 0 0 0 0 0 0 0 0 0 0 0 0 0 0 0 0 0 0 0 0 0 0 0 0 0 0 0 0 0 0 0 0 0 0 0 0 0 0 0 0 0 0 0 0 0 0 0 0 0 0 0 0 0 0 0 0 0 0 0 0 0 0 0 0 0 0 0 0 0 0 0 0 0 0 0 0 0 0 0 0 0 0 0 0 0 0 0 0 0 0 0 0 0 0 0 0 0 0 0 0 0 0 0 0 0 0 
0 0 0 0 0 0 0 0 0 0 0 0 0 0 0 0 0 0 0 0 0 0 0 0 0 0 0 0 0 0 0 0 0 0 0 0 0 0 0 0 0 0 0 0 0 0 0 0 0 0 0 0 0 0 0 0 0 0 0 0 0 0 0 0 0 0 0 0 0 0 0 0 0 0 0 0 0 0 0 0 0 0 0 0 0 0 0 0 0 0 0 0 0 0 0 0 0 0 0 0 0 0 0 0 0 0 0 0 0 0 0 0 0 0 0 0 0 0 0 0 0 0 0 0 0 0 0 0 
0 0 0 0 0 0 0 0 0 0 0 0 0 0 0 0 0 0 0 0 0 0 0 0 0 0 0 0 0 0 0 0 0 0 0 0 0 0 0 0 0 0 0 0 0 0 0 0 0 0 0 0 0 0 0 0 0 0 0 0 0 0 0 0 0 0 0 0 0 0 0 0 0 0 0 0 0 0 0 0 0 0 0 0 0 0 0 0 0 0 0 0 0 0 0 0 0 0 0 0 0 0 0 0 0 0 0 0 0 0 0 0 0 0 0 0 0 0 0 0 0 0 0 0 0 0 0 0 
0 0 0 0 0 0 0 0 0 0 0 0 0 0 0 0 0 0 0 0 0 0 0 0 0 0 0 0 0 0 0 0 0 0 0 0 0 0 0 0 0 0 0 0 0 0 0 0 0 0 0 0 0 0 0 0 0 0 0 0 0 0 0 0 0 0 0 0 0 0 0 0 0 0 0 0 0 0 0 0 0 0 0 0 0 0 0 0 0 0 0 0 0 0 0 0 0 0 0 0 0 0 0 0 0 0 0 0 0 0 0 0 0 0 0 0 0 0 0 0 0 0 0 0 0 0 0 0 
0 0 0 0 0 0 0 0 0 0 0 0 0 0 0 0 0 0 0 0 0 0 0 0 0 0 0 0 0 0 0 0 0 0 0 0 0 0 0 0 0 0 0 0 0 0 0 0 0 0 0 0 0 0 0 0 0 0 0 0 0 0 0 0 0 0 0 0 0 0 0 0 0 0 0 0 0 0 0 0 0 0 0 0 0 0 0 0 0 0 0 0 0 0 0 0 0 0 0 0 0 0 0 0 0 0 0 0 0 0 0 0 0 0 0 0 0 0 0 0 0 0 0 0 0 0 0 0 
0 0 0 0 0 0 0 0 0 0 0 0 0 0 0 0 0 0 0 0 0 0 0 0 0 0 0 0 0 0 0 0 0 0 0 0 0 0 0 0 0 0 0 0 0 0 0 0 0 0 0 0 0 0 0 0 0 0 0 0 0 0 0 0 0 0 0 0 0 0 0 0 0 0 0 0 0 0 0 0 0 0 0 0 0 0 0 0 0 0 0 0 0 0 0 0 0 0 0 0 0 0 0 0 0 0 0 0 0 0 0 0 0 0 0 0 0 0 0 0 0 0 0 0 0 0 0 0 
0 0 0 0 0 0 0 0 0 0 0 0 0 0 0 0 0 0 0 0 0 0 0 0 0 0 0 0 0 0 0 0 0 0 0 0 0 0 0 0 0 0 0 0 0 0 0 0 0 0 0 0 0 0 0 0 0 0 0 0 0 0 0 0 0 0 0 0 0 0 0 0 0 0 0 0 0 0 0 0 0 0 0 0 0 0 0 0 0 0 0 0 0 0 0 0 0 0 0 0 0 0 0 0 0 0 0 0 0 0 0 0 0 0 0 0 0 0 0 0 0 0 0 0 0 0 0 0 
0 0 0 0 0 0 0 0 0 0 0 0 0 0 0 0 0 0 0 0 0 0 0 0 0 0 0 0 0 0 0 0 0 0 0 0 0 0 0 0 0 0 0 0 0 0 0 0 0 0 0 0 0 0 0 0 0 0 0 0 0 0 0 0 0 0 0 0 0 0 0 0 0 0 0 0 0 0 0 0 0 0 0 0 0 0 0 0 0 0 0 0 0 0 0 0 0 0 0 0 0 0 0 0 0 0 0 0 0 0 0 0 0 0 0 0 0 0 0 0 0 0 0 0 0 0 0 0 
0 0 0 0 0 0 0 0 0 0 0 0 0 0 0 0 0 0 0 0 0 0 0 0 0 0 0 0 0 0 0 0 0 0 0 0 0 0 0 0 0 0 0 0 0 0 0 0 0 0 0 0 0 0 0 0 0 0 0 0 0 0 0 0 0 0 0 0 0 0 0 0 0 0 0 0 0 0 0 0 0 0 0 0 0 0 0 0 0 0 0 0 0 0 0 0 0 0 0 0 0 0 0 0 0 0 0 0 0 0 0 0 0 0 0 0 0 0 0 0 0 0 0 0 0 0 0 0 
0 0 0 0 0 0 0 0 0 0 0 0 0 0 0 0 0 0 0 0 0 0 0 0 0 0 0 0 0 0 0 0 0 0 0 0 0 0 0 0 0 0 0 0 0 0 0 0 0 0 0 0 0 0 0 0 0 0 0 0 0 0 0 0 0 0 0 0 0 0 0 0 0 0 0 0 0 0 0 0 0 0 0 0 0 0 0 0 0 0 0 0 0 0 0 0 0 0 0 0 0 0 0 0 0 0 0 0 0 0 0 0 0 0 0 0 0 0 0 0 0 0 0 0 0 0 0 0 
0 0 0 0 0 0 0 0 0 0 0 0 0 0 0 0 0 0 0 0 0 0 0 0 0 0 0 0 0 0 0 0 0 0 0 0 0 0 0 0 0 0 0 0 0 0 0 0 0 0 0 0 0 0 0 0 0 0 0 0 0 0 0 0 0 0 0 0 0 0 0 0 0 0 0 0 0 0 0 0 0 0 0 0 0 0 0 0 0 0 0 0 0 0 0 0 0 0 0 0 0 0 0 0 0 0 0 0 0 0 0 0 0 0 0 0 0 0 0 0 0 0 0 0 0 0 0 0 
0 0 0 0 0 0 0 0 0 0 0 0 0 0 0 0 0 0 0 0 0 0 0 0 0 0 0 0 0 0 0 0 0 0 0 0 0 0 0 0 0 0 0 0 0 0 0 0 0 0 0 0 0 0 0 0 0 0 0 0 0 0 0 0 0 0 0 0 0 0 0 0 0 0 0 0 0 0 0 0 0 0 0 0 0 0 0 0 0 0 0 0 0 0 0 0 0 0 0 0 0 0 0 0 0 0 0 0 0 0 0 0 0 0 0 0 0 0 0 0 0 0 0 0 0 0 0 0 
0 0 0 0 0 0 0 0 0 0 0 0 0 0 0 0 0 0 0 0 0 0 0 0 0 0 0 0 0 0 0 0 0 0 0 0 0 0 0 0 0 0 0 0 0 0 0 0 0 0 0 0 0 0 0 0 0 0 0 0 0 0 0 0 0 0 0 0 0 0 0 0 0 0 0 0 0 0 0 0 0 0 0 0 0 0 0 0 0 0 0 0 0 0 0 0 0 0 0 0 0 0 0 0 0 0 0 0 0 0 0 0 0 0 0 0 0 0 0 0 0 0 0 0 0 0 0 0 
0 0 0 0 0 0 0 0 0 0 0 0 0 0 0 0 0 0 0 0 0 0 0 0 0 0 0 0 0 0 0 0 0 0 0 0 0 0 0 0 0 0 0 0 0 0 0 0 0 0 0 0 0 0 0 0 0 0 0 0 0 0 0 0 0 0 0 0 0 0 0 0 0 0 0 0 0 0 0 0 0 0 0 0 0 0 0 0 0 0 0 0 0 0 0 0 0 0 0 0 0 0 0 0 0 0 0 0 0 0 0 0 0 0 0 0 0 0 0 0 0 0 0 0 0 0 0 0 
0 0 0 0 0 0 0 0 0 0 0 0 0 0 0 0 0 0 0 0 0 0 0 0 0 0 0 0 0 0 0 0 0 0 0 0 0 0 0 0 0 0 0 0 0 0 0 0 0 0 0 0 0 0 0 0 0 0 0 0 0 0 0 0 0 0 0 0 0 0 0 0 0 0 0 0 0 0 0 0 0 0 0 0 0 0 0 0 0 0 0 0 0 0 0 0 0 0 0 0 0 0 0 0 0 0 0 0 0 0 0 0 0 0 0 0 0 0 0 0 0 0 0 0 0 0 0 0 
0 0 0 0 0 0 0 0 0 0 0 0 0 0 0 0 0 0 0 0 0 0 0 0 0 0 0 0 0 0 0 0 0 0 0 0 0 0 0 0 0 0 0 0 0 0 0 0 0 0 0 0 0 0 0 0 0 0 0 0 0 0 0 0 0 0 0 0 0 0 0 0 0 0 0 0 0 0 0 0 0 0 0 0 0 0 0 0 0 0 0 0 0 0 0 0 0 0 0 0 0 0 0 0 0 0 0 0 0 0 0 0 0 0 0 0 0 0 0 0 0 0 0 0 0 0 0 0 
0 0 0 0 0 0 0 0 0 0 0 0 0 0 0 0 0 0 0 0 0 0 0 0 0 0 0 0 0 0 0 0 0 0 0 0 0 0 0 0 0 0 0 0 0 0 0 0 0 0 0 0 0 0 0 0 0 0 0 0 0 0 0 0 0 0 0 0 0 0 0 0 0 0 0 0 0 0 0 0 0 0 0 0 0 0 0 0 0 0 0 0 0 0 0 0 0 0 0 0 0 0 0 0 0 0 0 0 0 0 0 0 0 0 0 0 0 0 0 0 0 0 0 0 0 0 0 0 
0 0 0 0 0 0 0 0 0 0 0 0 0 0 0 0 0 0 0 0 0 0 0 0 0 0 0 0 0 0 0 0 0 0 0 0 0 0 0 0 0 0 0 0 0 0 0 0 0 0 0 0 0 0 0 0 0 0 0 0 0 0 0 0 0 0 0 0 0 0 0 0 0 0 0 0 0 0 0 0 0 0 0 0 0 0 0 0 0 0 0 0 0 0 0 0 0 0 0 0 0 0 0 0 0 0 0 0 0 0 0 0 0 0 0 0 0 0 0 0 0 0 0 0 0 0 0 0 
0 0 0 0 0 0 0 0 0 0 0 0 0 0 0 0 0 0 0 0 0 0 0 0 0 0 0 0 0 0 0 0 0 0 0 0 0 0 0 0 0 0 0 0 0 0 0 0 0 0 0 0 0 0 0 0 0 0 0 0 0 0 0 0 0 0 0 0 0 0 0 0 0 0 0 0 0 0 0 0 0 0 0 0 0 0 0 0 0 0 0 0 0 0 0 0 0 0 0 0 0 0 0 0 0 0 0 0 0 0 0 0 0 0 0 0 0 0 0 0 0 0 0 0 0 0 0 0 
0 0 0 0 0 0 0 0 0 0 0 0 0 0 0 0 0 0 0 0 0 0 0 0 0 0 0 0 0 0 0 0 0 0 0 0 0 0 0 0 0 0 0 0 0 0 0 0 0 0 0 0 0 0 0 0 0 0 0 0 0 0 0 0 0 0 0 0 0 0 0 0 0 0 0 0 0 0 0 0 0 0 0 0 0 0 0 0 0 0 0 0 0 0 0 0 0 0 0 0 0 0 0 0 0 0 0 0 0 0 0 0 0 0 0 0 0 0 0 0 0 0 0 0 0 0 0 0 
0 0 0 0 0 0 0 0 0 0 0 0 0 0 0 0 0 0 0 0 0 0 0 0 0 0 0 0 0 0 0 0 0 0 0 0 0 0 0 0 0 0 0 0 0 0 0 0 0 0 0 0 0 0 0 0 0 0 0 0 0 0 0 0 0 0 0 0 0 0 0 0 0 0 0 0 0 0 0 0 0 0 0 0 0 0 0 0 0 0 0 0 0 0 0 0 0 0 0 0 0 0 0 0 0 0 0 0 0 0 0 0 0 0 0 0 0 0 0 0 0 0 0 0 0 0 0 0 
0 0 0 0 0 0 0 0 0 0 0 0 0 0 0 0 0 0 0 0 0 0 0 0 0 0 0 0 0 0 0 0 0 0 0 0 0 0 0 0 0 0 0 0 0 0 0 0 0 0 0 0 0 0 0 0 0 0 0 0 0 0 0 0 0 0 0 0 0 0 0 0 0 0 0 0 0 0 0 0 0 0 0 0 0 0 0 0 0 0 0 0 0 0 0 0 0 0 0 0 0 0 0 0 0 0 0 0 0 0 0 0 0 0 0 0 0 0 0 0 0 0 0 0 0 0 0 0 
0 0 0 0 0 0 0 0 0 0 0 0 0 0 0 0 0 0 0 0 0 0 0 0 0 0 0 0 0 0 0 0 0 0 0 0 0 0 0 0 0 0 0 0 0 0 0 0 0 0 0 0 0 0 0 0 0 0 0 0 0 0 0 0 0 0 0 0 0 0 0 0 0 0 0 0 0 0 0 0 0 0 0 0 0 0 0 0 0 0 0 0 0 0 0 0 0 0 0 0 0 0 0 0 0 0 0 0 0 0 0 0 0 0 0 0 0 0 0 0 0 0 0 0 0 0 0 0 
0 0 0 0 0 0 0 0 0 0 0 0 0 0 0 0 0 0 0 0 0 0 0 0 0 0 0 0 0 0 0 0 0 0 0 0 0 0 0 0 0 0 0 0 0 0 0 0 0 0 0 0 0 0 0 0 0 0 0 0 0 0 0 0 0 0 0 0 0 0 0 0 0 0 0 0 0 0 0 0 0 0 0 0 0 0 0 0 0 0 0 0 0 0 0 0 0 0 0 0 0 0 0 0 0 0 0 0 0 0 0 0 0 0 0 0 0 0 0 0 0 0 0 0 0 0 0 0 
0 0 0 0 0 0 0 0 0 0 0 0 0 0 0 0 0 0 0 0 0 0 0 0 0 0 0 0 0 0 0 0 0 0 0 0 0 0 0 0 0 0 0 0 0 0 0 0 0 0 0 0 0 0 0 0 0 0 0 0 0 0 0 0 0 0 0 0 0 0 0 0 0 0 0 0 0 0 0 0 0 0 0 0 0 0 0 0 0 0 0 0 0 0 0 0 0 0 0 0 0 0 0 0 0 0 0 0 0 0 0 0 0 0 0 0 0 0 0 0 0 0 0 0 0 0 0 0 
0 0 0 0 0 0 0 0 0 0 0 0 0 0 0 0 0 0 0 0 0 0 0 0 0 0 0 0 0 0 0 0 0 0 0 0 0 0 0 0 0 0 0 0 0 0 0 0 0 0 0 0 0 0 0 0 0 0 0 0 0 0 0 0 0 0 0 0 0 0 0 0 0 0 0 0 0 0 0 0 0 0 0 0 0 0 0 0 0 0 0 0 0 0 0 0 0 0 0 0 0 0 0 0 0 0 0 0 0 0 0 0 0 0 0 0 0 0 0 0 0 0 0 0 0 0 0 0 
0 0 0 0 0 0 0 0 0 0 0 0 0 0 0 0 0 0 0 0 0 0 0 0 0 0 0 0 0 0 0 0 0 0 0 0 0 0 0 0 0 0 0 0 0 0 0 0 0 0 0 0 0 0 0 0 0 0 0 0 0 0 0 0 0 0 0 0 0 0 0 0 0 0 0 0 0 0 0 0 0 0 0 0 0 0 0 0 0 0 0 0 0 0 0 0 0 0 0 0 0 0 0 0 0 0 0 0 0 0 0 0 0 0 0 0 0 0 0 0 0 0 0 0 0 0 0 0 
0 0 0 0 0 0 0 0 0 0 0 0 0 0 0 0 0 0 0 0 0 0 0 0 0 0 0 0 0 0 0 0 0 0 0 0 0 0 0 0 0 0 0 0 0 0 0 0 0 0 0 0 0 0 0 0 0 0 0 0 0 0 0 0 0 0 0 0 0 0 0 0 0 0 0 0 0 0 0 0 0 0 0 0 0 0 0 0 0 0 0 0 0 0 0 0 0 0 0 0 0 0 0 0 0 0 0 0 0 0 0 0 0 0 0 0 0 0 0 0 0 0 0 0 0 0 0 0 
0 0 0 0 0 0 0 0 0 0 0 0 0 0 0 0 0 0 0 0 0 0 0 0 0 0 0 0 0 0 0 0 0 0 0 0 0 0 0 0 0 0 0 0 0 0 0 0 0 0 0 0 0 0 0 0 0 0 0 0 0 0 0 0 0 0 0 0 0 0 0 0 0 0 0 0 0 0 0 0 0 0 0 0 0 0 0 0 0 0 0 0 0 0 0 0 0 0 0 0 0 0 0 0 0 0 0 0 0 0 0 0 0 0 0 0 0 0 0 0 0 0 0 0 0 0 0 0 
0 0 0 0 0 0 0 0 0 0 0 0 0 0 0 0 0 0 0 0 0 0 0 0 0 0 0 0 0 0 0 0 0 0 0 0 0 0 0 0 0 0 0 0 0 0 0 0 0 0 0 0 0 0 0 0 0 0 0 0 0 0 0 0 0 0 0 0 0 0 0 0 0 0 0 0 0 0 0 0 0 0 0 0 0 0 0 0 0 0 0 0 0 0 0 0 0 0 0 0 0 0 0 0 0 0 0 0 0 0 0 0 0 0 0 0 0 0 0 0 0 0 0 0 0 0 0 0 
0 0 0 0 0 0 0 0 0 0 0 0 0 0 0 0 0 0 0 0 0 0 0 0 0 0 0 0 0 0 0 0 0 0 0 0 0 0 0 0 0 0 0 0 0 0 0 0 0 0 0 0 0 0 0 0 0 0 0 0 0 0 0 0 0 0 0 0 0 0 0 0 0 0 0 0 0 0 0 0 0 0 0 0 0 0 0 0 0 0 0 0 0 0 0 0 0 0 0 0 0 0 0 0 0 0 0 0 0 0 0 0 0 0 0 0 0 0 0 0 0 0 0 0 0 0 0 0 
0 0 0 0 0 0 0 0 0 0 0 0 0 0 0 0 0 0 0 0 0 0 0 0 0 0 0 0 0 0 0 0 0 0 0 0 0 0 0 0 0 0 0 0 0 0 0 0 0 0 0 0 0 0 0 0 0 0 0 0 0 0 0 0 0 0 0 0 0 0 0 0 0 0 0 0 0 0 0 0 0 0 0 0 0 0 0 0 0 0 0 0 0 0 0 0 0 0 0 0 0 0 0 0 0 0 0 0 0 0 0 0 0 0 0 0 0 0 0 0 0 0 0 0 0 0 0 0 
0 0 0 0 0 0 0 0 0 0 0 0 0 0 0 0 0 0 0 0 0 0 0 0 0 0 0 0 0 0 0 0 0 0 0 0 0 0 0 0 0 0 0 0 0 0 0 0 0 0 0 0 0 0 0 0 0 0 0 0 0 0 0 0 0 0 0 0 0 0 0 0 0 0 0 0 0 0 0 0 0 0 0 0 0 0 0 0 0 0 0 0 0 0 0 0 0 0 0 0 0 0 0 0 0 0 0 0 0 0 0 0 0 0 0 0 0 0 0 0 0 0 0 0 0 0 0 0 
0 0 0 0 0 0 0 0 0 0 0 0 0 0 0 0 0 0 0 0 0 0 0 0 0 0 0 0 0 0 0 0 0 0 0 0 0 0 0 0 0 0 0 0 0 0 0 0 0 0 0 0 0 0 0 0 0 0 0 0 0 0 0 0 0 0 0 0 0 0 0 0 0 0 0 0 0 0 0 0 0 0 0 0 0 0 0 0 0 0 0 0 0 0 0 0 0 0 0 0 0 0 0 0 0 0 0 0 0 0 0 0 0 0 0 0 0 0 0 0 0 0 0 0 0 0 0 0 
0 0 0 0 0 0 0 0 0 0 0 0 0 0 0 0 0 0 0 0 0 0 0 0 0 0 0 0 0 0 0 0 0 0 0 0 0 0 0 0 0 0 0 0 0 0 0 0 0 0 0 0 0 0 0 0 0 0 0 0 0 0 0 0 0 0 0 0 0 0 0 0 0 0 0 0 0 0 0 0 0 0 0 0 0 0 0 0 0 0 0 0 0 0 0 0 0 0 0 0 0 0 0 0 0 0 0 0 0 0 0 0 0 0 0 0 0 0 0 0 0 0 0 0 0 0 0 0 
0 0 0 0 0 0 0 0 0 0 0 0 0 0 0 0 0 0 0 0 0 0 0 0 0 0 0 0 0 0 0 0 0 0 0 0 0 0 0 0 0 0 0 0 0 0 0 0 0 0 0 0 0 0 0 0 0 0 0 0 0 0 0 0 0 0 0 0 0 0 0 0 0 0 0 0 0 0 0 0 0 0 0 0 0 0 0 0 0 0 0 0 0 0 0 0 0 0 0 0 0 0 0 0 0 0 0 0 0 0 0 0 0 0 0 0 0 0 0 0 0 0 0 0 0 0 0 0 
0 0 0 0 0 0 0 0 0 0 0 0 0 0 0 0 0 0 0 0 0 0 0 0 0 0 0 0 0 0 0 0 0 0 0 0 0 0 0 0 0 0 0 0 0 0 0 0 0 0 0 0 0 0 0 0 0 0 0 0 0 0 0 0 0 0 0 0 0 0 0 0 0 0 0 0 0 0 0 0 0 0 0 0 0 0 0 0 0 0 0 0 0 0 0 0 0 0 0 0 0 0 0 0 0 0 0 0 0 0 0 0 0 0 0 0 0 0 0 0 0 0 0 0 0 0 0 0 
0 0 0 0 0 0 0 0 0 0 0 0 0 0 0 0 0 0 0 0 0 0 0 0 0 0 0 0 0 0 0 0 0 0 0 0 0 0 0 0 0 0 0 0 0 0 0 0 0 0 0 0 0 0 0 0 0 0 0 0 0 0 0 0 0 0 0 0 0 0 0 0 0 0 0 0 0 0 0 0 0 0 0 0 0 0 0 0 0 0 0 0 0 0 0 0 0 0 0 0 0 0 0 0 0 0 0 0 0 0 0 0 0 0 0 0 0 0 0 0 0 0 0 0 0 0 0 0 
0 0 0 0 0 0 0 0 0 0 0 0 0 0 0 0 0 0 0 0 0 0 0 0 0 0 0 0 0 0 0 0 0 0 0 0 0 0 0 0 0 0 0 0 0 0 0 0 0 0 0 0 0 0 0 0 0 0 0 0 0 0 0 0 0 0 0 0 0 0 0 0 0 0 0 0 0 0 0 0 0 0 0 0 0 0 0 0 0 0 0 0 0 0 0 0 0 0 0 0 0 0 0 0 0 0 0 0 0 0 0 0 0 0 0 0 0 0 0 0 0 0 0 0 0 0 0 0 
0 0 0 0 0 0 0 0 0 0 0 0 0 0 0 0 0 0 0 0 0 0 0 0 0 0 0 0 0 0 0 0 0 0 0 0 0 0 0 0 0 0 0 0 0 0 0 0 0 0 0 0 0 0 0 0 0 0 0 0 0 0 0 0 0 0 0 0 0 0 0 0 0 0 0 0 0 0 0 0 0 0 0 0 0 0 0 0 0 0 0 0 0 0 0 0 0 0 0 0 0 0 0 0 0 0 0 0 0 0 0 0 0 0 0 0 0 0 0 0 0 0 0 0 0 0 0 0 
0 0 0 0 0 0 0 0 0 0 0 0 0 0 0 0 0 0 0 0 0 0 0 0 0 0 0 0 0 0 0 0 0 0 0 0 0 0 0 0 0 0 0 0 0 0 0 0 0 0 0 0 0 0 0 0 0 0 0 0 0 0 0 0 0 0 0 0 0 0 0 0 0 0 0 0 0 0 0 0 0 0 0 0 0 0 0 0 0 0 0 0 0 0 0 0 0 0 0 0 0 0 0 0 0 0 0 0 0 0 0 0 0 0 0 0 0 0 0 0 0 0 0 0 0 0 0 0 
0 0 0 0 0 0 0 0 0 0 0 0 0 0 0 0 0 0 0 0 0 0 0 0 0 0 0 0 0 0 0 0 0 0 0 0 0 0 0 0 0 0 0 0 0 0 0 0 0 0 0 0 0 0 0 0 0 0 0 0 0 0 0 0 0 0 0 0 0 0 0 0 0 0 0 0 0 0 0 0 0 0 0 0 0 0 0 0 0 0 0 0 0 0 0 0 0 0 0 0 0 0 0 0 0 0 0 0 0 0 0 0 0 0 0 0 0 0 0 0 0 0 0 0 0 0 0 0 
0 0 0 0 0 0 0 0 0 0 0 0 0 0 0 0 0 0 0 0 0 0 0 0 0 0 0 0 0 0 0 0 0 0 0 0 0 0 0 0 0 0 0 0 0 0 0 0 0 0 0 0 0 0 0 0 0 0 0 0 0 0 0 0 0 0 0 0 0 0 0 0 0 0 0 0 0 0 0 0 0 0 0 0 0 0 0 0 0 0 0 0 0 0 0 0 0 0 0 0 0 0 0 0 0 0 0 0 0 0 0 0 0 0 0 0 0 0 0 0 0 0 0 0 0 0 0 0 
0 0 0 0 0 0 0 0 0 0 0 0 0 0 0 0 0 0 0 0 0 0 0 0 0 0 0 0 0 0 0 0 0 0 0 0 0 0 0 0 0 0 0 0 0 0 0 0 0 0 0 0 0 0 0 0 0 0 0 0 0 0 0 0 0 0 0 0 0 0 0 0 0 0 0 0 0 0 0 0 0 0 0 0 0 0 0 0 0 0 0 0 0 0 0 0 0 0 0 0 0 0 0 0 0 0 0 0 0 0 0 0 0 0 0 0 0 0 0 0 0 0 0 0 0 0 0 0 
0 0 0 0 0 0 0 0 0 0 0 0 0 0 0 0 0 0 0 0 0 0 0 0 0 0 0 0 0 0 0 0 0 0 0 0 0 0 0 0 0 0 0 0 0 0 0 0 0 0 0 0 0 0 0 0 0 0 0 0 0 0 0 0 0 0 0 0 0 0 0 0 0 0 0 0 0 0 0 0 0 0 0 0 0 0 0 0 0 0 0 0 0 0 0 0 0 0 0 0 0 0 0 0 0 0 0 0 0 0 0 0 0 0 0 0 0 0 0 0 0 0 0 0 0 0 0 0 
0 0 0 0 0 0 0 0 0 0 0 0 0 0 0 0 0 0 0 0 0 0 0 0 0 0 0 0 0 0 0 0 0 0 0 0 0 0 0 0 0 0 0 0 0 0 0 0 0 0 0 0 0 0 0 0 0 0 0 0 0 0 0 0 0 0 0 0 0 0 0 0 0 0 0 0 0 0 0 0 0 0 0 0 0 0 0 0 0 0 0 0 0 0 0 0 0 0 0 0 0 0 0 0 0 0 0 0 0 0 0 0 0 0 0 0 0 0 0 0 0 0 0 0 0 0 0 0 
0 0 0 0 0 0 0 0 0 0 0 0 0 0 0 0 0 0 0 0 0 0 0 0 0 0 0 0 0 0 0 0 0 0 0 0 0 0 0 0 0 0 0 0 0 0 0 0 0 0 0 0 0 0 0 0 0 0 0 0 0 0 0 0 0 0 0 0 0 0 0 0 0 0 0 0 0 0 0 0 0 0 0 0 0 0 0 0 0 0 0 0 0 0 0 0 0 0 0 0 0 0 0 0 0 0 0 0 0 0 0 0 0 0 0 0 0 0 0 0 0 0 0 0 0 0 0 0 
0 0 0 0 0 0 0 0 0 0 0 0 0 0 0 0 0 0 0 0 0 0 0 0 0 0 0 0 0 0 0 0 0 0 0 0 0 0 0 0 0 0 0 0 0 0 0 0 0 0 0 0 0 0 0 0 0 0 0 0 0 0 0 0 0 0 0 0 0 0 0 0 0 0 0 0 0 0 0 0 0 0 0 0 0 0 0 0 0 0 0 0 0 0 0 0 0 0 0 0 0 0 0 0 0 0 0 0 0 0 0 0 0 0 0 0 0 0 0 0 0 0 0 0 0 0 0 0 
0 0 0 0 0 0 0 0 0 0 0 0 0 0 0 0 0 0 0 0 0 0 0 0 0 0 0 0 0 0 0 0 0 0 0 0 0 0 0 0 0 0 0 0 0 0 0 0 0 0 0 0 0 0 0 0 0 0 0 0 0 0 0 0 0 0 0 0 0 0 0 0 0 0 0 0 0 0 0 0 0 0 0 0 0 0 0 0 0 0 0 0 0 0 0 0 0 0 0 0 0 0 0 0 0 0 0 0 0 0 0 0 0 0 0 0 0 0 0 0 0 0 0 0 0 0 0 0 
0 0 0 0 0 0 0 0 0 0 0 0 0 0 0 0 0 0 0 0 0 0 0 0 0 0 0 0 0 0 0 0 0 0 0 0 0 0 0 0 0 0 0 0 0 0 0 0 0 0 0 0 0 0 0 0 0 0 0 0 0 0 0 0 0 0 0 0 0 0 0 0 0 0 0 0 0 0 0 0 0 0 0 0 0 0 0 0 0 0 0 0 0 0 0 0 0 0 0 0 0 0 0 0 0 0 0 0 0 0 0 0 0 0 0 0 0 0 0 0 0 0 0 0 0 0 0 0 
0 0 0 0 0 0 0 0 0 0 0 0 0 0 0 0 0 0 0 0 0 0 0 0 0 0 0 0 0 0 0 0 0 0 0 0 0 0 0 0 0 0 0 0 0 0 0 0 0 0 0 0 0 0 0 0 0 0 0 0 0 0 0 0 0 0 0 0 0 0 0 0 0 0 0 0 0 0 0 0 0 0 0 0 0 0 0 0 0 0 0 0 0 0 0 0 0 0 0 0 0 0 0 0 0 0 0 0 0 0 0 0 0 0 0 0 0 0 0 0 0 0 0 0 0 0 0 0 
0 0 0 0 0 0 0 0 0 0 0 0 0 0 0 0 0 0 0 0 0 0 0 0 0 0 0 0 0 0 0 0 0 0 0 0 0 0 0 0 0 0 0 0 0 0 0 0 0 0 0 0 0 0 0 0 0 0 0 0 0 0 0 0 0 0 0 0 0 0 0 0 0 0 0 0 0 0 0 0 0 0 0 0 0 0 0 0 0 0 0 0 0 0 0 0 0 0 0 0 0 0 0 0 0 0 0 0 0 0 0 0 0 0 0 0 0 0 0 0 0 0 0 0 0 0 0 0 
0 0 0 0 0 0 0 0 0 0 0 0 0 0 0 0 0 0 0 0 0 0 0 0 0 0 0 0 0 0 0 0 0 0 0 0 0 0 0 0 0 0 0 0 0 0 0 0 0 0 0 0 0 0 0 0 0 0 0 0 0 0 0 0 0 0 0 0 0 0 0 0 0 0 0 0 0 0 0 0 0 0 0 0 0 0 0 0 0 0 0 0 0 0 0 0 0 0 0 0 0 0 0 0 0 0 0 0 0 0 0 0 0 0 0 0 0 0 0 0 0 0 0 0 0 0 0 0 
0 0 0 0 0 0 0 0 0 0 0 0 0 0 0 0 0 0 0 0 0 0 0 0 0 0 0 0 0 0 0 0 0 0 0 0 0 0 0 0 0 0 0 0 0 0 0 0 0 0 0 0 0 0 0 0 0 0 0 0 0 0 0 0 0 0 0 0 0 0 0 0 0 0 0 0 0 0 0 0 0 0 0 0 0 0 0 0 0 0 0 0 0 0 0 0 0 0 0 0 0 0 0 0 0 0 0 0 0 0 0 0 0 0 0 0 0 0 0 0 0 0 0 0 0 0 0 0 
0 0 0 0 0 0 0 0 0 0 0 0 0 0 0 0 0 0 0 0 0 0 0 0 0 0 0 0 0 0 0 0 0 0 0 0 0 0 0 0 0 0 0 0 0 0 0 0 0 0 0 0 0 0 0 0 0 0 0 0 0 0 0 0 0 0 0 0 0 0 0 0 0 0 0 0 0 0 0 0 0 0 0 0 0 0 0 0 0 0 0 0 0 0 0 0 0 0 0 0 0 0 0 0 0 0 0 0 0 0 0 0 0 0 0 0 0 0 0 0 0 0 0 0 0 0 0 0 
0 0 0 0 0 0 0 0 0 0 0 0 0 0 0 0 0 0 0 0 0 0 0 0 0 0 0 0 0 0 0 0 0 0 0 0 0 0 0 0 0 0 0 0 0 0 0 0 0 0 0 0 0 0 0 0 0 0 0 0 0 0 0 0 0 0 0 0 0 0 0 0 0 0 0 0 0 0 0 0 0 0 0 0 0 0 0 0 0 0 0 0 0 0 0 0 0 0 0 0 0 0 0 0 0 0 0 0 0 0 0 0 0 0 0 0 0 0 0 0 0 0 0 0 0 0 0 0 
0 0 0 0 0 0 0 0 0 0 0 0 0 0 0 0 0 0 0 0 0 0 0 0 0 0 0 0 0 0 0 0 0 0 0 0 0 0 0 0 0 0 0 0 0 0 0 0 0 0 0 0 0 0 0 0 0 0 0 0 0 0 0 0 0 0 0 0 0 0 0 0 0 0 0 0 0 0 0 0 0 0 0 0 0 0 0 0 0 0 0 0 0 0 0 0 0 0 0 0 0 0 0 0 0 0 0 0 0 0 0 0 0 0 0 0 0 0 0 0 0 0 0 0 0 0 0 0 
0 0 0 0 0 0 0 0 0 0 0 0 0 0 0 0 0 0 0 0 0 0 0 0 0 0 0 0 0 0 0 0 0 0 0 0 0 0 0 0 0 0 0 0 0 0 0 0 0 0 0 0 0 0 0 0 0 0 0 0 0 0 0 0 0 0 0 0 0 0 0 0 0 0 0 0 0 0 0 0 0 0 0 0 0 0 0 0 0 0 0 0 0 0 0 0 0 0 0 0 0 0 0 0 0 0 0 0 0 0 0 0 0 0 0 0 0 0 0 0 0 0 0 0 0 0 0 0 
0 0 0 0 0 0 0 0 0 0 0 0 0 0 0 0 0 0 0 0 0 0 0 0 0 0 0 0 0 0 0 0 0 0 0 0 0 0 0 0 0 0 0 0 0 0 0 0 0 0 0 0 0 0 0 0 0 0 0 0 0 0 0 0 0 0 0 0 0 0 0 0 0 0 0 0 0 0 0 0 0 0 0 0 0 0 0 0 0 0 0 0 0 0 0 0 0 0 0 0 0 0 0 0 0 0 0 0 0 0 0 0 0 0 0 0 0 0 0 0 0 0 0 0 0 0 0 0 
0 0 0 0 0 0 0 0 0 0 0 0 0 0 0 0 0 0 0 0 0 0 0 0 0 0 0 0 0 0 0 0 0 0 0 0 0 0 0 0 0 0 0 0 0 0 0 0 0 0 0 0 0 0 0 0 0 0 0 0 0 0 0 0 0 0 0 0 0 0 0 0 0 0 0 0 0 0 0 0 0 0 0 0 0 0 0 0 0 0 0 0 0 0 0 0 0 0 0 0 0 0 0 0 0 0 0 0 0 0 0 0 0 0 0 0 0 0 0 0 0 0 0 0 0 0 0 0 
0 0 0 0 0 0 0 0 0 0 0 0 0 0 0 0 0 0 0 0 0 0 0 0 0 0 0 0 0 0 0 0 0 0 0 0 0 0 0 0 0 0 0 0 0 0 0 0 0 0 0 0 0 0 0 0 0 0 0 0 0 0 0 0 0 0 0 0 0 0 0 0 0 0 0 0 0 0 0 0 0 0 0 0 0 0 0 0 0 0 0 0 0 0 0 0 0 0 0 0 0 0 0 0 0 0 0 0 0 0 0 0 0 0 0 0 0 0 0 0 0 0 0 0 0 0 0 0 
0 0 0 0 0 0 0 0 0 0 0 0 0 0 0 0 0 0 0 0 0 0 0 0 0 0 0 0 0 0 0 0 0 0 0 0 0 0 0 0 0 0 0 0 0 0 0 0 0 0 0 0 0 0 0 0 0 0 0 0 0 0 0 0 0 0 0 0 0 0 0 0 0 0 0 0 0 0 0 0 0 0 0 0 0 0 0 0 0 0 0 0 0 0 0 0 0 0 0 0 0 0 0 0 0 0 0 0 0 0 0 0 0 0 0 0 0 0 0 0 0 0 0 0 0 0 0 0 
0 0 0 0 0 0 0 0 0 0 0 0 0 0 0 0 0 0 0 0 0 0 0 0 0 0 0 0 0 0 0 0 0 0 0 0 0 0 0 0 0 0 0 0 0 0 0 0 0 0 0 0 0 0 0 0 0 0 0 0 0 0 0 0 0 0 0 0 0 0 0 0 0 0 0 0 0 0 0 0 0 0 0 0 0 0 0 0 0 0 0 0 0 0 0 0 0 0 0 0 0 0 0 0 0 0 0 0 0 0 0 0 0 0 0 0 0 0 0 0 0 0 0 0 0 0 0 0 
0 0 0 0 0 0 0 0 0 0 0 0 0 0 0 0 0 0 0 0 0 0 0 0 0 0 0 0 0 0 0 0 0 0 0 0 0 0 0 0 0 0 0 0 0 0 0 0 0 0 0 0 0 0 0 0 0 0 0 0 0 0 0 0 0 0 0 0 0 0 0 0 0 0 0 0 0 0 0 0 0 0 0 0 0 0 0 0 0 0 0 0 0 0 0 0 0 0 0 0 0 0 0 0 0 0 0 0 0 0 0 0 0 0 0 0 0 0 0 0 0 0 0 0 0 0 0 0 
0 0 0 0 0 0 0 0 0 0 0 0 0 0 0 0 0 0 0 0 0 0 0 0 0 0 0 0 0 0 0 0 0 0 0 0 0 0 0 0 0 0 0 0 0 0 0 0 0 0 0 0 0 0 0 0 0 0 0 0 0 0 0 0 0 0 0 0 0 0 0 0 0 0 0 0 0 0 0 0 0 0 0 0 0 0 0 0 0 0 0 0 0 0 0 0 0 0 0 0 0 0 0 0 0 0 0 0 0 0 0 0 0 0 0 0 0 0 0 0 0 0 0 0 0 0 0 0 
0 0 0 0 0 0 0 0 0 0 0 0 0 0 0 0 0 0 0 0 0 0 0 0 0 0 0 0 0 0 0 0 0 0 0 0 0 0 0 0 0 0 0 0 0 0 0 0 0 0 0 0 0 0 0 0 0 0 0 0 0 0 0 0 0 0 0 0 0 0 0 0 0 0 0 0 0 0 0 0 0 0 0 0 0 0 0 0 0 0 0 0 0 0 0 0 0 0 0 0 0 0 0 0 0 0 0 0 0 0 0 0 0 0 0 0 0 0 0 0 0 0 0 0 0 0 0 0 
0 0 0 0 0 0 0 0 0 0 0 0 0 0 0 0 0 0 0 0 0 0 0 0 0 0 0 0 0 0 0 0 0 0 0 0 0 0 0 0 0 0 0 0 0 0 0 0 0 0 0 0 0 0 0 0 0 0 0 0 0 0 0 0 0 0 0 0 0 0 0 0 0 0 0 0 0 0 0 0 0 0 0 0 0 0 0 0 0 0 0 0 0 0 0 0 0 0 0 0 0 0 0 0 0 0 0 0 0 0 0 0 0 0 0 0 0 0 0 0 0 0 0 0 0 0 0 0 
0 0 0 0 0 0 0 0 0 0 0 0 0 0 0 0 0 0 0 0 0 0 0 0 0 0 0 0 0 0 0 0 0 0 0 0 0 0 0 0 0 0 0 0 0 0 0 0 0 0 0 0 0 0 0 0 0 0 0 0 0 0 0 0 0 0 0 0 0 0 0 0 0 0 0 0 0 0 0 0 0 0 0 0 0 0 0 0 0 0 0 0 0 0 0 0 0 0 0 0 0 0 0 0 0 0 0 0 0 0 0 0 0 0 0 0 0 0 0 0 0 0 0 0 0 0 0 0 
0 0 0 0 0 0 0 0 0 0 0 0 0 0 0 0 0 0 0 0 0 0 0 0 0 0 0 0 0 0 0 0 0 0 0 0 0 0 0 0 0 0 0 0 0 0 0 0 0 0 0 0 0 0 0 0 0 0 0 0 0 0 0 0 0 0 0 0 0 0 0 0 0 0 0 0 0 0 0 0 0 0 0 0 0 0 0 0 0 0 0 0 0 0 0 0 0 0 0 0 0 0 0 0 0 0 0 0 0 0 0 0 0 0 0 0 0 0 0 0 0 0 0 0 0 0 0 0 
0 0 0 0 0 0 0 0 0 0 0 0 0 0 0 0 0 0 0 0 0 0 0 0 0 0 0 0 0 0 0 0 0 0 0 0 0 0 0 0 0 0 0 0 0 0 0 0 0 0 0 0 0 0 0 0 0 0 0 0 0 0 0 0 0 0 0 0 0 0 0 0 0 0 0 0 0 0 0 0 0 0 0 0 0 0 0 0 0 0 0 0 0 0 0 0 0 0 0 0 0 0 0 0 0 0 0 0 0 0 0 0 0 0 0 0 0 0 0 0 0 0 0 0 0 0 0 0 
0 0 0 0 0 0 0 0 0 0 0 0 0 0 0 0 0 0 0 0 0 0 0 0 0 0 0 0 0 0 0 0 0 0 0 0 0 0 0 0 0 0 0 0 0 0 0 0 0 0 0 0 0 0 0 0 0 0 0 0 0 0 0 0 0 0 0 0 0 0 0 0 0 0 0 0 0 0 0 0 0 0 0 0 0 0 0 0 0 0 0 0 0 0 0 0 0 0 0 0 0 0 0 0 0 0 0 0 0 0 0 0 0 0 0 0 0 0 0 0 0 0 0 0 0 0 0 0 
0 0 0 0 0 0 0 0 0 0 0 0 0 0 0 0 0 0 0 0 0 0 0 0 0 0 0 0 0 0 0 0 0 0 0 0 0 0 0 0 0 0 0 0 0 0 0 0 0 0 0 0 0 0 0 0 0 0 0 0 0 0 0 0 0 0 0 0 0 0 0 0 0 0 0 0 0 0 0 0 0 0 0 0 0 0 0 0 0 0 0 0 0 0 0 0 0 0 0 0 0 0 0 0 0 0 0 0 0 0 0 0 0 0 0 0 0 0 0 0 0 0 0 0 0 0 0 0 
0 0 0 0 0 0 0 0 0 0 0 0 0 0 0 0 0 0 0 0 0 0 0 0 0 0 0 0 0 0 0 0 0 0 0 0 0 0 0 0 0 0 0 0 0 0 0 0 0 0 0 0 0 0 0 0 0 0 0 0 0 0 0 0 0 0 0 0 0 0 0 0 0 0 0 0 0 0 0 0 0 0 0 0 0 0 0 0 0 0 0 0 0 0 0 0 0 0 0 0 0 0 0 0 0 0 0 0 0 0 0 0 0 0 0 0 0 0 0 0 0 0 0 0 0 0 0 0 
0 0 0 0 0 0 0 0 0 0 0 0 0 0 0 0 0 0 0 0 0 0 0 0 0 0 0 0 0 0 0 0 0 0 0 0 0 0 0 0 0 0 0 0 0 0 0 0 0 0 0 0 0 0 0 0 0 0 0 0 0 0 0 0 0 0 0 0 0 0 0 0 0 0 0 0 0 0 0 0 0 0 0 0 0 0 0 0 0 0 0 0 0 0 0 0 0 0 0 0 0 0 0 0 0 0 0 0 0 0 0 0 0 0 0 0 0 0 0 0 0 0 0 0 0 0 0 0 
0 0 0 0 0 0 0 0 0 0 0 0 0 0 0 0 0 0 0 0 0 0 0 0 0 0 0 0 0 0 0 0 0 0 0 0 0 0 0 0 0 0 0 0 0 0 0 0 0 0 0 0 0 0 0 0 0 0 0 0 0 0 0 0 0 0 0 0 0 0 0 0 0 0 0 0 0 0 0 0 0 0 0 0 0 0 0 0 0 0 0 0 0 0 0 0 0 0 0 0 0 0 0 0 0 0 0 0 0 0 0 0 0 0 0 0 0 0 0 0 0 0 0 0 0 0 0 0 
0 0 0 0 0 0 0 0 0 0 0 0 0 0 0 0 0 0 0 0 0 0 0 0 0 0 0 0 0 0 0 0 0 0 0 0 0 0 0 0 0 0 0 0 0 0 0 0 0 0 0 0 0 0 0 0 0 0 0 0 0 0 0 0 0 0 0 0 0 0 0 0 0 0 0 0 0 0 0 0 0 0 0 0 0 0 0 0 0 0 0 0 0 0 0 0 0 0 0 0 0 0 0 0 0 0 0 0 0 0 0 0 0 0 0 0 0 0 0 0 0 0 0 0 0 0 0 0 
0 0 0 0 0 0 0 0 0 0 0 0 0 0 0 0 0 0 0 0 0 0 0 0 0 0 0 0 0 0 0 0 0 0 0 0 0 0 0 0 0 0 0 0 0 0 0 0 0 0 0 0 0 0 0 0 0 0 0 0 0 0 0 0 0 0 0 0 0 0 0 0 0 0 0 0 0 0 0 0 0 0 0 0 0 0 0 0 0 0 0 0 0 0 0 0 0 0 0 0 0 0 0 0 0 0 0 0 0 0 0 0 0 0 0 0 0 0 0 0 0 0 0 0 0 0 0 0 
0 0 0 0 0 0 0 0 0 0 0 0 0 0 0 0 0 0 0 0 0 0 0 0 0 0 0 0 0 0 0 0 0 0 0 0 0 0 0 0 0 0 0 0 0 0 0 0 0 0 0 0 0 0 0 0 0 0 0 0 0 0 0 0 0 0 0 0 0 0 0 0 0 0 0 0 0 0 0 0 0 0 0 0 0 0 0 0 0 0 0 0 0 0 0 0 0 0 0 0 0 0 0 0 0 0 0 0 0 0 0 0 0 0 0 0 0 0 0 0 0 0 0 0 0 0 0 0 
0 0 0 0 0 0 0 0 0 0 0 0 0 0 0 0 0 0 0 0 0 0 0 0 0 0 0 0 0 0 0 0 0 0 0 0 0 0 0 0 0 0 0 0 0 0 0 0 0 0 0 0 0 0 0 0 0 0 0 0 0 0 0 0 0 0 0 0 0 0 0 0 0 0 0 0 0 0 0 0 0 0 0 0 0 0 0 0 0 0 0 0 0 0 0 0 0 0 0 0 0 0 0 0 0 0 0 0 0 0 0 0 0 0 0 0 0 0 0 0 0 0 0 0 0 0 0 0 
0 0 0 0 0 0 0 0 0 0 0 0 0 0 0 0 0 0 0 0 0 0 0 0 0 0 0 0 0 0 0 0 0 0 0 0 0 0 0 0 0 0 0 0 0 0 0 0 0 0 0 0 0 0 0 0 0 0 0 0 0 0 0 0 0 0 0 0 0 0 0 0 0 0 0 0 0 0 0 0 0 0 0 0 0 0 0 0 0 0 0 0 0 0 0 0 0 0 0 0 0 0 0 0 0 0 0 0 0 0 0 0 0 0 0 0 0 0 0 0 0 0 0 0 0 0 0 0 
0 0 0 0 0 0 0 0 0 0 0 0 0 0 0 0 0 0 0 0 0 0 0 0 0 0 0 0 0 0 0 0 0 0 0 0 0 0 0 0 0 0 0 0 0 0 0 0 0 0 0 0 0 0 0 0 0 0 0 0 0 0 0 0 0 0 0 0 0 0 0 0 0 0 0 0 0 0 0 0 0 0 0 0 0 0 0 0 0 0 0 0 0 0 0 0 0 0 0 0 0 0 0 0 0 0 0 0 0 0 0 0 0 0 0 0 0 0 0 0 0 0 0 0 0 0 0 0 
0 0 0 0 0 0 0 0 0 0 0 0 0 0 0 0 0 0 0 0 0 0 0 0 0 0 0 0 0 0 0 0 0 0 0 0 0 0 0 0 0 0 0 0 0 0 0 0 0 0 0 0 0 0 0 0 0 0 0 0 0 0 0 0 0 0 0 0 0 0 0 0 0 0 0 0 0 0 0 0 0 0 0 0 0 0 0 0 0 0 0 0 0 0 0 0 0 0 0 0 0 0 0 0 0 0 0 0 0 0 0 0 0 0 0 0 0 0 0 0 0 0 0 0 0 0 0 0 
0 0 0 0 0 0 0 0 0 0 0 0 0 0 0 0 0 0 0 0 0 0 0 0 0 0 0 0 0 0 0 0 0 0 0 0 0 0 0 0 0 0 0 0 0 0 0 0 0 0 0 0 0 0 0 0 0 0 0 0 0 0 0 0 0 0 0 0 0 0 0 0 0 0 0 0 0 0 0 0 0 0 0 0 0 0 0 0 0 0 0 0 0 0 0 0 0 0 0 0 0 0 0 0 0 0 0 0 0 0 0 0 0 0 0 0 0 0 0 0 0 0 0 0 0 0 0 0 
0 0 0 0 0 0 0 0 0 0 0 0 0 0 0 0 0 0 0 0 0 0 0 0 0 0 0 0 0 0 0 0 0 0 0 0 0 0 0 0 0 0 0 0 0 0 0 0 0 0 0 0 0 0 0 0 0 0 0 0 0 0 0 0 0 0 0 0 0 0 0 0 0 0 0 0 0 0 0 0 0 0 0 0 0 0 0 0 0 0 0 0 0 0 0 0 0 0 0 0 0 0 0 0 0 0 0 0 0 0 0 0 0 0 0 0 0 0 0 0 0 0 0 0 0 0 0 0 
0 0 0 0 0 0 0 0 0 0 0 0 0 0 0 0 0 0 0 0 0 0 0 0 0 0 0 0 0 0 0 0 0 0 0 0 0 0 0 0 0 0 0 0 0 0 0 0 0 0 0 0 0 0 0 0 0 0 0 0 0 0 0 0 0 0 0 0 0 0 0 0 0 0 0 0 0 0 0 0 0 0 0 0 0 0 0 0 0 0 0 0 0 0 0 0 0 0 0 0 0 0 0 0 0 0 0 0 0 0 0 0 0 0 0 0 0 0 0 0 0 0 0 0 0 0 0 0 
0 0 0 0 0 0 0 0 0 0 0 0 0 0 0 0 0 0 0 0 0 0 0 0 0 0 0 0 0 0 0 0 0 0 0 0 0 0 0 0 0 0 0 0 0 0 0 0 0 0 0 0 0 0 0 0 0 0 0 0 0 0 0 0 0 0 0 0 0 0 0 0 0 0 0 0 0 0 0 0 0 0 0 0 0 0 0 0 0 0 0 0 0 0 0 0 0 0 0 0 0 0 0 0 0 0 0 0 0 0 0 0 0 0 0 0 0 0 0 0 0 0 0 0 0 0 0 0 
0 0 0 0 0 0 0 0 0 0 0 0 0 0 0 0 0 0 0 0 0 0 0 0 0 0 0 0 0 0 0 0 0 0 0 0 0 0 0 0 0 0 0 0 0 0 0 0 0 0 0 0 0 0 0 0 0 0 0 0 0 0 0 0 0 0 0 0 0 0 0 0 0 0 0 0 0 0 0 0 0 0 0 0 0 0 0 0 0 0 0 0 0 0 0 0 0 0 0 0 0 0 0 0 0 0 0 0 0 0 0 0 0 0 0 0 0 0 0 0 0 0 0 0 0 0 0 0 
0 0 0 0 0 0 0 0 0 0 0 0 0 0 0 0 0 0 0 0 0 0 0 0 0 0 0 0 0 0 0 0 0 0 0 0 0 0 0 0 0 0 0 0 0 0 0 0 0 0 0 0 0 0 0 0 0 0 0 0 0 0 0 0 0 0 0 0 0 0 0 0 0 0 0 0 0 0 0 0 0 0 0 0 0 0 0 0 0 0 0 0 0 0 0 0 0 0 0 0 0 0 0 0 0 0 0 0 0 0 0 0 0 0 0 0 0 0 0 0 0 0 0 0 0 0 0 0 
0 0 0 0 0 0 0 0 0 0 0 0 0 0 0 0 0 0 0 0 0 0 0 0 0 0 0 0 0 0 0 0 0 0 0 0 0 0 0 0 0 0 0 0 0 0 0 0 0 0 0 0 0 0 0 0 0 0 0 0 0 0 0 0 0 0 0 0 0 0 0 0 0 0 0 0 0 0 0 0 0 0 0 0 0 0 0 0 0 0 0 0 0 0 0 0 0 0 0 0 0 0 0 0 0 0 0 0 0 0 0 0 0 0 0 0 0 0 0 0 0 0 0 0 0 0 0 0 
0 0 0 0 0 0 0 0 0 0 0 0 0 0 0 0 0 0 0 0 0 0 0 0 0 0 0 0 0 0 0 0 0 0 0 0 0 0 0 0 0 0 0 0 0 0 0 0 0 0 0 0 0 0 0 0 0 0 0 0 0 0 0 0 0 0 0 0 0 0 0 0 0 0 0 0 0 0 0 0 0 0 0 0 0 0 0 0 0 0 0 0 0 0 0 0 0 0 0 0 0 0 0 0 0 0 0 0 0 0 0 0 0 0 0 0 0 0 0 0 0 0 0 0 0 0 0 0 
0 0 0 0 0 0 0 0 0 0 0 0 0 0 0 0 0 0 0 0 0 0 0 0 0 0 0 0 0 0 0 0 0 0 0 0 0 0 0 0 0 0 0 0 0 0 0 0 0 0 0 0 0 0 0 0 0 0 0 0 0 0 0 0 0 0 0 0 0 0 0 0 0 0 0 0 0 0 0 0 0 0 0 0 0 0 0 0 0 0 0 0 0 0 0 0 0 0 0 0 0 0 0 0 0 0 0 0 0 0 0 0 0 0 0 0 0 0 0 0 0 0 0 0 0 0 0 0 
0 0 0 0 0 0 0 0 0 0 0 0 0 0 0 0 0 0 0 0 0 0 0 0 0 0 0 0 0 0 0 0 0 0 0 0 0 0 0 0 0 0 0 0 0 0 0 0 0 0 0 0 0 0 0 0 0 0 0 0 0 0 0 0 0 0 0 0 0 0 0 0 0 0 0 0 0 0 0 0 0 0 0 0 0 0 0 0 0 0 0 0 0 0 0 0 0 0 0 0 0 0 0 0 0 0 0 0 0 0 0 0 0 0 0 0 0 0 0 0 0 0 0 0 0 0 0 0 
0 0 0 0 0 0 0 0 0 0 0 0 0 0 0 0 0 0 0 0 0 0 0 0 0 0 0 0 0 0 0 0 0 0 0 0 0 0 0 0 0 0 0 0 0 0 0 0 0 0 0 0 0 0 0 0 0 0 0 0 0 0 0 0 0 0 0 0 0 0 0 0 0 0 0 0 0 0 0 0 0 0 0 0 0 0 0 0 0 0 0 0 0 0 0 0 0 0 0 0 0 0 0 0 0 0 0 0 0 0 0 0 0 0 0 0 0 0 0 0 0 0 0 0 0 0 0 0 
0 0 0 0 0 0 0 0 0 0 0 0 0 0 0 0 0 0 0 0 0 0 0 0 0 0 0 0 0 0 0 0 0 0 0 0 0 0 0 0 0 0 0 0 0 0 0 0 0 0 0 0 0 0 0 0 0 0 0 0 0 0 0 0 0 0 0 0 0 0 0 0 0 0 0 0 0 0 0 0 0 0 0 0 0 0 0 0 0 0 0 0 0 0 0 0 0 0 0 0 0 0 0 0 0 0 0 0 0 0 0 0 0 0 0 0 0 0 0 0 0 0 0 0 0 0 0 0 
0 0 0 0 0 0 0 0 0 0 0 0 0 0 0 0 0 0 0 0 0 0 0 0 0 0 0 0 0 0 0 0 0 0 0 0 0 0 0 0 0 0 0 0 0 0 0 0 0 0 0 0 0 0 0 0 0 0 0 0 0 0 0 0 0 0 0 0 0 0 0 0 0 0 0 0 0 0 0 0 0 0 0 0 0 0 0 0 0 0 0 0 0 0 0 0 0 0 0 0 0 0 0 0 0 0 0 0 0 0 0 0 0 0 0 0 0 0 0 0 0 0 0 0 0 0 0 0 
0 0 0 0 0 0 0 0 0 0 0 0 0 0 0 0 0 0 0 0 0 0 0 0 0 0 0 0 0 0 0 0 0 0 0 0 0 0 0 0 0 0 0 0 0 0 0 0 0 0 0 0 0 0 0 0 0 0 0 0 0 0 0 0 0 0 0 0 0 0 0 0 0 0 0 0 0 0 0 0 0 0 0 0 0 0 0 0 0 0 0 0 0 0 0 0 0 0 0 0 0 0 0 0 0 0 0 0 0 0 0 0 0 0 0 0 0 0 0 0 0 0 0 0 0 0 0 0 
0 0 0 0 0 0 0 0 0 0 0 0 0 0 0 0 0 0 0 0 0 0 0 0 0 0 0 0 0 0 0 0 0 0 0 0 0 0 0 0 0 0 0 0 0 0 0 0 0 0 0 0 0 0 0 0 0 0 0 0 0 0 0 0 0 0 0 0 0 0 0 0 0 0 0 0 0 0 0 0 0 0 0 0 0 0 0 0 0 0 0 0 0 0 0 0 0 0 0 0 0 0 0 0 0 0 0 0 0 0 0 0 0 0 0 0 0 0 0 0 0 0 0 0 0 0 0 0 
0 0 0 0 0 0 0 0 0 0 0 0 0 0 0 0 0 0 0 0 0 0 0 0 0 0 0 0 0 0 0 0 0 0 0 0 0 0 0 0 0 0 0 0 0 0 0 0 0 0 0 0 0 0 0 0 0 0 0 0 0 0 0 0 0 0 0 0 0 0 0 0 0 0 0 0 0 0 0 0 0 0 0 0 0 0 0 0 0 0 0 0 0 0 0 0 0 0 0 0 0 0 0 0 0 0 0 0 0 0 0 0 0 0 0 0 0 0 0 0 0 0 0 0 0 0 0 0 
0 0 0 0 0 0 0 0 0 0 0 0 0 0 0 0 0 0 0 0 0 0 0 0 0 0 0 0 0 0 0 0 0 0 0 0 0 0 0 0 0 0 0 0 0 0 0 0 0 0 0 0 0 0 0 0 0 0 0 0 0 0 0 0 0 0 0 0 0 0 0 0 0 0 0 0 0 0 0 0 0 0 0 0 0 0 0 0 0 0 0 0 0 0 0 0 0 0 0 0 0 0 0 0 0 0 0 0 0 0 0 0 0 0 0 0 0 0 0 0 0 0 0 0 0 0 0 0 
0 0 0 0 0 0 0 0 0 0 0 0 0 0 0 0 0 0 0 0 0 0 0 0 0 0 0 0 0 0 0 0 0 0 0 0 0 0 0 0 0 0 0 0 0 0 0 0 0 0 0 0 0 0 0 0 0 0 0 0 0 0 0 0 0 0 0 0 0 0 0 0 0 0 0 0 0 0 0 0 0 0 0 0 0 0 0 0 0 0 0 0 0 0 0 0 0 0 0 0 0 0 0 0 0 0 0 0 0 0 0 0 0 0 0 0 0 0 0 0 0 0 0 0 0 0 0 0 
0 0 0 0 0 0 0 0 0 0 0 0 0 0 0 0 0 0 0 0 0 0 0 0 0 0 0 0 0 0 0 0 0 0 0 0 0 0 0 0 0 0 0 0 0 0 0 0 0 0 0 0 0 0 0 0 0 0 0 0 0 0 0 0 0 0 0 0 0 0 0 0 0 0 0 0 0 0 0 0 0 0 0 0 0 0 0 0 0 0 0 0 0 0 0 0 0 0 0 0 0 0 0 0 0 0 0 0 0 0 0 0 0 0 0 0 0 0 0 0 0 0 0 0 0 0 0 0 
0 0 0 0 0 0 0 0 0 0 0 0 0 0 0 0 0 0 0 0 0 0 0 0 0 0 0 0 0 0 0 0 0 0 0 0 0 0 0 0 0 0 0 0 0 0 0 0 0 0 0 0 0 0 0 0 0 0 0 0 0 0 0 0 0 0 0 0 0 0 0 0 0 0 0 0 0 0 0 0 0 0 0 0 0 0 0 0 0 0 0 0 0 0 0 0 0 0 0 0 0 0 0 0 0 0 0 0 0 0 0 0 0 0 0 0 0 0 0 0 0 0 0 0 0 0 0 0 
0 0 0 0 0 0 0 0 0 0 0 0 0 0 0 0 0 0 0 0 0 0 0 0 0 0 0 0 0 0 0 0 0 0 0 0 0 0 0 0 0 0 0 0 0 0 0 0 0 0 0 0 0 0 0 0 0 0 0 0 0 0 0 0 0 0 0 0 0 0 0 0 0 0 0 0 0 0 0 0 0 0 0 0 0 0 0 0 0 0 0 0 0 0 0 0 0 0 0 0 0 0 0 0 0 0 0 0 0 0 0 0 0 0 0 0 0 0 0 0 0 0 0 0 0 0 0 0 
0 0 0 0 0 0 0 0 0 0 0 0 0 0 0 0 0 0 0 0 0 0 0 0 0 0 0 0 0 0 0 0 0 0 0 0 0 0 0 0 0 0 0 0 0 0 0 0 0 0 0 0 0 0 0 0 0 0 0 0 0 0 0 0 0 0 0 0 0 0 0 0 0 0 0 0 0 0 0 0 0 0 0 0 0 0 0 0 0 0 0 0 0 0 0 0 0 0 0 0 0 0 0 0 0 0 0 0 0 0 0 0 0 0 0 0 0 0 0 0 0 0 0 0 0 0 0 0 
0 0 0 0 0 0 0 0 0 0 0 0 0 0 0 0 0 0 0 0 0 0 0 0 0 0 0 0 0 0 0 0 0 0 0 0 0 0 0 0 0 0 0 0 0 0 0 0 0 0 0 0 0 0 0 0 0 0 0 0 0 0 0 0 0 0 0 0 0 0 0 0 0 0 0 0 0 0 0 0 0 0 0 0 0 0 0 0 0 0 0 0 0 0 0 0 0 0 0 0 0 0 0 0 0 0 0 0 0 0 0 0 0 0 0 0 0 0 0 0 0 0 0 0 0 0 0 0 
0 0 0 0 0 0 0 0 0 0 0 0 0 0 0 0 0 0 0 0 0 0 0 0 0 0 0 0 0 0 0 0 0 0 0 0 0 0 0 0 0 0 0 0 0 0 0 0 0 0 0 0 0 0 0 0 0 0 0 0 0 0 0 0 0 0 0 0 0 0 0 0 0 0 0 0 0 0 0 0 0 0 0 0 0 0 0 0 0 0 0 0 0 0 0 0 0 0 0 0 0 0 0 0 0 0 0 0 0 0 0 0 0 0 0 0 0 0 0 0 0 0 0 0 0 0 0 0 
0 0 0 0 0 0 0 0 0 0 0 0 0 0 0 0 0 0 0 0 0 0 0 0 0 0 0 0 0 0 0 0 0 0 0 0 0 0 0 0 0 0 0 0 0 0 0 0 0 0 0 0 0 0 0 0 0 0 0 0 0 0 0 0 0 0 0 0 0 0 0 0 0 0 0 0 0 0 0 0 0 0 0 0 0 0 0 0 0 0 0 0 0 0 0 0 0 0 0 0 0 0 0 0 0 0 0 0 0 0 0 0 0 0 0 0 0 0 0 0 0 0 0 0 0 0 0 0 
0 0 0 0 0 0 0 0 0 0 0 0 0 0 0 0 0 0 0 0 0 0 0 0 0 0 0 0 0 0 0 0 0 0 0 0 0 0 0 0 0 0 0 0 0 0 0 0 0 0 0 0 0 0 0 0 0 0 0 0 0 0 0 0 0 0 0 0 0 0 0 0 0 0 0 0 0 0 0 0 0 0 0 0 0 0 0 0 0 0 0 0 0 0 0 0 0 0 0 0 0 0 0 0 0 0 0 0 0 0 0 0 0 0 0 0 0 0 0 0 0 0 0 0 0 0 0 0 
0 0 0 0 0 0 0 0 0 0 0 0 0 0 0 0 0 0 0 0 0 0 0 0 0 0 0 0 0 0 0 0 0 0 0 0 0 0 0 0 0 0 0 0 0 0 0 0 0 0 0 0 0 0 0 0 0 0 0 0 0 0 0 0 0 0 0 0 0 0 0 0 0 0 0 0 0 0 0 0 0 0 0 0 0 0 0 0 0 0 0 0 0 0 0 0 0 0 0 0 0 0 0 0 0 0 0 0 0 0 0 0 0 0 0 0 0 0 0 0 0 0 0 0 0 0 0 0 
0 0 0 0 0 0 0 0 0 0 0 0 0 0 0 0 0 0 0 0 0 0 0 0 0 0 0 0 0 0 0 0 0 0 0 0 0 0 0 0 0 0 0 0 0 0 0 0 0 0 0 0 0 0 0 0 0 0 0 0 0 0 0 0 0 0 0 0 0 0 0 0 0 0 0 0 0 0 0 0 0 0 0 0 0 0 0 0 0 0 0 0 0 0 0 0 0 0 0 0 0 0 0 0 0 0 0 0 0 0 0 0 0 0 0 0 0 0 0 0 0 0 0 0 0 0 0 0 
0 0 0 0 0 0 0 0 0 0 0 0 0 0 0 0 0 0 0 0 0 0 0 0 0 0 0 0 0 0 0 0 0 0 0 0 0 0 0 0 0 0 0 0 0 0 0 0 0 0 0 0 0 0 0 0 0 0 0 0 0 0 0 0 0 0 0 0 0 0 0 0 0 0 0 0 0 0 0 0 0 0 0 0 0 0 0 0 0 0 0 0 0 0 0 0 0 0 0 0 0 0 0 0 0 0 0 0 0 0 0 0 0 0 0 0 0 0 0 0 0 0 0 0 0 0 0 0 
0 0 0 0 0 0 0 0 0 0 0 0 0 0 0 0 0 0 0 0 0 0 0 0 0 0 0 0 0 0 0 0 0 0 0 0 0 0 0 0 0 0 0 0 0 0 0 0 0 0 0 0 0 0 0 0 0 0 0 0 0 0 0 0 0 0 0 0 0 0 0 0 0 0 0 0 0 0 0 0 0 0 0 0 0 0 0 0 0 0 0 0 0 0 0 0 0 0 0 0 0 0 0 0 0 0 0 0 0 0 0 0 0 0 0 0 0 0 0 0 0 0 0 0 0 0 0 0 
0 0 0 0 0 0 0 0 0 0 0 0 0 0 0 0 0 0 0 0 0 0 0 0 0 0 0 0 0 0 0 0 0 0 0 0 0 0 0 0 0 0 0 0 0 0 0 0 0 0 0 0 0 0 0 0 0 0 0 0 0 0 0 0 0 0 0 0 0 0 0 0 0 0 0 0 0 0 0 0 0 0 0 0 0 0 0 0 0 0 0 0 0 0 0 0 0 0 0 0 0 0 0 0 0 0 0 0 0 0 0 0 0 0 0 0 0 0 0 0 0 0 0 0 0 0 0 0 
0 0 0 0 0 0 0 0 0 0 0 0 0 0 0 0 0 0 0 0 0 0 0 0 0 0 0 0 0 0 0 0 0 0 0 0 0 0 0 0 0 0 0 0 0 0 0 0 0 0 0 0 0 0 0 0 0 0 0 0 0 0 0 0 0 0 0 0 0 0 0 0 0 0 0 0 0 0 0 0 0 0 0 0 0 0 0 0 0 0 0 0 0 0 0 0 0 0 0 0 0 0 0 0 0 0 0 0 0 0 0 0 0 0 0 0 0 0 0 0 0 0 0 0 0 0 0 0 
0 0 0 0 0 0 0 0 0 0 0 0 0 0 0 0 0 0 0 0 0 0 0 0 0 0 0 0 0 0 0 0 0 0 0 0 0 0 0 0 0 0 0 0 0 0 0 0 0 0 0 0 0 0 0 0 0 0 0 0 0 0 0 0 0 0 0 0 0 0 0 0 0 0 0 0 0 0 0 0 0 0 0 0 0 0 0 0 0 0 0 0 0 0 0 0 0 0 0 0 0 0 0 0 0 0 0 0 0 0 0 0 0 0 0 0 0 0 0 0 0 0 0 0 0 0 0 0 
0 0 0 0 0 0 0 0 0 0 0 0 0 0 0 0 0 0 0 0 0 0 0 0 0 0 0 0 0 0 0 0 0 0 0 0 0 0 0 0 0 0 0 0 0 0 0 0 0 0 0 0 0 0 0 0 0 0 0 0 0 0 0 0 0 0 0 0 0 0 0 0 0 0 0 0 0 0 0 0 0 0 0 0 0 0 0 0 0 0 0 0 0 0 0 0 0 0 0 0 0 0 0 0 0 0 0 0 0 0 0 0 0 0 0 0 0 0 0 0 0 0 0 0 0 0 0 0 
0 0 0 0 0 0 0 0 0 0 0 0 0 0 0 0 0 0 0 0 0 0 0 0 0 0 0 0 0 0 0 0 0 0 0 0 0 0 0 0 0 0 0 0 0 0 0 0 0 0 0 0 0 0 0 0 0 0 0 0 0 0 0 0 0 0 0 0 0 0 0 0 0 0 0 0 0 0 0 0 0 0 0 0 0 0 0 0 0 0 0 0 0 0 0 0 0 0 0 0 0 0 0 0 0 0 0 0 0 0 0 0 0 0 0 0 0 0 0 0 0 0 0 0 0 0 0 0 
0 0 0 0 0 0 0 0 0 0 0 0 0 0 0 0 0 0 0 0 0 0 0 0 0 0 0 0 0 0 0 0 0 0 0 0 0 0 0 0 0 0 0 0 0 0 0 0 0 0 0 0 0 0 0 0 0 0 0 0 0 0 0 0 0 0 0 0 0 0 0 0 0 0 0 0 0 0 0 0 0 0 0 0 0 0 0 0 0 0 0 0 0 0 0 0 0 0 0 0 0 0 0 0 0 0 0 0 0 0 0 0 0 0 0 0 0 0 0 0 0 0 0 0 0 0 0 0 
0 0 0 0 0 0 0 0 0 0 0 0 0 0 0 0 0 0 0 0 0 0 0 0 0 0 0 0 0 0 0 0 0 0 0 0 0 0 0 0 0 0 0 0 0 0 0 0 0 0 0 0 0 0 0 0 0 0 0 0 0 0 0 0 0 0 0 0 0 0 0 0 0 0 0 0 0 0 0 0 0 0 0 0 0 0 0 0 0 0 0 0 0 0 0 0 0 0 0 0 0 0 0 0 0 0 0 0 0 0 0 0 0 0 0 0 0 0 0 0 0 0 0 0 0 0 0 0 
0 0 0 0 0 0 0 0 0 0 0 0 0 0 0 0 0 0 0 0 0 0 0 0 0 0 0 0 0 0 0 0 0 0 0 0 0 0 0 0 0 0 0 0 0 0 0 0 0 0 0 0 0 0 0 0 0 0 0 0 0 0 0 0 0 0 0 0 0 0 0 0 0 0 0 0 0 0 0 0 0 0 0 0 0 0 0 0 0 0 0 0 0 0 0 0 0 0 0 0 0 0 0 0 0 0 0 0 0 0 0 0 0 0 0 0 0 0 0 0 0 0 0 0 0 0 0 0 
0 0 0 0 0 0 0 0 0 0 0 0 0 0 0 0 0 0 0 0 0 0 0 0 0 0 0 0 0 0 0 0 0 0 0 0 0 0 0 0 0 0 0 0 0 0 0 0 0 0 0 0 0 0 0 0 0 0 0 0 0 0 0 0 0 0 0 0 0 0 0 0 0 0 0 0 0 0 0 0 0 0 0 0 0 0 0 0 0 0 0 0 0 0 0 0 0 0 0 0 0 0 0 0 0 0 0 0 0 0 0 0 0 0 0 0 0 0 0 0 0 0 0 0 0 0 0 0 
0 0 0 0 0 0 0 0 0 0 0 0 0 0 0 0 0 0 0 0 0 0 0 0 0 0 0 0 0 0 0 0 0 0 0 0 0 0 0 0 0 0 0 0 0 0 0 0 0 0 0 0 0 0 0 0 0 0 0 0 0 0 0 0 0 0 0 0 0 0 0 0 0 0 0 0 0 0 0 0 0 0 0 0 0 0 0 0 0 0 0 0 0 0 0 0 0 0 0 0 0 0 0 0 0 0 0 0 0 0 0 0 0 0 0 0 0 0 0 0 0 0 0 0 0 0 0 0 
0 0 0 0 0 0 0 0 0 0 0 0 0 0 0 0 0 0 0 0 0 0 0 0 0 0 0 0 0 0 0 0 0 0 0 0 0 0 0 0 0 0 0 0 0 0 0 0 0 0 0 0 0 0 0 0 0 0 0 0 0 0 0 0 0 0 0 0 0 0 0 0 0 0 0 0 0 0 0 0 0 0 0 0 0 0 0 0 0 0 0 0 0 0 0 0 0 0 0 0 0 0 0 0 0 0 0 0 0 0 0 0 0 0 0 0 0 0 0 0 0 0 0 0 0 0 0 0 
0 0 0 0 0 0 0 0 0 0 0 0 0 0 0 0 0 0 0 0 0 0 0 0 0 0 0 0 0 0 0 0 0 0 0 0 0 0 0 0 0 0 0 0 0 0 0 0 0 0 0 0 0 0 0 0 0 0 0 0 0 0 0 0 0 0 0 0 0 0 0 0 0 0 0 0 0 0 0 0 0 0 0 0 0 0 0 0 0 0 0 0 0 0 0 0 0 0 0 0 0 0 0 0 0 0 0 0 0 0 0 0 0 0 0 0 0 0 0 0 0 0 0 0 0 0 0 0 
0 0 0 0 0 0 0 0 0 0 0 0 0 0 0 0 0 0 0 0 0 0 0 0 0 0 0 0 0 0 0 0 0 0 0 0 0 0 0 0 0 0 0 0 0 0 0 0 0 0 0 0 0 0 0 0 0 0 0 0 0 0 0 0 0 0 0 0 0 0 0 0 0 0 0 0 0 0 0 0 0 0 0 0 0 0 0 0 0 0 0 0 0 0 0 0 0 0 0 0 0 0 0 0 0 0 0 0 0 0 0 0 0 0 0 0 0 0 0 0 0 0 0 0 0 0 0 0 
0 0 0 0 0 0 0 0 0 0 0 0 0 0 0 0 0 0 0 0 0 0 0 0 0 0 0 0 0 0 0 0 0 0 0 0 0 0 0 0 0 0 0 0 0 0 0 0 0 0 0 0 0 0 0 0 0 0 0 0 0 0 0 0 0 0 0 0 0 0 0 0 0 0 0 0 0 0 0 0 0 0 0 0 0 0 0 0 0 0 0 0 0 0 0 0 0 0 0 0 0 0 0 0 0 0 0 0 0 0 0 0 0 0 0 0 0 0 0 0 0 0 0 0 0 0 0 0 
0 0 0 0 0 0 0 0 0 0 0 0 0 0 0 0 0 0 0 0 0 0 0 0 0 0 0 0 0 0 0 0 0 0 0 0 0 0 0 0 0 0 0 0 0 0 0 0 0 0 0 0 0 0 0 0 0 0 0 0 0 0 0 0 0 0 0 0 0 0 0 0 0 0 0 0 0 0 0 0 0 0 0 0 0 0 0 0 0 0 0 0 0 0 0 0 0 0 0 0 0 0 0 0 0 0 0 0 0 0 0 0 0 0 0 0 0 0 0 0 0 0 0 0 0 0 0 0 
0 0 0 0 0 0 0 0 0 0 0 0 0 0 0 0 0 0 0 0 0 0 0 0 0 0 0 0 0 0 0 0 0 0 0 0 0 0 0 0 0 0 0 0 0 0 0 0 0 0 0 0 0 0 0 0 0 0 0 0 0 0 0 0 0 0 0 0 0 0 0 0 0 0 0 0 0 0 0 0 0 0 0 0 0 0 0 0 0 0 0 0 0 0 0 0 0 0 0 0 0 0 0 0 0 0 0 0 0 0 0 0 0 0 0 0 0 0 0 0 0 0 0 0 0 0 0 0 
0 0 0 0 0 0 0 0 0 0 0 0 0 0 0 0 0 0 0 0 0 0 0 0 0 0 0 0 0 0 0 0 0 0 0 0 0 0 0 0 0 0 0 0 0 0 0 0 0 0 0 0 0 0 0 0 0 0 0 0 0 0 0 0 0 0 0 0 0 0 0 0 0 0 0 0 0 0 0 0 0 0 0 0 0 0 0 0 0 0 0 0 0 0 0 0 0 0 0 0 0 0 0 0 0 0 0 0 0 0 0 0 0 0 0 0 0 0 0 0 0 0 0 0 0 0 0 0 
0 0 0 0 0 0 0 0 0 0 0 0 0 0 0 0 0 0 0 0 0 0 0 0 0 0 0 0 0 0 0 0 0 0 0 0 0 0 0 0 0 0 0 0 0 0 0 0 0 0 0 0 0 0 0 0 0 0 0 0 0 0 0 0 0 0 0 0 0 0 0 0 0 0 0 0 0 0 0 0 0 0 0 0 0 0 0 0 0 0 0 0 0 0 0 0 0 0 0 0 0 0 0 0 0 0 0 0 0 0 0 0 0 0 0 0 0 0 0 0 0 0 0 0 0 0 0 0 
0 0 0 0 0 0 0 0 0 0 0 0 0 0 0 0 0 0 0 0 0 0 0 0 0 0 0 0 0 0 0 0 0 0 0 0 0 0 0 0 0 0 0 0 0 0 0 0 0 0 0 0 0 0 0 0 0 0 0 0 0 0 0 0 0 0 0 0 0 0 0 0 0 0 0 0 0 0 0 0 0 0 0 0 0 0 0 0 0 0 0 0 0 0 0 0 0 0 0 0 0 0 0 0 0 0 0 0 0 0 0 0 0 0 0 0 0 0 0 0 0 0 0 0 0 0 0 0 
0 0 0 0 0 0 0 0 0 0 0 0 0 0 0 0 0 0 0 0 0 0 0 0 0 0 0 0 0 0 0 0 0 0 0 0 0 0 0 0 0 0 0 0 0 0 0 0 0 0 0 0 0 0 0 0 0 0 0 0 0 0 0 0 0 0 0 0 0 0 0 0 0 0 0 0 0 0 0 0 0 0 0 0 0 0 0 0 0 0 0 0 0 0 0 0 0 0 0 0 0 0 0 0 0 0 0 0 0 0 0 0 0 0 0 0 0 0 0 0 0 0 0 0 0 0 0 0 
0 0 0 0 0 0 0 0 0 0 0 0 0 0 0 0 0 0 0 0 0 0 0 0 0 0 0 0 0 0 0 0 0 0 0 0 0 0 0 0 0 0 0 0 0 0 0 0 0 0 0 0 0 0 0 0 0 0 0 0 0 0 0 0 0 0 0 0 0 0 0 0 0 0 0 0 0 0 0 0 0 0 0 0 0 0 0 0 0 0 0 0 0 0 0 0 0 0 0 0 0 0 0 0 0 0 0 0 0 0 0 0 0 0 0 0 0 0 0 0 0 0 0 0 0 0 0 0 
0 0 0 0 0 0 0 0 0 0 0 0 0 0 0 0 0 0 0 0 0 0 0 0 0 0 0 0 0 0 0 0 0 0 0 0 0 0 0 0 0 0 0 0 0 0 0 0 0 0 0 0 0 0 0 0 0 0 0 0 0 0 0 0 0 0 0 0 0 0 0 0 0 0 0 0 0 0 0 0 0 0 0 0 0 0 0 0 0 0 0 0 0 0 0 0 0 0 0 0 0 0 0 0 0 0 0 0 0 0 0 0 0 0 0 0 0 0 0 0 0 0 0 0 0 0 0 0 
0 0 0 0 0 0 0 0 0 0 0 0 0 0 0 0 0 0 0 0 0 0 0 0 0 0 0 0 0 0 0 0 0 0 0 0 0 0 0 0 0 0 0 0 0 0 0 0 0 0 0 0 0 0 0 0 0 0 0 0 0 0 0 0 0 0 0 0 0 0 0 0 0 0 0 0 0 0 0 0 0 0 0 0 0 0 0 0 0 0 0 0 0 0 0 0 0 0 0 0 0 0 0 0 0 0 0 0 0 0 0 0 0 0 0 0 0 0 0 0 0 0 0 0 0 0 0 0 
0 0 0 0 0 0 0 0 0 0 0 0 0 0 0 0 0 0 0 0 0 0 0 0 0 0 0 0 0 0 0 0 0 0 0 0 0 0 0 0 0 0 0 0 0 0 0 0 0 0 0 0 0 0 0 0 0 0 0 0 0 0 0 0 0 0 0 0 0 0 0 0 0 0 0 0 0 0 0 0 0 0 0 0 0 0 0 0 0 0 0 0 0 0 0 0 0 0 0 0 0 0 0 0 0 0 0 0 0 0 0 0 0 0 0 0 0 0 0 0 0 0 0 0 0 0 0 0 
0 0 0 0 0 0 0 0 0 0 0 0 0 0 0 0 0 0 0 0 0 0 0 0 0 0 0 0 0 0 0 0 0 0 0 0 0 0 0 0 0 0 0 0 0 0 0 0 0 0 0 0 0 0 0 0 0 0 0 0 0 0 0 0 0 0 0 0 0 0 0 0 0 0 0 0 0 0 0 0 0 0 0 0 0 0 0 0 0 0 0 0 0 0 0 0 0 0 0 0 0 0 0 0 0 0 0 0 0 0 0 0 0 0 0 0 0 0 0 0 0 0 0 0 0 0 0 0 
0 0 0 0 0 0 0 0 0 0 0 0 0 0 0 0 0 0 0 0 0 0 0 0 0 0 0 0 0 0 0 0 0 0 0 0 0 0 0 0 0 0 0 0 0 0 0 0 0 0 0 0 0 0 0 0 0 0 0 0 0 0 0 0 0 0 0 0 0 0 0 0 0 0 0 0 0 0 0 0 0 0 0 0 0 0 0 0 0 0 0 0 0 0 0 0 0 0 0 0 0 0 0 0 0 0 0 0 0 0 0 0 0 0 0 0 0 0 0 0 0 0 0 0 0 0 0 0 
0 0 0 0 0 0 0 0 0 0 0 0 0 0 0 0 0 0 0 0 0 0 0 0 0 0 0 0 0 0 0 0 0 0 0 0 0 0 0 0 0 0 0 0 0 0 0 0 0 0 0 0 0 0 0 0 0 0 0 0 0 0 0 0 0 0 0 0 0 0 0 0 0 0 0 0 0 0 0 0 0 0 0 0 0 0 0 0 0 0 0 0 0 0 0 0 0 0 0 0 0 0 0 0 0 0 0 0 0 0 0 0 0 0 0 0 0 0 0 0 0 0 0 0 0 0 0 0 
0 0 0 0 0 0 0 0 0 0 0 0 0 0 0 0 0 0 0 0 0 0 0 0 0 0 0 0 0 0 0 0 0 0 0 0 0 0 0 0 0 0 0 0 0 0 0 0 0 0 0 0 0 0 0 0 0 0 0 0 0 0 0 0 0 0 0 0 0 0 0 0 0 0 0 0 0 0 0 0 0 0 0 0 0 0 0 0 0 0 0 0 0 0 0 0 0 0 0 0 0 0 0 0 0 0 0 0 0 0 0 0 0 0 0 0 0 0 0 0 0 0 0 0 0 0 0 0 
0 0 0 0 0 0 0 0 0 0 0 0 0 0 0 0 0 0 0 0 0 0 0 0 0 0 0 0 0 0 0 0 0 0 0 0 0 0 0 0 0 0 0 0 0 0 0 0 0 0 0 0 0 0 0 0 0 0 0 0 0 0 0 0 0 0 0 0 0 0 0 0 0 0 0 0 0 0 0 0 0 0 0 0 0 0 0 0 0 0 0 0 0 0 0 0 0 0 0 0 0 0 0 0 0 0 0 0 0 0 0 0 0 0 0 0 0 0 0 0 0 0 0 0 0 0 0 0 
0 0 0 0 0 0 0 0 0 0 0 0 0 0 0 0 0 0 0 0 0 0 0 0 0 0 0 0 0 0 0 0 0 0 0 0 0 0 0 0 0 0 0 0 0 0 0 0 0 0 0 0 0 0 0 0 0 0 0 0 0 0 0 0 0 0 0 0 0 0 0 0 0 0 0 0 0 0 0 0 0 0 0 0 0 0 0 0 0 0 0 0 0 0 0 0 0 0 0 0 0 0 0 0 0 0 0 0 0 0 0 0 0 0 0 0 0 0 0 0 0 0 0 0 0 0 0 0 
0 0 0 0 0 0 0 0 0 0 0 0 0 0 0 0 0 0 0 0 0 0 0 0 0 0 0 0 0 0 0 0 0 0 0 0 0 0 0 0 0 0 0 0 0 0 0 0 0 0 0 0 0 0 0 0 0 0 0 0 0 0 0 0 0 0 0 0 0 0 0 0 0 0 0 0 0 0 0 0 0 0 0 0 0 0 0 0 0 0 0 0 0 0 0 0 0 0 0 0 0 0 0 0 0 0 0 0 0 0 0 0 0 0 0 0 0 0 0 0 0 0 0 0 0 0 0 0 
0 0 0 0 0 0 0 0 0 0 0 0 0 0 0 0 0 0 0 0 0 0 0 0 0 0 0 0 0 0 0 0 0 0 0 0 0 0 0 0 0 0 0 0 0 0 0 0 0 0 0 0 0 0 0 0 0 0 0 0 0 0 0 0 0 0 0 0 0 0 0 0 0 0 0 0 0 0 0 0 0 0 0 0 0 0 0 0 0 0 0 0 0 0 0 0 0 0 0 0 0 0 0 0 0 0 0 0 0 0 0 0 0 0 0 0 0 0 0 0 0 0 0 0 0 0 0 0 
0 0 0 0 0 0 0 0 0 0 0 0 0 0 0 0 0 0 0 0 0 0 0 0 0 0 0 0 0 0 0 0 0 0 0 0 0 0 0 0 0 0 0 0 0 0 0 0 0 0 0 0 0 0 0 0 0 0 0 0 0 0 0 0 0 0 0 0 0 0 0 0 0 0 0 0 0 0 0 0 0 0 0 0 0 0 0 0 0 0 0 0 0 0 0 0 0 0 0 0 0 0 0 0 0 0 0 0 0 0 0 0 0 0 0 0 0 0 0 0 0 0 0 0 0 0 0 0 
0 0 0 0 0 0 0 0 0 0 0 0 0 0 0 0 0 0 0 0 0 0 0 0 0 0 0 0 0 0 0 0 0 0 0 0 0 0 0 0 0 0 0 0 0 0 0 0 0 0 0 0 0 0 0 0 0 0 0 0 0 0 0 0 0 0 0 0 0 0 0 0 0 0 0 0 0 0 0 0 0 0 0 0 0 0 0 0 0 0 0 0 0 0 0 0 0 0 0 0 0 0 0 0 0 0 0 0 0 0 0 0 0 0 0 0 0 0 0 0 0 0 0 0 0 0 0 0 
0 0 0 0 0 0 0 0 0 0 0 0 0 0 0 0 0 0 0 0 0 0 0 0 0 0 0 0 0 0 0 0 0 0 0 0 0 0 0 0 0 0 0 0 0 0 0 0 0 0 0 0 0 0 0 0 0 0 0 0 0 0 0 0 0 0 0 0 0 0 0 0 0 0 0 0 0 0 0 0 0 0 0 0 0 0 0 0 0 0 0 0 0 0 0 0 0 0 0 0 0 0 0 0 0 0 0 0 0 0 0 0 0 0 0 0 0 0 0 0 0 0 0 0 0 0 0 0 
0 0 0 0 0 0 0 0 0 0 0 0 0 0 0 0 0 0 0 0 0 0 0 0 0 0 0 0 0 0 0 0 0 0 0 0 0 0 0 0 0 0 0 0 0 0 0 0 0 0 0 0 0 0 0 0 0 0 0 0 0 0 0 0 0 0 0 0 0 0 0 0 0 0 0 0 0 0 0 0 0 0 0 0 0 0 0 0 0 0 0 0 0 0 0 0 0 0 0 0 0 0 0 0 0 0 0 0 0 0 0 0 0 0 0 0 0 0 0 0 0 0 0 0 0 0 0 0 
0 0 0 0 0 0 0 0 0 0 0 0 0 0 0 0 0 0 0 0 0 0 0 0 0 0 0 0 0 0 0 0 0 0 0 0 0 0 0 0 0 0 0 0 0 0 0 0 0 0 0 0 0 0 0 0 0 0 0 0 0 0 0 0 0 0 0 0 0 0 0 0 0 0 0 0 0 0 0 0 0 0 0 0 0 0 0 0 0 0 0 0 0 0 0 0 0 0 0 0 0 0 0 0 0 0 0 0 0 0 0 0 0 0 0 0 0 0 0 0 0 0 0 0 0 0 0 0 
0 0 0 0 0 0 0 0 0 0 0 0 0 0 0 0 0 0 0 0 0 0 0 0 0 0 0 0 0 0 0 0 0 0 0 0 0 0 0 0 0 0 0 0 0 0 0 0 0 0 0 0 0 0 0 0 0 0 0 0 0 0 0 0 0 0 0 0 0 0 0 0 0 0 0 0 0 0 0 0 0 0 0 0 0 0 0 0 0 0 0 0 0 0 0 0 0 0 0 0 0 0 0 0 0 0 0 0 0 0 0 0 0 0 0 0 0 0 0 0 0 0 0 0 0 0 0 0 
0 0 0 0 0 0 0 0 0 0 0 0 0 0 0 0 0 0 0 0 0 0 0 0 0 0 0 0 0 0 0 0 0 0 0 0 0 0 0 0 0 0 0 0 0 0 0 0 0 0 0 0 0 0 0 0 0 0 0 0 0 0 0 0 0 0 0 0 0 0 0 0 0 0 0 0 0 0 0 0 0 0 0 0 0 0 0 0 0 0 0 0 0 0 0 0 0 0 0 0 0 0 0 0 0 0 0 0 0 0 0 0 0 0 0 0 0 0 0 0 0 0 0 0 0 0 0 0 
0 0 0 0 0 0 0 0 0 0 0 0 0 0 0 0 0 0 0 0 0 0 0 0 0 0 0 0 0 0 0 0 0 0 0 0 0 0 0 0 0 0 0 0 0 0 0 0 0 0 0 0 0 0 0 0 0 0 0 0 0 0 0 0 0 0 0 0 0 0 0 0 0 0 0 0 0 0 0 0 0 0 0 0 0 0 0 0 0 0 0 0 0 0 0 0 0 0 0 0 0 0 0 0 0 0 0 0 0 0 0 0 0 0 0 0 0 0 0 0 0 0 0 0 0 0 0 0 
0 0 0 0 0 0 0 0 0 0 0 0 0 0 0 0 0 0 0 0 0 0 0 0 0 0 0 0 0 0 0 0 0 0 0 0 0 0 0 0 0 0 0 0 0 0 0 0 0 0 0 0 0 0 0 0 0 0 0 0 0 0 0 0 0 0 0 0 0 0 0 0 0 0 0 0 0 0 0 0 0 0 0 0 0 0 0 0 0 0 0 0 0 0 0 0 0 0 0 0 0 0 0 0 0 0 0 0 0 0 0 0 0 0 0 0 0 0 0 0 0 0 0 0 0 0 0 0 
0 0 0 0 0 0 0 0 0 0 0 0 0 0 0 0 0 0 0 0 0 0 0 0 0 0 0 0 0 0 0 0 0 0 0 0 0 0 0 0 0 0 0 0 0 0 0 0 0 0 0 0 0 0 0 0 0 0 0 0 0 0 0 0 0 0 0 0 0 0 0 0 0 0 0 0 0 0 0 0 0 0 0 0 0 0 0 0 0 0 0 0 0 0 0 0 0 0 0 0 0 0 0 0 0 0 0 0 0 0 0 0 0 0 0 0 0 0 0 0 0 0 0 0 0 0 0 0 
0 0 0 0 0 0 0 0 0 0 0 0 0 0 0 0 0 0 0 0 0 0 0 0 0 0 0 0 0 0 0 0 0 0 0 0 0 0 0 0 0 0 0 0 0 0 0 0 0 0 0 0 0 0 0 0 0 0 0 0 0 0 0 0 0 0 0 0 0 0 0 0 0 0 0 0 0 0 0 0 0 0 0 0 0 0 0 0 0 0 0 0 0 0 0 0 0 0 0 0 0 0 0 0 0 0 0 0 0 0 0 0 0 0 0 0 0 0 0 0 0 0 0 0 0 0 0 0 
0 0 0 0 0 0 0 0 0 0 0 0 0 0 0 0 0 0 0 0 0 0 0 0 0 0 0 0 0 0 0 0 0 0 0 0 0 0 0 0 0 0 0 0 0 0 0 0 0 0 0 0 0 0 0 0 0 0 0 0 0 0 0 0 0 0 0 0 0 0 0 0 0 0 0 0 0 0 0 0 0 0 0 0 0 0 0 0 0 0 0 0 0 0 0 0 0 0 0 0 0 0 0 0 0 0 0 0 0 0 0 0 0 0 0 0 0 0 0 0 0 0 0 0 0 0 0 0 
0 0 0 0 0 0 0 0 0 0 0 0 0 0 0 0 0 0 0 0 0 0 0 0 0 0 0 0 0 0 0 0 0 0 0 0 0 0 0 0 0 0 0 0 0 0 0 0 0 0 0 0 0 0 0 0 0 0 0 0 0 0 0 0 0 0 0 0 0 0 0 0 0 0 0 0 0 0 0 0 0 0 0 0 0 0 0 0 0 0 0 0 0 0 0 0 0 0 0 0 0 0 0 0 0 0 0 0 0 0 0 0 0 0 0 0 0 0 0 0 0 0 0 0 0 0 0 0 
0 0 0 0 0 0 0 0 0 0 0 0 0 0 0 0 0 0 0 0 0 0 0 0 0 0 0 0 0 0 0 0 0 0 0 0 0 0 0 0 0 0 0 0 0 0 0 0 0 0 0 0 0 0 0 0 0 0 0 0 0 0 0 0 0 0 0 0 0 0 0 0 0 0 0 0 0 0 0 0 0 0 0 0 0 0 0 0 0 0 0 0 0 0 0 0 0 0 0 0 0 0 0 0 0 0 0 0 0 0 0 0 0 0 0 0 0 0 0 0 0 0 0 0 0 0 0 0 
0 0 0 0 0 0 0 0 0 0 0 0 0 0 0 0 0 0 0 0 0 0 0 0 0 0 0 0 0 0 0 0 0 0 0 0 0 0 0 0 0 0 0 0 0 0 0 0 0 0 0 0 0 0 0 0 0 0 0 0 0 0 0 0 0 0 0 0 0 0 0 0 0 0 0 0 0 0 0 0 0 0 0 0 0 0 0 0 0 0 0 0 0 0 0 0 0 0 0 0 0 0 0 0 0 0 0 0 0 0 0 0 0 0 0 0 0 0 0 0 0 0 0 0 0 0 0 0 
0 0 0 0 0 0 0 0 0 0 0 0 0 0 0 0 0 0 0 0 0 0 0 0 0 0 0 0 0 0 0 0 0 0 0 0 0 0 0 0 0 0 0 0 0 0 0 0 0 0 0 0 0 0 0 0 0 0 0 0 0 0 0 0 0 0 0 0 0 0 0 0 0 0 0 0 0 0 0 0 0 0 0 0 0 0 0 0 0 0 0 0 0 0 0 0 0 0 0 0 0 0 0 0 0 0 0 0 0 0 0 0 0 0 0 0 0 0 0 0 0 0 0 0 0 0 0 0 
0 0 0 0 0 0 0 0 0 0 0 0 0 0 0 0 0 0 0 0 0 0 0 0 0 0 0 0 0 0 0 0 0 0 0 0 0 0 0 0 0 0 0 0 0 0 0 0 0 0 0 0 0 0 0 0 0 0 0 0 0 0 0 0 0 0 0 0 0 0 0 0 0 0 0 0 0 0 0 0 0 0 0 0 0 0 0 0 0 0 0 0 0 0 0 0 0 0 0 0 0 0 0 0 0 0 0 0 0 0 0 0 0 0 0 0 0 0 0 0 0 0 0 0 0 0 0 0 
0 0 0 0 0 0 0 0 0 0 0 0 0 0 0 0 0 0 0 0 0 0 0 0 0 0 0 0 0 0 0 0 0 0 0 0 0 0 0 0 0 0 0 0 0 0 0 0 0 0 0 0 0 0 0 0 0 0 0 0 0 0 0 0 0 0 0 0 0 0 0 0 0 0 0 0 0 0 0 0 0 0 0 0 0 0 0 0 0 0 0 0 0 0 0 0 0 0 0 0 0 0 0 0 0 0 0 0 0 0 0 0 0 0 0 0 0 0 0 0 0 0 0 0 0 0 0 0 
0 0 0 0 0 0 0 0 0 0 0 0 0 0 0 0 0 0 0 0 0 0 0 0 0 0 0 0 0 0 0 0 0 0 0 0 0 0 0 0 0 0 0 0 0 0 0 0 0 0 0 0 0 0 0 0 0 0 0 0 0 0 0 0 0 0 0 0 0 0 0 0 0 0 0 0 0 0 0 0 0 0 0 0 0 0 0 0 0 0 0 0 0 0 0 0 0 0 0 0 0 0 0 0 0 0 0 0 0 0 0 0 0 0 0 0 0 0 0 0 0 0 0 0 0 0 0 0 
0 0 0 0 0 0 0 0 0 0 0 0 0 0 0 0 0 0 0 0 0 0 0 0 0 0 0 0 0 0 0 0 0 0 0 0 0 0 0 0 0 0 0 0 0 0 0 0 0 0 0 0 0 0 0 0 0 0 0 0 0 0 0 0 0 0 0 0 0 0 0 0 0 0 0 0 0 0 0 0 0 0 0 0 0 0 0 0 0 0 0 0 0 0 0 0 0 0 0 0 0 0 0 0 0 0 0 0 0 0 0 0 0 0 0 0 0 0 0 0 0 0 0 0 0 0 0 0 
0 0 0 0 0 0 0 0 0 0 0 0 0 0 0 0 0 0 0 0 0 0 0 0 0 0 0 0 0 0 0 0 0 0 0 0 0 0 0 0 0 0 0 0 0 0 0 0 0 0 0 0 0 0 0 0 0 0 0 0 0 0 0 0 0 0 0 0 0 0 0 0 0 0 0 0 0 0 0 0 0 0 0 0 0 0 0 0 0 0 0 0 0 0 0 0 0 0 0 0 0 0 0 0 0 0 0 0 0 0 0 0 0 0 0 0 0 0 0 0 0 0 0 0 0 0 0 0 
0 0 0 0 0 0 0 0 0 0 0 0 0 0 0 0 0 0 0 0 0 0 0 0 0 0 0 0 0 0 0 0 0 0 0 0 0 0 0 0 0 0 0 0 0 0 0 0 0 0 0 0 0 0 0 0 0 0 0 0 0 0 0 0 0 0 0 0 0 0 0 0 0 0 0 0 0 0 0 0 0 0 0 0 0 0 0 0 0 0 0 0 0 0 0 0 0 0 0 0 0 0 0 0 0 0 0 0 0 0 0 0 0 0 0 0 0 0 0 0 0 0 0 0 0 0 0 0 
0 0 0 0 0 0 0 0 0 0 0 0 0 0 0 0 0 0 0 0 0 0 0 0 0 0 0 0 0 0 0 0 0 0 0 0 0 0 0 0 0 0 0 0 0 0 0 0 0 0 0 0 0 0 0 0 0 0 0 0 0 0 0 0 0 0 0 0 0 0 0 0 0 0 0 0 0 0 0 0 0 0 0 0 0 0 0 0 0 0 0 0 0 0 0 0 0 0 0 0 0 0 0 0 0 0 0 0 0 0 0 0 0 0 0 0 0 0 0 0 0 0 0 0 0 0 0 0 
0 0 0 0 0 0 0 0 0 0 0 0 0 0 0 0 0 0 0 0 0 0 0 0 0 0 0 0 0 0 0 0 0 0 0 0 0 0 0 0 0 0 0 0 0 0 0 0 0 0 0 0 0 0 0 0 0 0 0 0 0 0 0 0 0 0 0 0 0 0 0 0 0 0 0 0 0 0 0 0 0 0 0 0 0 0 0 0 0 0 0 0 0 0 0 0 0 0 0 0 0 0 0 0 0 0 0 0 0 0 0 0 0 0 0 0 0 0 0 0 0 0 0 0 0 0 0 0 
0 0 0 0 0 0 0 0 0 0 0 0 0 0 0 0 0 0 0 0 0 0 0 0 0 0 0 0 0 0 0 0 0 0 0 0 0 0 0 0 0 0 0 0 0 0 0 0 0 0 0 0 0 0 0 0 0 0 0 0 0 0 0 0 0 0 0 0 0 0 0 0 0 0 0 0 0 0 0 0 0 0 0 0 0 0 0 0 0 0 0 0 0 0 0 0 0 0 0 0 0 0 0 0 0 0 0 0 0 0 0 0 0 0 0 0 0 0 0 0 0 0 0 0 0 0 0 0 
0 0 0 0 0 0 0 0 0 0 0 0 0 0 0 0 0 0 0 0 0 0 0 0 0 0 0 0 0 0 0 0 0 0 0 0 0 0 0 0 0 0 0 0 0 0 0 0 0 0 0 0 0 0 0 0 0 0 0 0 0 0 0 0 0 0 0 0 0 0 0 0 0 0 0 0 0 0 0 0 0 0 0 0 0 0 0 0 0 0 0 0 0 0 0 0 0 0 0 0 0 0 0 0 0 0 0 0 0 0 0 0 0 0 0 0 0 0 0 0 0 0 0 0 0 0 0 0 
0 0 0 0 0 0 0 0 0 0 0 0 0 0 0 0 0 0 0 0 0 0 0 0 0 0 0 0 0 0 0 0 0 0 0 0 0 0 0 0 0 0 0 0 0 0 0 0 0 0 0 0 0 0 0 0 0 0 0 0 0 0 0 0 0 0 0 0 0 0 0 0 0 0 0 0 0 0 0 0 0 0 0 0 0 0 0 0 0 0 0 0 0 0 0 0 0 0 0 0 0 0 0 0 0 0 0 0 0 0 0 0 0 0 0 0 0 0 0 0 0 0 0 0 0 0 0 0 
0 0 0 0 0 0 0 0 0 0 0 0 0 0 0 0 0 0 0 0 0 0 0 0 0 0 0 0 0 0 0 0 0 0 0 0 0 0 0 0 0 0 0 0 0 0 0 0 0 0 0 0 0 0 0 0 0 0 0 0 0 0 0 0 0 0 0 0 0 0 0 0 0 0 0 0 0 0 0 0 0 0 0 0 0 0 0 0 0 0 0 0 0 0 0 0 0 0 0 0 0 0 0 0 0 0 0 0 0 0 0 0 0 0 0 0 0 0 0 0 0 0 0 0 0 0 0 0 
0 0 0 0 0 0 0 0 0 0 0 0 0 0 0 0 0 0 0 0 0 0 0 0 0 0 0 0 0 0 0 0 0 0 0 0 0 0 0 0 0 0 0 0 0 0 0 0 0 0 0 0 0 0 0 0 0 0 0 0 0 0 0 0 0 0 0 0 0 0 0 0 0 0 0 0 0 0 0 0 0 0 0 0 0 0 0 0 0 0 0 0 0 0 0 0 0 0 0 0 0 0 0 0 0 0 0 0 0 0 0 0 0 0 0 0 0 0 0 0 0 0 0 0 0 0 0 0 
0 0 0 0 0 0 0 0 0 0 0 0 0 0 0 0 0 0 0 0 0 0 0 0 0 0 0 0 0 0 0 0 0 0 0 0 0 0 0 0 0 0 0 0 0 0 0 0 0 0 0 0 0 0 0 0 0 0 0 0 0 0 0 0 0 0 0 0 0 0 0 0 0 0 0 0 0 0 0 0 0 0 0 0 0 0 0 0 0 0 0 0 0 0 0 0 0 0 0 0 0 0 0 0 0 0 0 0 0 0 0 0 0 0 0 0 0 0 0 0 0 0 0 0 0 0 0 0 
0 0 0 0 0 0 0 0 0 0 0 0 0 0 0 0 0 0 0 0 0 0 0 0 0 0 0 0 0 0 0 0 0 0 0 0 0 0 0 0 0 0 0 0 0 0 0 0 0 0 0 0 0 0 0 0 0 0 0 0 0 0 0 0 0 0 0 0 0 0 0 0 0 0 0 0 0 0 0 0 0 0 0 0 0 0 0 0 0 0 0 0 0 0 0 0 0 0 0 0 0 0 0 0 0 0 0 0 0 0 0 0 0 0 0 0 0 0 0 0 0 0 0 0 0 0 0 0 
0 0 0 0 0 0 0 0 0 0 0 0 0 0 0 0 0 0 0 0 0 0 0 0 0 0 0 0 0 0 0 0 0 0 0 0 0 0 0 0 0 0 0 0 0 0 0 0 0 0 0 0 0 0 0 0 0 0 0 0 0 0 0 0 0 0 0 0 0 0 0 0 0 0 0 0 0 0 0 0 0 0 0 0 0 0 0 0 0 0 0 0 0 0 0 0 0 0 0 0 0 0 0 0 0 0 0 0 0 0 0 0 0 0 0 0 0 0 0 0 0 0 0 0 0 0 0 0 
0 0 0 0 0 0 0 0 0 0 0 0 0 0 0 0 0 0 0 0 0 0 0 0 0 0 0 0 0 0 0 0 0 0 0 0 0 0 0 0 0 0 0 0 0 0 0 0 0 0 0 0 0 0 0 0 0 0 0 0 0 0 0 0 0 0 0 0 0 0 0 0 0 0 0 0 0 0 0 0 0 0 0 0 0 0 0 0 0 0 0 0 0 0 0 0 0 0 0 0 0 0 0 0 0 0 0 0 0 0 0 0 0 0 0 0 0 0 0 0 0 0 0 0 0 0 0 0 
0 0 0 0 0 0 0 0 0 0 0 0 0 0 0 0 0 0 0 0 0 0 0 0 0 0 0 0 0 0 0 0 0 0 0 0 0 0 0 0 0 0 0 0 0 0 0 0 0 0 0 0 0 0 0 0 0 0 0 0 0 0 0 0 0 0 0 0 0 0 0 0 0 0 0 0 0 0 0 0 0 0 0 0 0 0 0 0 0 0 0 0 0 0 0 0 0 0 0 0 0 0 0 0 0 0 0 0 0 0 0 0 0 0 0 0 0 0 0 0 0 0 0 0 0 0 0 0 
0 0 0 0 0 0 0 0 0 0 0 0 0 0 0 0 0 0 0 0 0 0 0 0 0 0 0 0 0 0 0 0 0 0 0 0 0 0 0 0 0 0 0 0 0 0 0 0 0 0 0 0 0 0 0 0 0 0 0 0 0 0 0 0 0 0 0 0 0 0 0 0 0 0 0 0 0 0 0 0 0 0 0 0 0 0 0 0 0 0 0 0 0 0 0 0 0 0 0 0 0 0 0 0 0 0 0 0 0 0 0 0 0 0 0 0 0 0 0 0 0 0 0 0 0 0 0 0 
0 0 0 0 0 0 0 0 0 0 0 0 0 0 0 0 0 0 0 0 0 0 0 0 0 0 0 0 0 0 0 0 0 0 0 0 0 0 0 0 0 0 0 0 0 0 0 0 0 0 0 0 0 0 0 0 0 0 0 0 0 0 0 0 0 0 0 0 0 0 0 0 0 0 0 0 0 0 0 0 0 0 0 0 0 0 0 0 0 0 0 0 0 0 0 0 0 0 0 0 0 0 0 0 0 0 0 0 0 0 0 0 0 0 0 0 0 0 0 0 0 0 0 0 0 0 0 0 
0 0 0 0 0 0 0 0 0 0 0 0 0 0 0 0 0 0 0 0 0 0 0 0 0 0 0 0 0 0 0 0 0 0 0 0 0 0 0 0 0 0 0 0 0 0 0 0 0 0 0 0 0 0 0 0 0 0 0 0 0 0 0 0 0 0 0 0 0 0 0 0 0 0 0 0 0 0 0 0 0 0 0 0 0 0 0 0 0 0 0 0 0 0 0 0 0 0 0 0 0 0 0 0 0 0 0 0 0 0 0 0 0 0 0 0 0 0 0 0 0 0 0 0 0 0 0 0 
0 0 0 0 0 0 0 0 0 0 0 0 0 0 0 0 0 0 0 0 0 0 0 0 0 0 0 0 0 0 0 0 0 0 0 0 0 0 0 0 0 0 0 0 0 0 0 0 0 0 0 0 0 0 0 0 0 0 0 0 0 0 0 0 0 0 0 0 0 0 0 0 0 0 0 0 0 0 0 0 0 0 0 0 0 0 0 0 0 0 0 0 0 0 0 0 0 0 0 0 0 0 0 0 0 0 0 0 0 0 0 0 0 0 0 0 0 0 0 0 0 0 0 0 0 0 0 0 
0 0 0 0 0 0 0 0 0 0 0 0 0 0 0 0 0 0 0 0 0 0 0 0 0 0 0 0 0 0 0 0 0 0 0 0 0 0 0 0 0 0 0 0 0 0 0 0 0 0 0 0 0 0 0 0 0 0 0 0 0 0 0 0 0 0 0 0 0 0 0 0 0 0 0 0 0 0 0 0 0 0 0 0 0 0 0 0 0 0 0 0 0 0 0 0 0 0 0 0 0 0 0 0 0 0 0 0 0 0 0 0 0 0 0 0 0 0 0 0 0 0 0 0 0 0 0 0 
0 0 0 0 0 0 0 0 0 0 0 0 0 0 0 0 0 0 0 0 0 0 0 0 0 0 0 0 0 0 0 0 0 0 0 0 0 0 0 0 0 0 0 0 0 0 0 0 0 0 0 0 0 0 0 0 0 0 0 0 0 0 0 0 0 0 0 0 0 0 0 0 0 0 0 0 0 0 0 0 0 0 0 0 0 0 0 0 0 0 0 0 0 0 0 0 0 0 0 0 0 0 0 0 0 0 0 0 0 0 0 0 0 0 0 0 0 0 0 0 0 0 0 0 0 0 0 0 
0 0 0 0 0 0 0 0 0 0 0 0 0 0 0 0 0 0 0 0 0 0 0 0 0 0 0 0 0 0 0 0 0 0 0 0 0 0 0 0 0 0 0 0 0 0 0 0 0 0 0 0 0 0 0 0 0 0 0 0 0 0 0 0 0 0 0 0 0 0 0 0 0 0 0 0 0 0 0 0 0 0 0 0 0 0 0 0 0 0 0 0 0 0 0 0 0 0 0 0 0 0 0 0 0 0 0 0 0 0 0 0 0 0 0 0 0 0 0 0 0 0 0 0 0 0 0 0 
0 0 0 0 0 0 0 0 0 0 0 0 0 0 0 0 0 0 0 0 0 0 0 0 0 0 0 0 0 0 0 0 0 0 0 0 0 0 0 0 0 0 0 0 0 0 0 0 0 0 0 0 0 0 0 0 0 0 0 0 0 0 0 0 0 0 0 0 0 0 0 0 0 0 0 0 0 0 0 0 0 0 0 0 0 0 0 0 0 0 0 0 0 0 0 0 0 0 0 0 0 0 0 0 0 0 0 0 0 0 0 0 0 0 0 0 0 0 0 0 0 0 0 0 0 0 0 0 
0 0 0 0 0 0 0 0 0 0 0 0 0 0 0 0 0 0 0 0 0 0 0 0 0 0 0 0 0 0 0 0 0 0 0 0 0 0 0 0 0 0 0 0 0 0 0 0 0 0 0 0 0 0 0 0 0 0 0 0 0 0 0 0 0 0 0 0 0 0 0 0 0 0 0 0 0 0 0 0 0 0 0 0 0 0 0 0 0 0 0 0 0 0 0 0 0 0 0 0 0 0 0 0 0 0 0 0 0 0 0 0 0 0 0 0 0 0 0 0 0 0 0 0 0 0 0 0 
0 0 0 0 0 0 0 0 0 0 0 0 0 0 0 0 0 0 0 0 0 0 0 0 0 0 0 0 0 0 0 0 0 0 0 0 0 0 0 0 0 0 0 0 0 0 0 0 0 0 0 0 0 0 0 0 0 0 0 0 0 0 0 0 0 0 0 0 0 0 0 0 0 0 0 0 0 0 0 0 0 0 0 0 0 0 0 0 0 0 0 0 0 0 0 0 0 0 0 0 0 0 0 0 0 0 0 0 0 0 0 0 0 0 0 0 0 0 0 0 0 0 0 0 0 0 0 0 
0 0 0 0 0 0 0 0 0 0 0 0 0 0 0 0 0 0 0 0 0 0 0 0 0 0 0 0 0 0 0 0 0 0 0 0 0 0 0 0 0 0 0 0 0 0 0 0 0 0 0 0 0 0 0 0 0 0 0 0 0 0 0 0 0 0 0 0 0 0 0 0 0 0 0 0 0 0 0 0 0 0 0 0 0 0 0 0 0 0 0 0 0 0 0 0 0 0 0 0 0 0 0 0 0 0 0 0 0 0 0 0 0 0 0 0 0 0 0 0 0 0 0 0 0 0 0 0 
0 0 0 0 0 0 0 0 0 0 0 0 0 0 0 0 0 0 0 0 0 0 0 0 0 0 0 0 0 0 0 0 0 0 0 0 0 0 0 0 0 0 0 0 0 0 0 0 0 0 0 0 0 0 0 0 0 0 0 0 0 0 0 0 0 0 0 0 0 0 0 0 0 0 0 0 0 0 0 0 0 0 0 0 0 0 0 0 0 0 0 0 0 0 0 0 0 0 0 0 0 0 0 0 0 0 0 0 0 0 0 0 0 0 0 0 0 0 0 0 0 0 0 0 0 0 0 0 
0 0 0 0 0 0 0 0 0 0 0 0 0 0 0 0 0 0 0 0 0 0 0 0 0 0 0 0 0 0 0 0 0 0 0 0 0 0 0 0 0 0 0 0 0 0 0 0 0 0 0 0 0 0 0 0 0 0 0 0 0 0 0 0 0 0 0 0 0 0 0 0 0 0 0 0 0 0 0 0 0 0 0 0 0 0 0 0 0 0 0 0 0 0 0 0 0 0 0 0 0 0 0 0 0 0 0 0 0 0 0 0 0 0 0 0 0 0 0 0 0 0 0 0 0 0 0 0 
0 0 0 0 0 0 0 0 0 0 0 0 0 0 0 0 0 0 0 0 0 0 0 0 0 0 0 0 0 0 0 0 0 0 0 0 0 0 0 0 0 0 0 0 0 0 0 0 0 0 0 0 0 0 0 0 0 0 0 0 0 0 0 0 0 0 0 0 0 0 0 0 0 0 0 0 0 0 0 0 0 0 0 0 0 0 0 0 0 0 0 0 0 0 0 0 0 0 0 0 0 0 0 0 0 0 0 0 0 0 0 0 0 0 0 0 0 0 0 0 0 0 0 0 0 0 0 0 
0 0 0 0 0 0 0 0 0 0 0 0 0 0 0 0 0 0 0 0 0 0 0 0 0 0 0 0 0 0 0 0 0 0 0 0 0 0 0 0 0 0 0 0 0 0 0 0 0 0 0 0 0 0 0 0 0 0 0 0 0 0 0 0 0 0 0 0 0 0 0 0 0 0 0 0 0 0 0 0 0 0 0 0 0 0 0 0 0 0 0 0 0 0 0 0 0 0 0 0 0 0 0 0 0 0 0 0 0 0 0 0 0 0 0 0 0 0 0 0 0 0 0 0 0 0 0 0 
0 0 0 0 0 0 0 0 0 0 0 0 0 0 0 0 0 0 0 0 0 0 0 0 0 0 0 0 0 0 0 0 0 0 0 0 0 0 0 0 0 0 0 0 0 0 0 0 0 0 0 0 0 0 0 0 0 0 0 0 0 0 0 0 0 0 0 0 0 0 0 0 0 0 0 0 0 0 0 0 0 0 0 0 0 0 0 0 0 0 0 0 0 0 0 0 0 0 0 0 0 0 0 0 0 0 0 0 0 0 0 0 0 0 0 0 0 0 0 0 0 0 0 0 0 0 0 0 
0 0 0 0 0 0 0 0 0 0 0 0 0 0 0 0 0 0 0 0 0 0 0 0 0 0 0 0 0 0 0 0 0 0 0 0 0 0 0 0 0 0 0 0 0 0 0 0 0 0 0 0 0 0 0 0 0 0 0 0 0 0 0 0 0 0 0 0 0 0 0 0 0 0 0 0 0 0 0 0 0 0 0 0 0 0 0 0 0 0 0 0 0 0 0 0 0 0 0 0 0 0 0 0 0 0 0 0 0 0 0 0 0 0 0 0 0 0 0 0 0 0 0 0 0 0 0 0 
0 0 0 0 0 0 0 0 0 0 0 0 0 0 0 0 0 0 0 0 0 0 0 0 0 0 0 0 0 0 0 0 0 0 0 0 0 0 0 0 0 0 0 0 0 0 0 0 0 0 0 0 0 0 0 0 0 0 0 0 0 0 0 0 0 0 0 0 0 0 0 0 0 0 0 0 0 0 0 0 0 0 0 0 0 0 0 0 0 0 0 0 0 0 0 0 0 0 0 0 0 0 0 0 0 0 0 0 0 0 0 0 0 0 0 0 0 0 0 0 0 0 0 0 0 0 0 0 
0 0 0 0 0 0 0 0 0 0 0 0 0 0 0 0 0 0 0 0 0 0 0 0 0 0 0 0 0 0 0 0 0 0 0 0 0 0 0 0 0 0 0 0 0 0 0 0 0 0 0 0 0 0 0 0 0 0 0 0 0 0 0 0 0 0 0 0 0 0 0 0 0 0 0 0 0 0 0 0 0 0 0 0 0 0 0 0 0 0 0 0 0 0 0 0 0 0 0 0 0 0 0 0 0 0 0 0 0 0 0 0 0 0 0 0 0 0 0 0 0 0 0 0 0 0 0 0 
0 0 0 0 0 0 0 0 0 0 0 0 0 0 0 0 0 0 0 0 0 0 0 0 0 0 0 0 0 0 0 0 0 0 0 0 0 0 0 0 0 0 0 0 0 0 0 0 0 0 0 0 0 0 0 0 0 0 0 0 0 0 0 0 0 0 0 0 0 0 0 0 0 0 0 0 0 0 0 0 0 0 0 0 0 0 0 0 0 0 0 0 0 0 0 0 0 0 0 0 0 0 0 0 0 0 0 0 0 0 0 0 0 0 0 0 0 0 0 0 0 0 0 0 0 0 0 0 
0 0 0 0 0 0 0 0 0 0 0 0 0 0 0 0 0 0 0 0 0 0 0 0 0 0 0 0 0 0 0 0 0 0 0 0 0 0 0 0 0 0 0 0 0 0 0 0 0 0 0 0 0 0 0 0 0 0 0 0 0 0 0 0 0 0 0 0 0 0 0 0 0 0 0 0 0 0 0 0 0 0 0 0 0 0 0 0 0 0 0 0 0 0 0 0 0 0 0 0 0 0 0 0 0 0 0 0 0 0 0 0 0 0 0 0 0 0 0 0 0 0 0 0 0 0 0 0 
0 0 0 0 0 0 0 0 0 0 0 0 0 0 0 0 0 0 0 0 0 0 0 0 0 0 0 0 0 0 0 0 0 0 0 0 0 0 0 0 0 0 0 0 0 0 0 0 0 0 0 0 0 0 0 0 0 0 0 0 0 0 0 0 0 0 0 0 0 0 0 0 0 0 0 0 0 0 0 0 0 0 0 0 0 0 0 0 0 0 0 0 0 0 0 0 0 0 0 0 0 0 0 0 0 0 0 0 0 0 0 0 0 0 0 0 0 0 0 0 0 0 0 0 0 0 0 0 
0 0 0 0 0 0 0 0 0 0 0 0 0 0 0 0 0 0 0 0 0 0 0 0 0 0 0 0 0 0 0 0 0 0 0 0 0 0 0 0 0 0 0 0 0 0 0 0 0 0 0 0 0 0 0 0 0 0 0 0 0 0 0 0 0 0 0 0 0 0 0 0 0 0 0 0 0 0 0 0 0 0 0 0 0 0 0 0 0 0 0 0 0 0 0 0 0 0 0 0 0 0 0 0 0 0 0 0 0 0 0 0 0 0 0 0 0 0 0 0 0 0 0 0 0 0 0 0 
0 0 0 0 0 0 0 0 0 0 0 0 0 0 0 0 0 0 0 0 0 0 0 0 0 0 0 0 0 0 0 0 0 0 0 0 0 0 0 0 0 0 0 0 0 0 0 0 0 0 0 0 0 0 0 0 0 0 0 0 0 0 0 0 0 0 0 0 0 0 0 0 0 0 0 0 0 0 0 0 0 0 0 0 0 0 0 0 0 0 0 0 0 0 0 0 0 0 0 0 0 0 0 0 0 0 0 0 0 0 0 0 0 0 0 0 0 0 0 0 0 0 0 0 0 0 0 0 
0 0 0 0 0 0 0 0 0 0 0 0 0 0 0 0 0 0 0 0 0 0 0 0 0 0 0 0 0 0 0 0 0 0 0 0 0 0 0 0 0 0 0 0 0 0 0 0 0 0 0 0 0 0 0 0 0 0 0 0 0 0 0 0 0 0 0 0 0 0 0 0 0 0 0 0 0 0 0 0 0 0 0 0 0 0 0 0 0 0 0 0 0 0 0 0 0 0 0 0 0 0 0 0 0 0 0 0 0 0 0 0 0 0 0 0 0 0 0 0 0 0 0 0 0 0 0 0 
0 0 0 0 0 0 0 0 0 0 0 0 0 0 0 0 0 0 0 0 0 0 0 0 0 0 0 0 0 0 0 0 0 0 0 0 0 0 0 0 0 0 0 0 0 0 0 0 0 0 0 0 0 0 0 0 0 0 0 0 0 0 0 0 0 0 0 0 0 0 0 0 0 0 0 0 0 0 0 0 0 0 0 0 0 0 0 0 0 0 0 0 0 0 0 0 0 0 0 0 0 0 0 0 0 0 0 0 0 0 0 0 0 0 0 0 0 0 0 0 0 0 0 0 0 0 0 0 
0 0 0 0 0 0 0 0 0 0 0 0 0 0 0 0 0 0 0 0 0 0 0 0 0 0 0 0 0 0 0 0 0 0 0 0 0 0 0 0 0 0 0 0 0 0 0 0 0 0 0 0 0 0 0 0 0 0 0 0 0 0 0 0 0 0 0 0 0 0 0 0 0 0 0 0 0 0 0 0 0 0 0 0 0 0 0 0 0 0 0 0 0 0 0 0 0 0 0 0 0 0 0 0 0 0 0 0 0 0 0 0 0 0 0 0 0 0 0 0 0 0 0 0 0 0 0 0 
0 0 0 0 0 0 0 0 0 0 0 0 0 0 0 0 0 0 0 0 0 0 0 0 0 0 0 0 0 0 0 0 0 0 0 0 0 0 0 0 0 0 0 0 0 0 0 0 0 0 0 0 0 0 0 0 0 0 0 0 0 0 0 0 0 0 0 0 0 0 0 0 0 0 0 0 0 0 0 0 0 0 0 0 0 0 0 0 0 0 0 0 0 0 0 0 0 0 0 0 0 0 0 0 0 0 0 0 0 0 0 0 0 0 0 0 0 0 0 0 0 0 0 0 0 0 0 0 
0 0 0 0 0 0 0 0 0 0 0 0 0 0 0 0 0 0 0 0 0 0 0 0 0 0 0 0 0 0 0 0 0 0 0 0 0 0 0 0 0 0 0 0 0 0 0 0 0 0 0 0 0 0 0 0 0 0 0 0 0 0 0 0 0 0 0 0 0 0 0 0 0 0 0 0 0 0 0 0 0 0 0 0 0 0 0 0 0 0 0 0 0 0 0 0 0 0 0 0 0 0 0 0 0 0 0 0 0 0 0 0 0 0 0 0 0 0 0 0 0 0 0 0 0 0 0 0 
0 0 0 0 0 0 0 0 0 0 0 0 0 0 0 0 0 0 0 0 0 0 0 0 0 0 0 0 0 0 0 0 0 0 0 0 0 0 0 0 0 0 0 0 0 0 0 0 0 0 0 0 0 0 0 0 0 0 0 0 0 0 0 0 0 0 0 0 0 0 0 0 0 0 0 0 0 0 0 0 0 0 0 0 0 0 0 0 0 0 0 0 0 0 0 0 0 0 0 0 0 0 0 0 0 0 0 0 0 0 0 0 0 0 0 0 0 0 0 0 0 0 0 0 0 0 0 0 
0 0 0 0 0 0 0 0 0 0 0 0 0 0 0 0 0 0 0 0 0 0 0 0 0 0 0 0 0 0 0 0 0 0 0 0 0 0 0 0 0 0 0 0 0 0 0 0 0 0 0 0 0 0 0 0 0 0 0 0 0 0 0 0 0 0 0 0 0 0 0 0 0 0 0 0 0 0 0 0 0 0 0 0 0 0 0 0 0 0 0 0 0 0 0 0 0 0 0 0 0 0 0 0 0 0 0 0 0 0 0 0 0 0 0 0 0 0 0 0 0 0 0 0 0 0 0 0 
0 0 0 0 0 0 0 0 0 0 0 0 0 0 0 0 0 0 0 0 0 0 0 0 0 0 0 0 0 0 0 0 0 0 0 0 0 0 0 0 0 0 0 0 0 0 0 0 0 0 0 0 0 0 0 0 0 0 0 0 0 0 0 0 0 0 0 0 0 0 0 0 0 0 0 0 0 0 0 0 0 0 0 0 0 0 0 0 0 0 0 0 0 0 0 0 0 0 0 0 0 0 0 0 0 0 0 0 0 0 0 0 0 0 0 0 0 0 0 0 0 0 0 0 0 0 0 0 
0 0 0 0 0 0 0 0 0 0 0 0 0 0 0 0 0 0 0 0 0 0 0 0 0 0 0 0 0 0 0 0 0 0 0 0 0 0 0 0 0 0 0 0 0 0 0 0 0 0 0 0 0 0 0 0 0 0 0 0 0 0 0 0 0 0 0 0 0 0 0 0 0 0 0 0 0 0 0 0 0 0 0 0 0 0 0 0 0 0 0 0 0 0 0 0 0 0 0 0 0 0 0 0 0 0 0 0 0 0 0 0 0 0 0 0 0 0 0 0 0 0 0 0 0 0 0 0 
0 0 0 0 0 0 0 0 0 0 0 0 0 0 0 0 0 0 0 0 0 0 0 0 0 0 0 0 0 0 0 0 0 0 0 0 0 0 0 0 0 0 0 0 0 0 0 0 0 0 0 0 0 0 0 0 0 0 0 0 0 0 0 0 0 0 0 0 0 0 0 0 0 0 0 0 0 0 0 0 0 0 0 0 0 0 0 0 0 0 0 0 0 0 0 0 0 0 0 0 0 0 0 0 0 0 0 0 0 0 0 0 0 0 0 0 0 0 0 0 0 0 0 0 0 0 0 0 
0 0 0 0 0 0 0 0 0 0 0 0 0 0 0 0 0 0 0 0 0 0 0 0 0 0 0 0 0 0 0 0 0 0 0 0 0 0 0 0 0 0 0 0 0 0 0 0 0 0 0 0 0 0 0 0 0 0 0 0 0 0 0 0 0 0 0 0 0 0 0 0 0 0 0 0 0 0 0 0 0 0 0 0 0 0 0 0 0 0 0 0 0 0 0 0 0 0 0 0 0 0 0 0 0 0 0 0 0 0 0 0 0 0 0 0 0 0 0 0 0 0 0 0 0 0 0 0 
0 0 0 0 0 0 0 0 0 0 0 0 0 0 0 0 0 0 0 0 0 0 0 0 0 0 0 0 0 0 0 0 0 0 0 0 0 0 0 0 0 0 0 0 0 0 0 0 0 0 0 0 0 0 0 0 0 0 0 0 0 0 0 0 0 0 0 0 0 0 0 0 0 0 0 0 0 0 0 0 0 0 0 0 0 0 0 0 0 0 0 0 0 0 0 0 0 0 0 0 0 0 0 0 0 0 0 0 0 0 0 0 0 0 0 0 0 0 0 0 0 0 0 0 0 0 0 0 
0 0 0 0 0 0 0 0 0 0 0 0 0 0 0 0 0 0 0 0 0 0 0 0 0 0 0 0 0 0 0 0 0 0 0 0 0 0 0 0 0 0 0 0 0 0 0 0 0 0 0 0 0 0 0 0 0 0 0 0 0 0 0 0 0 0 0 0 0 0 0 0 0 0 0 0 0 0 0 0 0 0 0 0 0 0 0 0 0 0 0 0 0 0 0 0 0 0 0 0 0 0 0 0 0 0 0 0 0 0 0 0 0 0 0 0 0 0 0 0 0 0 0 0 0 0 0 0 
0 0 0 0 0 0 0 0 0 0 0 0 0 0 0 0 0 0 0 0 0 0 0 0 0 0 0 0 0 0 0 0 0 0 0 0 0 0 0 0 0 0 0 0 0 0 0 0 0 0 0 0 0 0 0 0 0 0 0 0 0 0 0 0 0 0 0 0 0 0 0 0 0 0 0 0 0 0 0 0 0 0 0 0 0 0 0 0 0 0 0 0 0 0 0 0 0 0 0 0 0 0 0 0 0 0 0 0 0 0 0 0 0 0 0 0 0 0 0 0 0 0 0 0 0 0 0 0 
0 0 0 0 0 0 0 0 0 0 0 0 0 0 0 0 0 0 0 0 0 0 0 0 0 0 0 0 0 0 0 0 0 0 0 0 0 0 0 0 0 0 0 0 0 0 0 0 0 0 0 0 0 0 0 0 0 0 0 0 0 0 0 0 0 0 0 0 0 0 0 0 0 0 0 0 0 0 0 0 0 0 0 0 0 0 0 0 0 0 0 0 0 0 0 0 0 0 0 0 0 0 0 0 0 0 0 0 0 0 0 0 0 0 0 0 0 0 0 0 0 0 0 0 0 0 0 0 
0 0 0 0 0 0 0 0 0 0 0 0 0 0 0 0 0 0 0 0 0 0 0 0 0 0 0 0 0 0 0 0 0 0 0 0 0 0 0 0 0 0 0 0 0 0 0 0 0 0 0 0 0 0 0 0 0 0 0 0 0 0 0 0 0 0 0 0 0 0 0 0 0 0 0 0 0 0 0 0 0 0 0 0 0 0 0 0 0 0 0 0 0 0 0 0 0 0 0 0 0 0 0 0 0 0 0 0 0 0 0 0 0 0 0 0 0 0 0 0 0 0 0 0 0 0 0 0 
0 0 0 0 0 0 0 0 0 0 0 0 0 0 0 0 0 0 0 0 0 0 0 0 0 0 0 0 0 0 0 0 0 0 0 0 0 0 0 0 0 0 0 0 0 0 0 0 0 0 0 0 0 0 0 0 0 0 0 0 0 0 0 0 0 0 0 0 0 0 0 0 0 0 0 0 0 0 0 0 0 0 0 0 0 0 0 0 0 0 0 0 0 0 0 0 0 0 0 0 0 0 0 0 0 0 0 0 0 0 0 0 0 0 0 0 0 0 0 0 0 0 0 0 0 0 0 0 
0 0 0 0 0 0 0 0 0 0 0 0 0 0 0 0 0 0 0 0 0 0 0 0 0 0 0 0 0 0 0 0 0 0 0 0 0 0 0 0 0 0 0 0 0 0 0 0 0 0 0 0 0 0 0 0 0 0 0 0 0 0 0 0 0 0 0 0 0 0 0 0 0 0 0 0 0 0 0 0 0 0 0 0 0 0 0 0 0 0 0 0 0 0 0 0 0 0 0 0 0 0 0 0 0 0 0 0 0 0 0 0 0 0 0 0 0 0 0 0 0 0 0 0 0 0 0 0 
0 0 0 0 0 0 0 0 0 0 0 0 0 0 0 0 0 0 0 0 0 0 0 0 0 0 0 0 0 0 0 0 0 0 0 0 0 0 0 0 0 0 0 0 0 0 0 0 0 0 0 0 0 0 0 0 0 0 0 0 0 0 0 0 0 0 0 0 0 0 0 0 0 0 0 0 0 0 0 0 0 0 0 0 0 0 0 0 0 0 0 0 0 0 0 0 0 0 0 0 0 0 0 0 0 0 0 0 0 0 0 0 0 0 0 0 0 0 0 0 0 0 0 0 0 0 0 0 
0 0 0 0 0 0 0 0 0 0 0 0 0 0 0 0 0 0 0 0 0 0 0 0 0 0 0 0 0 0 0 0 0 0 0 0 0 0 0 0 0 0 0 0 0 0 0 0 0 0 0 0 0 0 0 0 0 0 0 0 0 0 0 0 0 0 0 0 0 0 0 0 0 0 0 0 0 0 0 0 0 0 0 0 0 0 0 0 0 0 0 0 0 0 0 0 0 0 0 0 0 0 0 0 0 0 0 0 0 0 0 0 0 0 0 0 0 0 0 0 0 0 0 0 0 0 0 0 
0 0 0 0 0 0 0 0 0 0 0 0 0 0 0 0 0 0 0 0 0 0 0 0 0 0 0 0 0 0 0 0 0 0 0 0 0 0 0 0 0 0 0 0 0 0 0 0 0 0 0 0 0 0 0 0 0 0 0 0 0 0 0 0 0 0 0 0 0 0 0 0 0 0 0 0 0 0 0 0 0 0 0 0 0 0 0 0 0 0 0 0 0 0 0 0 0 0 0 0 0 0 0 0 0 0 0 0 0 0 0 0 0 0 0 0 0 0 0 0 0 0 0 0 0 0 0 0 
0 0 0 0 0 0 0 0 0 0 0 0 0 0 0 0 0 0 0 0 0 0 0 0 0 0 0 0 0 0 0 0 0 0 0 0 0 0 0 0 0 0 0 0 0 0 0 0 0 0 0 0 0 0 0 0 0 0 0 0 0 0 0 0 0 0 0 0 0 0 0 0 0 0 0 0 0 0 0 0 0 0 0 0 0 0 0 0 0 0 0 0 0 0 0 0 0 0 0 0 0 0 0 0 0 0 0 0 0 0 0 0 0 0 0 0 0 0 0 0 0 0 0 0 0 0 0 0 
0 0 0 0 0 0 0 0 0 0 0 0 0 0 0 0 0 0 0 0 0 0 0 0 0 0 0 0 0 0 0 0 0 0 0 0 0 0 0 0 0 0 0 0 0 0 0 0 0 0 0 0 0 0 0 0 0 0 0 0 0 0 0 0 0 0 0 0 0 0 0 0 0 0 0 0 0 0 0 0 0 0 0 0 0 0 0 0 0 0 0 0 0 0 0 0 0 0 0 0 0 0 0 0 0 0 0 0 0 0 0 0 0 0 0 0 0 0 0 0 0 0 0 0 0 0 0 0 
0 0 0 0 0 0 0 0 0 0 0 0 0 0 0 0 0 0 0 0 0 0 0 0 0 0 0 0 0 0 0 0 0 0 0 0 0 0 0 0 0 0 0 0 0 0 0 0 0 0 0 0 0 0 0 0 0 0 0 0 0 0 0 0 0 0 0 0 0 0 0 0 0 0 0 0 0 0 0 0 0 0 0 0 0 0 0 0 0 0 0 0 0 0 0 0 0 0 0 0 0 0 0 0 0 0 0 0 0 0 0 0 0 0 0 0 0 0 0 0 0 0 0 0 0 0 0 0 
0 0 0 0 0 0 0 0 0 0 0 0 0 0 0 0 0 0 0 0 0 0 0 0 0 0 0 0 0 0 0 0 0 0 0 0 0 0 0 0 0 0 0 0 0 0 0 0 0 0 0 0 0 0 0 0 0 0 0 0 0 0 0 0 0 0 0 0 0 0 0 0 0 0 0 0 0 0 0 0 0 0 0 0 0 0 0 0 0 0 0 0 0 0 0 0 0 0 0 0 0 0 0 0 0 0 0 0 0 0 0 0 0 0 0 0 0 0 0 0 0 0 0 0 0 0 0 0 
0 0 0 0 0 0 0 0 0 0 0 0 0 0 0 0 0 0 0 0 0 0 0 0 0 0 0 0 0 0 0 0 0 0 0 0 0 0 0 0 0 0 0 0 0 0 0 0 0 0 0 0 0 0 0 0 0 0 0 0 0 0 0 0 0 0 0 0 0 0 0 0 0 0 0 0 0 0 0 0 0 0 0 0 0 0 0 0 0 0 0 0 0 0 0 0 0 0 0 0 0 0 0 0 0 0 0 0 0 0 0 0 0 0 0 0 0 0 0 0 0 0 0 0 0 0 0 0 
0 0 0 0 0 0 0 0 0 0 0 0 0 0 0 0 0 0 0 0 0 0 0 0 0 0 0 0 0 0 0 0 0 0 0 0 0 0 0 0 0 0 0 0 0 0 0 0 0 0 0 0 0 0 0 0 0 0 0 0 0 0 0 0 0 0 0 0 0 0 0 0 0 0 0 0 0 0 0 0 0 0 0 0 0 0 0 0 0 0 0 0 0 0 0 0 0 0 0 0 0 0 0 0 0 0 0 0 0 0 0 0 0 0 0 0 0 0 0 0 0 0 0 0 0 0 0 0 
0 0 0 0 0 0 0 0 0 0 0 0 0 0 0 0 0 0 0 0 0 0 0 0 0 0 0 0 0 0 0 0 0 0 0 0 0 0 0 0 0 0 0 0 0 0 0 0 0 0 0 0 0 0 0 0 0 0 0 0 0 0 0 0 0 0 0 0 0 0 0 0 0 0 0 0 0 0 0 0 0 0 0 0 0 0 0 0 0 0 0 0 0 0 0 0 0 0 0 0 0 0 0 0 0 0 0 0 0 0 0 0 0 0 0 0 0 0 0 0 0 0 0 0 0 0 0 0 
0 0 0 0 0 0 0 0 0 0 0 0 0 0 0 0 0 0 0 0 0 0 0 0 0 0 0 0 0 0 0 0 0 0 0 0 0 0 0 0 0 0 0 0 0 0 0 0 0 0 0 0 0 0 0 0 0 0 0 0 0 0 0 0 0 0 0 0 0 0 0 0 0 0 0 0 0 0 0 0 0 0 0 0 0 0 0 0 0 0 0 0 0 0 0 0 0 0 0 0 0 0 0 0 0 0 0 0 0 0 0 0 0 0 0 0 0 0 0 0 0 0 0 0 0 0 0 0 
0 0 0 0 0 0 0 0 0 0 0 0 0 0 0 0 0 0 0 0 0 0 0 0 0 0 0 0 0 0 0 0 0 0 0 0 0 0 0 0 0 0 0 0 0 0 0 0 0 0 0 0 0 0 0 0 0 0 0 0 0 0 0 0 0 0 0 0 0 0 0 0 0 0 0 0 0 0 0 0 0 0 0 0 0 0 0 0 0 0 0 0 0 0 0 0 0 0 0 0 0 0 0 0 0 0 0 0 0 0 0 0 0 0 0 0 0 0 0 0 0 0 0 0 0 0 0 0 
0 0 0 0 0 0 0 0 0 0 0 0 0 0 0 0 0 0 0 0 0 0 0 0 0 0 0 0 0 0 0 0 0 0 0 0 0 0 0 0 0 0 0 0 0 0 0 0 0 0 0 0 0 0 0 0 0 0 0 0 0 0 0 0 0 0 0 0 0 0 0 0 0 0 0 0 0 0 0 0 0 0 0 0 0 0 0 0 0 0 0 0 0 0 0 0 0 0 0 0 0 0 0 0 0 0 0 0 0 0 0 0 0 0 0 0 0 0 0 0 0 0 0 0 0 0 0 0 
0 0 0 0 0 0 0 0 0 0 0 0 0 0 0 0 0 0 0 0 0 0 0 0 0 0 0 0 0 0 0 0 0 0 0 0 0 0 0 0 0 0 0 0 0 0 0 0 0 0 0 0 0 0 0 0 0 0 0 0 0 0 0 0 0 0 0 0 0 0 0 0 0 0 0 0 0 0 0 0 0 0 0 0 0 0 0 0 0 0 0 0 0 0 0 0 0 0 0 0 0 0 0 0 0 0 0 0 0 0 0 0 0 0 0 0 0 0 0 0 0 0 0 0 0 0 0 0 
0 0 0 0 0 0 0 0 0 0 0 0 0 0 0 0 0 0 0 0 0 0 0 0 0 0 0 0 0 0 0 0 0 0 0 0 0 0 0 0 0 0 0 0 0 0 0 0 0 0 0 0 0 0 0 0 0 0 0 0 0 0 0 0 0 0 0 0 0 0 0 0 0 0 0 0 0 0 0 0 0 0 0 0 0 0 0 0 0 0 0 0 0 0 0 0 0 0 0 0 0 0 0 0 0 0 0 0 0 0 0 0 0 0 0 0 0 0 0 0 0 0 0 0 0 0 0 0 
0 0 0 0 0 0 0 0 0 0 0 0 0 0 0 0 0 0 0 0 0 0 0 0 0 0 0 0 0 0 0 0 0 0 0 0 0 0 0 0 0 0 0 0 0 0 0 0 0 0 0 0 0 0 0 0 0 0 0 0 0 0 0 0 0 0 0 0 0 0 0 0 0 0 0 0 0 0 0 0 0 0 0 0 0 0 0 0 0 0 0 0 0 0 0 0 0 0 0 0 0 0 0 0 0 0 0 0 0 0 0 0 0 0 0 0 0 0 0 0 0 0 0 0 0 0 0 0 
0 0 0 0 0 0 0 0 0 0 0 0 0 0 0 0 0 0 0 0 0 0 0 0 0 0 0 0 0 0 0 0 0 0 0 0 0 0 0 0 0 0 0 0 0 0 0 0 0 0 0 0 0 0 0 0 0 0 0 0 0 0 0 0 0 0 0 0 0 0 0 0 0 0 0 0 0 0 0 0 0 0 0 0 0 0 0 0 0 0 0 0 0 0 0 0 0 0 0 0 0 0 0 0 0 0 0 0 0 0 0 0 0 0 0 0 0 0 0 0 0 0 0 0 0 0 0 0 
0 0 0 0 0 0 0 0 0 0 0 0 0 0 0 0 0 0 0 0 0 0 0 0 0 0 0 0 0 0 0 0 0 0 0 0 0 0 0 0 0 0 0 0 0 0 0 0 0 0 0 0 0 0 0 0 0 0 0 0 0 0 0 0 0 0 0 0 0 0 0 0 0 0 0 0 0 0 0 0 0 0 0 0 0 0 0 0 0 0 0 0 0 0 0 0 0 0 0 0 0 0 0 0 0 0 0 0 0 0 0 0 0 0 0 0 0 0 0 0 0 0 0 0 0 0 0 0 
0 0 0 0 0 0 0 0 0 0 0 0 0 0 0 0 0 0 0 0 0 0 0 0 0 0 0 0 0 0 0 0 0 0 0 0 0 0 0 0 0 0 0 0 0 0 0 0 0 0 0 0 0 0 0 0 0 0 0 0 0 0 0 0 0 0 0 0 0 0 0 0 0 0 0 0 0 0 0 0 0 0 0 0 0 0 0 0 0 0 0 0 0 0 0 0 0 0 0 0 0 0 0 0 0 0 0 0 0 0 0 0 0 0 0 0 0 0 0 0 0 0 0 0 0 0 0 0 
0 0 0 0 0 0 0 0 0 0 0 0 0 0 0 0 0 0 0 0 0 0 0 0 0 0 0 0 0 0 0 0 0 0 0 0 0 0 0 0 0 0 0 0 0 0 0 0 0 0 0 0 0 0 0 0 0 0 0 0 0 0 0 0 0 0 0 0 0 0 0 0 0 0 0 0 0 0 0 0 0 0 0 0 0 0 0 0 0 0 0 0 0 0 0 0 0 0 0 0 0 0 0 0 0 0 0 0 0 0 0 0 0 0 0 0 0 0 0 0 0 0 0 0 0 0 0 0 
0 0 0 0 0 0 0 0 0 0 0 0 0 0 0 0 0 0 0 0 0 0 0 0 0 0 0 0 0 0 0 0 0 0 0 0 0 0 0 0 0 0 0 0 0 0 0 0 0 0 0 0 0 0 0 0 0 0 0 0 0 0 0 0 0 0 0 0 0 0 0 0 0 0 0 0 0 0 0 0 0 0 0 0 0 0 0 0 0 0 0 0 0 0 0 0 0 0 0 0 0 0 0 0 0 0 0 0 0 0 0 0 0 0 0 0 0 0 0 0 0 0 0 0 0 0 0 0 
0 0 0 0 0 0 0 0 0 0 0 0 0 0 0 0 0 0 0 0 0 0 0 0 0 0 0 0 0 0 0 0 0 0 0 0 0 0 0 0 0 0 0 0 0 0 0 0 0 0 0 0 0 0 0 0 0 0 0 0 0 0 0 0 0 0 0 0 0 0 0 0 0 0 0 0 0 0 0 0 0 0 0 0 0 0 0 0 0 0 0 0 0 0 0 0 0 0 0 0 0 0 0 0 0 0 0 0 0 0 0 0 0 0 0 0 0 0 0 0 0 0 0 0 0 0 0 0 
0 0 0 0 0 0 0 0 0 0 0 0 0 0 0 0 0 0 0 0 0 0 0 0 0 0 0 0 0 0 0 0 0 0 0 0 0 0 0 0 0 0 0 0 0 0 0 0 0 0 0 0 0 0 0 0 0 0 0 0 0 0 0 0 0 0 0 0 0 0 0 0 0 0 0 0 0 0 0 0 0 0 0 0 0 0 0 0 0 0 0 0 0 0 0 0 0 0 0 0 0 0 0 0 0 0 0 0 0 0 0 0 0 0 0 0 0 0 0 0 0 0 0 0 0 0 0 0 
0 0 0 0 0 0 0 0 0 0 0 0 0 0 0 0 0 0 0 0 0 0 0 0 0 0 0 0 0 0 0 0 0 0 0 0 0 0 0 0 0 0 0 0 0 0 0 0 0 0 0 0 0 0 0 0 0 0 0 0 0 0 0 0 0 0 0 0 0 0 0 0 0 0 0 0 0 0 0 0 0 0 0 0 0 0 0 0 0 0 0 0 0 0 0 0 0 0 0 0 0 0 0 0 0 0 0 0 0 0 0 0 0 0 0 0 0 0 0 0 0 0 0 0 0 0 0 0 
0 0 0 0 0 0 0 0 0 0 0 0 0 0 0 0 0 0 0 0 0 0 0 0 0 0 0 0 0 0 0 0 0 0 0 0 0 0 0 0 0 0 0 0 0 0 0 0 0 0 0 0 0 0 0 0 0 0 0 0 0 0 0 0 0 0 0 0 0 0 0 0 0 0 0 0 0 0 0 0 0 0 0 0 0 0 0 0 0 0 0 0 0 0 0 0 0 0 0 0 0 0 0 0 0 0 0 0 0 0 0 0 0 0 0 0 0 0 0 0 0 0 0 0 0 0 0 0 
0 0 0 0 0 0 0 0 0 0 0 0 0 0 0 0 0 0 0 0 0 0 0 0 0 0 0 0 0 0 0 0 0 0 0 0 0 0 0 0 0 0 0 0 0 0 0 0 0 0 0 0 0 0 0 0 0 0 0 0 0 0 0 0 0 0 0 0 0 0 0 0 0 0 0 0 0 0 0 0 0 0 0 0 0 0 0 0 0 0 0 0 0 0 0 0 0 0 0 0 0 0 0 0 0 0 0 0 0 0 0 0 0 0 0 0 0 0 0 0 0 0 0 0 0 0 0 0 
0 0 0 0 0 0 0 0 0 0 0 0 0 0 0 0 0 0 0 0 0 0 0 0 0 0 0 0 0 0 0 0 0 0 0 0 0 0 0 0 0 0 0 0 0 0 0 0 0 0 0 0 0 0 0 0 0 0 0 0 0 0 0 0 0 0 0 0 0 0 0 0 0 0 0 0 0 0 0 0 0 0 0 0 0 0 0 0 0 0 0 0 0 0 0 0 0 0 0 0 0 0 0 0 0 0 0 0 0 0 0 0 0 0 0 0 0 0 0 0 0 0 0 0 0 0 0 0 
0 0 0 0 0 0 0 0 0 0 0 0 0 0 0 0 0 0 0 0 0 0 0 0 0 0 0 0 0 0 0 0 0 0 0 0 0 0 0 0 0 0 0 0 0 0 0 0 0 0 0 0 0 0 0 0 0 0 0 0 0 0 0 0 0 0 0 0 0 0 0 0 0 0 0 0 0 0 0 0 0 0 0 0 0 0 0 0 0 0 0 0 0 0 0 0 0 0 0 0 0 0 0 0 0 0 0 0 0 0 0 0 0 0 0 0 0 0 0 0 0 0 0 0 0 0 0 0 
0 0 0 0 0 0 0 0 0 0 0 0 0 0 0 0 0 0 0 0 0 0 0 0 0 0 0 0 0 0 0 0 0 0 0 0 0 0 0 0 0 0 0 0 0 0 0 0 0 0 0 0 0 0 0 0 0 0 0 0 0 0 0 0 0 0 0 0 0 0 0 0 0 0 0 0 0 0 0 0 0 0 0 0 0 0 0 0 0 0 0 0 0 0 0 0 0 0 0 0 0 0 0 0 0 0 0 0 0 0 0 0 0 0 0 0 0 0 0 0 0 0 0 0 0 0 0 0 
0 0 0 0 0 0 0 0 0 0 0 0 0 0 0 0 0 0 0 0 0 0 0 0 0 0 0 0 0 0 0 0 0 0 0 0 0 0 0 0 0 0 0 0 0 0 0 0 0 0 0 0 0 0 0 0 0 0 0 0 0 0 0 0 0 0 0 0 0 0 0 0 0 0 0 0 0 0 0 0 0 0 0 0 0 0 0 0 0 0 0 0 0 0 0 0 0 0 0 0 0 0 0 0 0 0 0 0 0 0 0 0 0 0 0 0 0 0 0 0 0 0 0 0 0 0 0 0 
0 0 0 0 0 0 0 0 0 0 0 0 0 0 0 0 0 0 0 0 0 0 0 0 0 0 0 0 0 0 0 0 0 0 0 0 0 0 0 0 0 0 0 0 0 0 0 0 0 0 0 0 0 0 0 0 0 0 0 0 0 0 0 0 0 0 0 0 0 0 0 0 0 0 0 0 0 0 0 0 0 0 0 0 0 0 0 0 0 0 0 0 0 0 0 0 0 0 0 0 0 0 0 0 0 0 0 0 0 0 0 0 0 0 0 0 0 0 0 0 0 0 0 0 0 0 0 0 
0 0 0 0 0 0 0 0 0 0 0 0 0 0 0 0 0 0 0 0 0 0 0 0 0 0 0 0 0 0 0 0 0 0 0 0 0 0 0 0 0 0 0 0 0 0 0 0 0 0 0 0 0 0 0 0 0 0 0 0 0 0 0 0 0 0 0 0 0 0 0 0 0 0 0 0 0 0 0 0 0 0 0 0 0 0 0 0 0 0 0 0 0 0 0 0 0 0 0 0 0 0 0 0 0 0 0 0 0 0 0 0 0 0 0 0 0 0 0 0 0 0 0 0 0 0 0 0 
0 0 0 0 0 0 0 0 0 0 0 0 0 0 0 0 0 0 0 0 0 0 0 0 0 0 0 0 0 0 0 0 0 0 0 0 0 0 0 0 0 0 0 0 0 0 0 0 0 0 0 0 0 0 0 0 0 0 0 0 0 0 0 0 0 0 0 0 0 0 0 0 0 0 0 0 0 0 0 0 0 0 0 0 0 0 0 0 0 0 0 0 0 0 0 0 0 0 0 0 0 0 0 0 0 0 0 0 0 0 0 0 0 0 0 0 0 0 0 0 0 0 0 0 0 0 0 0 
0 0 0 0 0 0 0 0 0 0 0 0 0 0 0 0 0 0 0 0 0 0 0 0 0 0 0 0 0 0 0 0 0 0 0 0 0 0 0 0 0 0 0 0 0 0 0 0 0 0 0 0 0 0 0 0 0 0 0 0 0 0 0 0 0 0 0 0 0 0 0 0 0 0 0 0 0 0 0 0 0 0 0 0 0 0 0 0 0 0 0 0 0 0 0 0 0 0 0 0 0 0 0 0 0 0 0 0 0 0 0 0 0 0 0 0 0 0 0 0 0 0 0 0 0 0 0 0 
0 0 0 0 0 0 0 0 0 0 0 0 0 0 0 0 0 0 0 0 0 0 0 0 0 0 0 0 0 0 0 0 0 0 0 0 0 0 0 0 0 0 0 0 0 0 0 0 0 0 0 0 0 0 0 0 0 0 0 0 0 0 0 0 0 0 0 0 0 0 0 0 0 0 0 0 0 0 0 0 0 0 0 0 0 0 0 0 0 0 0 0 0 0 0 0 0 0 0 0 0 0 0 0 0 0 0 0 0 0 0 0 0 0 0 0 0 0 0 0 0 0 0 0 0 0 0 0 
0 0 0 0 0 0 0 0 0 0 0 0 0 0 0 0 0 0 0 0 0 0 0 0 0 0 0 0 0 0 0 0 0 0 0 0 0 0 0 0 0 0 0 0 0 0 0 0 0 0 0 0 0 0 0 0 0 0 0 0 0 0 0 0 0 0 0 0 0 0 0 0 0 0 0 0 0 0 0 0 0 0 0 0 0 0 0 0 0 0 0 0 0 0 0 0 0 0 0 0 0 0 0 0 0 0 0 0 0 0 0 0 0 0 0 0 0 0 0 0 0 0 0 0 0 0 0 0 
0 0 0 0 0 0 0 0 0 0 0 0 0 0 0 0 0 0 0 0 0 0 0 0 0 0 0 0 0 0 0 0 0 0 0 0 0 0 0 0 0 0 0 0 0 0 0 0 0 0 0 0 0 0 0 0 0 0 0 0 0 0 0 0 0 0 0 0 0 0 0 0 0 0 0 0 0 0 0 0 0 0 0 0 0 0 0 0 0 0 0 0 0 0 0 0 0 0 0 0 0 0 0 0 0 0 0 0 0 0 0 0 0 0 0 0 0 0 0 0 0 0 0 0 0 0 0 0 
0 0 0 0 0 0 0 0 0 0 0 0 0 0 0 0 0 0 0 0 0 0 0 0 0 0 0 0 0 0 0 0 0 0 0 0 0 0 0 0 0 0 0 0 0 0 0 0 0 0 0 0 0 0 0 0 0 0 0 0 0 0 0 0 0 0 0 0 0 0 0 0 0 0 0 0 0 0 0 0 0 0 0 0 0 0 0 0 0 0 0 0 0 0 0 0 0 0 0 0 0 0 0 0 0 0 0 0 0 0 0 0 0 0 0 0 0 0 0 0 0 0 0 0 0 0 0 0 
0 0 0 0 0 0 0 0 0 0 0 0 0 0 0 0 0 0 0 0 0 0 0 0 0 0 0 0 0 0 0 0 0 0 0 0 0 0 0 0 0 0 0 0 0 0 0 0 0 0 0 0 0 0 0 0 0 0 0 0 0 0 0 0 0 0 0 0 0 0 0 0 0 0 0 0 0 0 0 0 0 0 0 0 0 0 0 0 0 0 0 0 0 0 0 0 0 0 0 0 0 0 0 0 0 0 0 0 0 0 0 0 0 0 0 0 0 0 0 0 0 0 0 0 0 0 0 0 
0 0 0 0 0 0 0 0 0 0 0 0 0 0 0 0 0 0 0 0 0 0 0 0 0 0 0 0 0 0 0 0 0 0 0 0 0 0 0 0 0 0 0 0 0 0 0 0 0 0 0 0 0 0 0 0 0 0 0 0 0 0 0 0 0 0 0 0 0 0 0 0 0 0 0 0 0 0 0 0 0 0 0 0 0 0 0 0 0 0 0 0 0 0 0 0 0 0 0 0 0 0 0 0 0 0 0 0 0 0 0 0 0 0 0 0 0 0 0 0 0 0 0 0 0 0 0 0 
0 0 0 0 0 0 0 0 0 0 0 0 0 0 0 0 0 0 0 0 0 0 0 0 0 0 0 0 0 0 0 0 0 0 0 0 0 0 0 0 0 0 0 0 0 0 0 0 0 0 0 0 0 0 0 0 0 0 0 0 0 0 0 0 0 0 0 0 0 0 0 0 0 0 0 0 0 0 0 0 0 0 0 0 0 0 0 0 0 0 0 0 0 0 0 0 0 0 0 0 0 0 0 0 0 0 0 0 0 0 0 0 0 0 0 0 0 0 0 0 0 0 0 0 0 0 0 0 
0 0 0 0 0 0 0 0 0 0 0 0 0 0 0 0 0 0 0 0 0 0 0 0 0 0 0 0 0 0 0 0 0 0 0 0 0 0 0 0 0 0 0 0 0 0 0 0 0 0 0 0 0 0 0 0 0 0 0 0 0 0 0 0 0 0 0 0 0 0 0 0 0 0 0 0 0 0 0 0 0 0 0 0 0 0 0 0 0 0 0 0 0 0 0 0 0 0 0 0 0 0 0 0 0 0 0 0 0 0 0 0 0 0 0 0 0 0 0 0 0 0 0 0 0 0 0 0 
0 0 0 0 0 0 0 0 0 0 0 0 0 0 0 0 0 0 0 0 0 0 0 0 0 0 0 0 0 0 0 0 0 0 0 0 0 0 0 0 0 0 0 0 0 0 0 0 0 0 0 0 0 0 0 0 0 0 0 0 0 0 0 0 0 0 0 0 0 0 0 0 0 0 0 0 0 0 0 0 0 0 0 0 0 0 0 0 0 0 0 0 0 0 0 0 0 0 0 0 0 0 0 0 0 0 0 0 0 0 0 0 0 0 0 0 0 0 0 0 0 0 0 0 0 0 0 0 
0 0 0 0 0 0 0 0 0 0 0 0 0 0 0 0 0 0 0 0 0 0 0 0 0 0 0 0 0 0 0 0 0 0 0 0 0 0 0 0 0 0 0 0 0 0 0 0 0 0 0 0 0 0 0 0 0 0 0 0 0 0 0 0 0 0 0 0 0 0 0 0 0 0 0 0 0 0 0 0 0 0 0 0 0 0 0 0 0 0 0 0 0 0 0 0 0 0 0 0 0 0 0 0 0 0 0 0 0 0 0 0 0 0 0 0 0 0 0 0 0 0 0 0 0 0 0 0 
0 0 0 0 0 0 0 0 0 0 0 0 0 0 0 0 0 0 0 0 0 0 0 0 0 0 0 0 0 0 0 0 0 0 0 0 0 0 0 0 0 0 0 0 0 0 0 0 0 0 0 0 0 0 0 0 0 0 0 0 0 0 0 0 0 0 0 0 0 0 0 0 0 0 0 0 0 0 0 0 0 0 0 0 0 0 0 0 0 0 0 0 0 0 0 0 0 0 0 0 0 0 0 0 0 0 0 0 0 0 0 0 0 0 0 0 0 0 0 0 0 0 0 0 0 0 0 0 
0 0 0 0 0 0 0 0 0 0 0 0 0 0 0 0 0 0 0 0 0 0 0 0 0 0 0 0 0 0 0 0 0 0 0 0 0 0 0 0 0 0 0 0 0 0 0 0 0 0 0 0 0 0 0 0 0 0 0 0 0 0 0 0 0 0 0 0 0 0 0 0 0 0 0 0 0 0 0 0 0 0 0 0 0 0 0 0 0 0 0 0 0 0 0 0 0 0 0 0 0 0 0 0 0 0 0 0 0 0 0 0 0 0 0 0 0 0 0 0 0 0 0 0 0 0 0 0 
0 0 0 0 0 0 0 0 0 0 0 0 0 0 0 0 0 0 0 0 0 0 0 0 0 0 0 0 0 0 0 0 0 0 0 0 0 0 0 0 0 0 0 0 0 0 0 0 0 0 0 0 0 0 0 0 0 0 0 0 0 0 0 0 0 0 0 0 0 0 0 0 0 0 0 0 0 0 0 0 0 0 0 0 0 0 0 0 0 0 0 0 0 0 0 0 0 0 0 0 0 0 0 0 0 0 0 0 0 0 0 0 0 0 0 0 0 0 0 0 0 0 0 0 0 0 0 0 
0 0 0 0 0 0 0 0 0 0 0 0 0 0 0 0 0 0 0 0 0 0 0 0 0 0 0 0 0 0 0 0 0 0 0 0 0 0 0 0 0 0 0 0 0 0 0 0 0 0 0 0 0 0 0 0 0 0 0 0 0 0 0 0 0 0 0 0 0 0 0 0 0 0 0 0 0 0 0 0 0 0 0 0 0 0 0 0 0 0 0 0 0 0 0 0 0 0 0 0 0 0 0 0 0 0 0 0 0 0 0 0 0 0 0 0 0 0 0 0 0 0 0 0 0 0 0 0 
0 0 0 0 0 0 0 0 0 0 0 0 0 0 0 0 0 0 0 0 0 0 0 0 0 0 0 0 0 0 0 0 0 0 0 0 0 0 0 0 0 0 0 0 0 0 0 0 0 0 0 0 0 0 0 0 0 0 0 0 0 0 0 0 0 0 0 0 0 0 0 0 0 0 0 0 0 0 0 0 0 0 0 0 0 0 0 0 0 0 0 0 0 0 0 0 0 0 0 0 0 0 0 0 0 0 0 0 0 0 0 0 0 0 0 0 0 0 0 0 0 0 0 0 0 0 0 0 
0 0 0 0 0 0 0 0 0 0 0 0 0 0 0 0 0 0 0 0 0 0 0 0 0 0 0 0 0 0 0 0 0 0 0 0 0 0 0 0 0 0 0 0 0 0 0 0 0 0 0 0 0 0 0 0 0 0 0 0 0 0 0 0 0 0 0 0 0 0 0 0 0 0 0 0 0 0 0 0 0 0 0 0 0 0 0 0 0 0 0 0 0 0 0 0 0 0 0 0 0 0 0 0 0 0 0 0 0 0 0 0 0 0 0 0 0 0 0 0 0 0 0 0 0 0 0 0 
0 0 0 0 0 0 0 0 0 0 0 0 0 0 0 0 0 0 0 0 0 0 0 0 0 0 0 0 0 0 0 0 0 0 0 0 0 0 0 0 0 0 0 0 0 0 0 0 0 0 0 0 0 0 0 0 0 0 0 0 0 0 0 0 0 0 0 0 0 0 0 0 0 0 0 0 0 0 0 0 0 0 0 0 0 0 0 0 0 0 0 0 0 0 0 0 0 0 0 0 0 0 0 0 0 0 0 0 0 0 0 0 0 0 0 0 0 0 0 0 0 0 0 0 0 0 0 0 
0 0 0 0 0 0 0 0 0 0 0 0 0 0 0 0 0 0 0 0 0 0 0 0 0 0 0 0 0 0 0 0 0 0 0 0 0 0 0 0 0 0 0 0 0 0 0 0 0 0 0 0 0 0 0 0 0 0 0 0 0 0 0 0 0 0 0 0 0 0 0 0 0 0 0 0 0 0 0 0 0 0 0 0 0 0 0 0 0 0 0 0 0 0 0 0 0 0 0 0 0 0 0 0 0 0 0 0 0 0 0 0 0 0 0 0 0 0 0 0 0 0 0 0 0 0 0 0 
0 0 0 0 0 0 0 0 0 0 0 0 0 0 0 0 0 0 0 0 0 0 0 0 0 0 0 0 0 0 0 0 0 0 0 0 0 0 0 0 0 0 0 0 0 0 0 0 0 0 0 0 0 0 0 0 0 0 0 0 0 0 0 0 0 0 0 0 0 0 0 0 0 0 0 0 0 0 0 0 0 0 0 0 0 0 0 0 0 0 0 0 0 0 0 0 0 0 0 0 0 0 0 0 0 0 0 0 0 0 0 0 0 0 0 0 0 0 0 0 0 0 0 0 0 0 0 0 
0 0 0 0 0 0 0 0 0 0 0 0 0 0 0 0 0 0 0 0 0 0 0 0 0 0 0 0 0 0 0 0 0 0 0 0 0 0 0 0 0 0 0 0 0 0 0 0 0 0 0 0 0 0 0 0 0 0 0 0 0 0 0 0 0 0 0 0 0 0 0 0 0 0 0 0 0 0 0 0 0 0 0 0 0 0 0 0 0 0 0 0 0 0 0 0 0 0 0 0 0 0 0 0 0 0 0 0 0 0 0 0 0 0 0 0 0 0 0 0 0 0 0 0 0 0 0 0 
0 0 0 0 0 0 0 0 0 0 0 0 0 0 0 0 0 0 0 0 0 0 0 0 0 0 0 0 0 0 0 0 0 0 0 0 0 0 0 0 0 0 0 0 0 0 0 0 0 0 0 0 0 0 0 0 0 0 0 0 0 0 0 0 0 0 0 0 0 0 0 0 0 0 0 0 0 0 0 0 0 0 0 0 0 0 0 0 0 0 0 0 0 0 0 0 0 0 0 0 0 0 0 0 0 0 0 0 0 0 0 0 0 0 0 0 0 0 0 0 0 0 0 0 0 0 0 0 
0 0 0 0 0 0 0 0 0 0 0 0 0 0 0 0 0 0 0 0 0 0 0 0 0 0 0 0 0 0 0 0 0 0 0 0 0 0 0 0 0 0 0 0 0 0 0 0 0 0 0 0 0 0 0 0 0 0 0 0 0 0 0 0 0 0 0 0 0 0 0 0 0 0 0 0 0 0 0 0 0 0 0 0 0 0 0 0 0 0 0 0 0 0 0 0 0 0 0 0 0 0 0 0 0 0 0 0 0 0 0 0 0 0 0 0 0 0 0 0 0 0 0 0 0 0 0 0 
0 0 0 0 0 0 0 0 0 0 0 0 0 0 0 0 0 0 0 0 0 0 0 0 0 0 0 0 0 0 0 0 0 0 0 0 0 0 0 0 0 0 0 0 0 0 0 0 0 0 0 0 0 0 0 0 0 0 0 0 0 0 0 0 0 0 0 0 0 0 0 0 0 0 0 0 0 0 0 0 0 0 0 0 0 0 0 0 0 0 0 0 0 0 0 0 0 0 0 0 0 0 0 0 0 0 0 0 0 0 0 0 0 0 0 0 0 0 0 0 0 0 0 0 0 0 0 0 
0 0 0 0 0 0 0 0 0 0 0 0 0 0 0 0 0 0 0 0 0 0 0 0 0 0 0 0 0 0 0 0 0 0 0 0 0 0 0 0 0 0 0 0 0 0 0 0 0 0 0 0 0 0 0 0 0 0 0 0 0 0 0 0 0 0 0 0 0 0 0 0 0 0 0 0 0 0 0 0 0 0 0 0 0 0 0 0 0 0 0 0 0 0 0 0 0 0 0 0 0 0 0 0 0 0 0 0 0 0 0 0 0 0 0 0 0 0 0 0 0 0 0 0 0 0 0 0 
0 0 0 0 0 0 0 0 0 0 0 0 0 0 0 0 0 0 0 0 0 0 0 0 0 0 0 0 0 0 0 0 0 0 0 0 0 0 0 0 0 0 0 0 0 0 0 0 0 0 0 0 0 0 0 0 0 0 0 0 0 0 0 0 0 0 0 0 0 0 0 0 0 0 0 0 0 0 0 0 0 0 0 0 0 0 0 0 0 0 0 0 0 0 0 0 0 0 0 0 0 0 0 0 0 0 0 0 0 0 0 0 0 0 0 0 0 0 0 0 0 0 0 0 0 0 0 0 
0 0 0 0 0 0 0 0 0 0 0 0 0 0 0 0 0 0 0 0 0 0 0 0 0 0 0 0 0 0 0 0 0 0 0 0 0 0 0 0 0 0 0 0 0 0 0 0 0 0 0 0 0 0 0 0 0 0 0 0 0 0 0 0 0 0 0 0 0 0 0 0 0 0 0 0 0 0 0 0 0 0 0 0 0 0 0 0 0 0 0 0 0 0 0 0 0 0 0 0 0 0 0 0 0 0 0 0 0 0 0 0 0 0 0 0 0 0 0 0 0 0 0 0 0 0 0 0 
Tensor: shape[ 1 3 ] strides[ 3 1 ] dtype=I32 device=MOORE:0
0 0 0 
Tensor: shape[ 1 ] strides[ 1 ] dtype=I32 device=MOORE:0
33 
Tensor: shape[ 16000 ] strides[ 1 ] dtype=I32 device=MOORE:0
2 0 0 0 0 0 0 0 0 0 1 0 0 33 0 1 0 0 1 0 1 33 0 1 0 0 0 0 0 0 0 0 0 0 0 0 0 0 0 0 0 0 0 0 0 0 0 0 0 0 0 0 0 0 0 0 0 0 0 0 0 0 0 0 0 0 0 0 0 0 0 0 0 0 0 0 0 0 0 0 0 0 0 0 0 0 0 0 0 0 0 0 0 0 0 0 0 0 0 0 0 0 0 0 0 0 0 0 0 0 0 0 0 0 0 0 0 0 0 0 0 0 0 0 0 0 0 0 0 0 0 0 0 0 0 0 0 0 0 0 0 0 0 0 0 0 0 0 0 0 0 0 0 0 0 0 0 0 0 0 0 0 0 0 0 0 0 0 0 0 0 0 0 0 0 0 0 0 0 0 0 0 0 0 0 0 0 0 0 0 0 0 0 0 0 0 0 0 0 0 0 0 0 0 0 0 0 0 0 0 0 0 0 0 0 0 0 0 0 0 0 0 0 0 0 0 0 0 0 0 0 0 0 0 0 0 0 0 0 0 0 0 0 0 0 0 0 0 0 0 0 0 0 0 0 0 0 0 0 0 0 0 0 0 0 0 0 0 0 0 0 0 0 0 0 0 0 0 0 0 0 0 0 0 0 0 0 0 0 0 0 0 0 0 0 0 0 0 0 0 0 0 0 0 0 0 0 0 0 0 0 0 0 0 0 0 0 0 0 0 0 0 0 0 0 0 0 0 0 0 0 0 0 0 0 0 0 0 0 0 0 0 0 0 0 0 0 0 0 0 0 0 0 0 0 0 0 0 0 0 0 0 0 0 0 0 0 0 0 0 0 0 0 0 0 0 0 0 0 0 0 0 0 0 0 0 0 0 0 0 0 0 0 0 0 0 0 0 0 0 0 0 0 0 0 0 0 0 0 0 0 0 0 0 0 0 0 0 0 0 0 0 0 0 0 0 0 0 0 0 0 0 0 0 0 0 0 0 0 0 0 0 0 0 0 0 0 0 0 0 0 0 0 0 0 0 0 0 0 0 0 0 0 0 0 0 0 0 0 0 0 0 0 0 0 0 0 0 0 0 0 0 0 0 0 0 0 0 0 0 0 0 0 0 0 0 0 0 0 0 0 0 0 0 0 0 0 0 0 0 0 0 0 0 0 0 0 0 0 0 0 0 0 0 0 0 0 0 0 0 0 0 0 0 0 0 0 0 0 0 0 0 0 0 0 0 0 0 0 0 0 0 0 0 0 0 0 0 0 0 0 0 0 0 0 0 0 0 0 0 0 0 0 0 0 0 0 0 0 0 0 0 0 0 0 0 0 0 0 0 0 0 0 0 0 0 0 0 0 0 0 0 0 0 0 0 0 0 0 0 0 0 0 0 0 0 0 0 0 0 0 0 0 0 0 0 0 0 0 0 0 0 0 0 0 0 0 0 0 0 0 0 0 0 0 0 0 0 0 0 0 0 0 0 0 0 0 0 0 0 0 0 0 0 0 0 0 0 0 0 0 0 0 0 0 0 0 0 0 0 0 0 0 0 0 0 0 0 0 0 0 0 0 0 0 0 0 0 0 0 0 0 0 0 0 0 0 0 0 0 0 0 0 0 0 0 0 0 0 0 0 0 0 0 0 0 0 0 0 0 0 0 0 0 0 0 0 0 0 0 0 0 0 0 0 0 0 0 0 0 0 0 0 0 0 0 0 0 0 0 0 0 0 0 0 0 0 0 0 0 0 0 0 0 0 0 0 0 0 0 0 0 0 0 0 0 0 0 0 0 0 0 0 0 0 0 0 0 0 0 0 0 0 0 0 0 0 0 0 0 0 0 0 0 0 0 0 0 0 0 0 0 0 0 0 0 0 0 0 0 0 0 0 0 0 0 0 0 0 0 0 0 0 0 0 0 0 0 0 0 0 0 0 0 0 0 0 0 0 0 0 0 0 0 0 0 0 0 0 0 0 0 0 0 0 0 0 0 0 0 0 0 0 0 0 0 0 0 0 0 0 0 0 0 0 0 0 0 0 0 0 0 0 0 0 0 0 0 0 0 0 0 0 0 0 0 0 0 0 0 0 0 0 0 0 0 0 0 0 0 0 0 0 0 0 0 0 0 0 0 0 0 0 0 0 0 0 0 0 0 0 0 0 0 0 0 0 0 0 0 0 0 0 0 0 0 0 0 0 0 0 0 0 0 0 0 0 0 0 0 0 0 0 0 0 0 0 0 0 0 0 0 0 0 0 0 0 0 0 0 0 0 0 0 0 0 0 0 0 0 0 0 0 0 0 0 0 0 0 0 0 0 0 0 0 0 0 0 0 0 0 0 0 0 0 0 0 0 0 0 0 0 0 0 0 0 0 0 0 0 0 0 0 0 0 0 0 0 0 0 0 0 0 0 0 0 0 0 0 0 0 0 0 0 0 0 0 0 0 0 0 0 0 0 0 0 0 0 0 0 0 0 0 0 0 0 0 0 0 0 0 0 0 0 0 0 0 0 0 0 0 0 0 0 0 0 0 0 0 0 0 0 0 0 0 0 0 0 0 0 0 0 0 0 0 0 0 0 0 0 0 0 0 0 0 0 0 0 0 0 0 0 0 0 0 0 0 0 0 0 0 0 0 0 0 0 0 0 0 0 0 0 0 0 0 0 0 0 0 0 0 0 0 0 0 0 0 0 0 0 0 0 0 0 0 0 0 0 0 0 0 0 0 0 0 0 0 0 0 0 0 0 0 0 0 0 0 0 0 0 0 0 0 0 0 0 0 0 0 0 0 0 0 0 0 0 0 0 0 0 0 0 0 0 0 0 0 0 0 0 0 0 0 0 0 0 0 0 0 0 0 0 0 0 0 0 0 0 0 0 0 0 0 0 0 0 0 0 0 0 0 0 0 0 0 0 0 0 0 0 0 0 0 0 0 0 0 0 0 0 0 0 0 0 0 0 0 0 0 0 0 0 0 0 0 0 0 0 0 0 0 0 0 0 0 0 0 0 0 0 0 0 0 0 0 0 0 0 0 0 0 0 0 0 0 0 0 0 0 0 0 0 0 0 0 0 0 0 0 0 0 0 0 0 0 0 0 0 0 0 0 0 0 0 0 0 0 0 0 0 0 0 0 0 0 0 0 0 0 0 0 0 0 0 0 0 0 0 0 0 0 0 0 0 0 0 0 0 0 0 0 0 0 0 0 0 0 0 0 0 0 0 0 0 0 0 0 0 0 0 0 0 0 0 0 0 0 0 0 0 0 0 0 0 0 0 0 0 0 0 0 0 0 0 0 0 0 0 0 0 0 0 0 0 0 0 0 0 0 0 0 0 0 0 0 0 0 0 0 0 0 0 0 0 0 0 0 0 0 0 0 0 0 0 0 0 0 0 0 0 0 0 0 0 0 0 0 0 0 0 0 0 0 0 0 0 0 0 0 0 0 0 0 0 0 0 0 0 0 0 0 0 0 0 0 0 0 0 0 0 0 0 0 0 0 0 0 0 0 0 0 0 0 0 0 0 0 0 0 0 0 0 0 0 0 0 0 0 0 0 0 0 0 0 0 0 0 0 0 0 0 0 0 0 0 0 0 0 0 0 0 0 0 0 0 0 0 0 0 0 0 0 0 0 0 0 0 0 0 0 0 0 0 0 0 0 0 0 0 0 0 0 0 0 0 0 0 0 0 0 0 0 0 0 0 0 0 0 0 0 0 0 0 0 0 0 0 0 0 0 0 0 0 0 0 0 0 0 0 0 0 0 0 0 0 0 0 0 0 0 0 0 0 0 0 0 0 0 0 0 0 0 0 0 0 0 0 0 0 0 0 0 0 0 0 0 0 0 0 0 0 0 0 0 0 0 0 0 0 0 0 0 0 0 0 0 0 0 0 0 0 0 0 0 0 0 0 0 0 0 0 0 0 0 0 0 0 0 0 0 0 0 0 0 0 0 0 0 0 0 0 0 0 0 0 0 0 0 0 0 0 0 0 0 0 0 0 0 0 0 0 0 0 0 0 0 0 0 0 0 0 0 0 0 0 0 0 0 0 0 0 0 0 0 0 0 0 0 0 0 0 0 0 0 0 0 0 0 0 0 0 0 0 0 0 0 0 0 0 0 0 0 0 0 0 0 0 0 0 0 0 0 0 0 0 0 0 0 0 0 0 0 0 0 0 0 0 0 0 0 0 0 0 0 0 0 0 0 0 0 0 0 0 0 0 0 0 0 0 0 0 0 0 0 0 0 0 0 0 0 0 0 0 0 0 0 0 0 0 0 0 0 0 0 0 0 0 0 0 0 0 0 0 0 0 0 0 0 0 0 0 0 0 0 0 0 0 0 0 0 0 0 0 0 0 0 0 0 0 0 0 0 0 0 0 0 0 0 0 0 0 0 0 0 0 0 0 0 0 0 0 0 0 0 0 0 0 0 0 0 0 0 0 0 0 0 0 0 0 0 0 0 0 0 0 0 0 0 0 0 0 0 0 0 0 0 0 0 0 0 0 0 0 0 0 0 0 0 0 0 0 0 0 0 0 0 0 0 0 0 0 0 0 0 0 0 0 0 0 0 0 0 0 0 0 0 0 0 0 0 0 0 0 0 0 0 0 0 0 0 0 0 0 0 0 0 0 0 0 0 0 0 0 0 0 0 0 0 0 0 0 0 0 0 0 0 0 0 0 0 0 0 0 0 0 0 0 0 0 0 0 0 0 0 0 0 0 0 0 0 0 0 0 0 0 0 0 0 0 0 0 0 0 0 0 0 0 0 0 0 0 0 0 0 0 0 0 0 0 0 0 0 0 0 0 0 0 0 0 0 0 0 0 0 0 0 0 0 0 0 0 0 0 0 0 0 0 0 0 0 0 0 0 0 0 0 0 0 0 0 0 0 0 0 0 0 0 0 0 0 0 0 0 0 0 0 0 0 0 0 0 0 0 0 0 0 0 0 0 0 0 0 0 0 0 0 0 0 0 0 0 0 0 0 0 0 0 0 0 0 0 0 0 0 0 0 0 0 0 0 0 0 0 0 0 0 0 0 0 0 0 0 0 0 0 0 0 0 0 0 0 0 0 0 0 0 0 0 0 0 0 0 0 0 0 0 0 0 0 0 0 0 0 0 0 0 0 0 0 0 0 0 0 0 0 0 0 0 0 0 0 0 0 0 0 0 0 0 0 0 0 0 0 0 0 0 0 0 0 0 0 0 0 0 0 0 0 0 0 0 0 0 0 0 0 0 0 0 0 0 0 0 0 0 0 0 0 0 0 0 0 0 0 0 0 0 0 0 0 0 0 0 0 0 0 0 0 0 0 0 0 0 0 0 0 0 0 0 0 0 0 0 0 0 0 0 0 0 0 0 0 0 0 0 0 0 0 0 0 0 0 0 0 0 0 0 0 0 0 0 0 0 0 0 0 0 0 0 0 0 0 0 0 0 0 0 0 0 0 0 0 0 0 0 0 0 0 0 0 0 0 0 0 0 0 0 0 0 0 0 0 0 0 0 0 0 0 0 0 0 0 0 0 0 0 0 0 0 0 0 0 0 0 0 0 0 0 0 0 0 0 0 0 0 0 0 0 0 0 0 0 0 0 0 0 0 0 0 0 0 0 0 0 0 0 0 0 0 0 0 0 0 0 0 0 0 0 0 0 0 0 0 0 0 0 0 0 0 0 0 0 0 0 0 0 0 0 0 0 0 0 0 0 0 0 0 0 0 0 0 0 0 0 0 0 0 0 0 0 0 0 0 0 0 0 0 0 0 0 0 0 0 0 0 0 0 0 0 0 0 0 0 0 0 0 0 0 0 0 0 0 0 0 0 0 0 0 0 0 0 0 0 0 0 0 0 0 0 0 0 0 0 0 0 0 0 0 0 0 0 0 0 0 0 0 0 0 0 0 0 0 0 0 0 0 0 0 0 0 0 0 0 0 0 0 0 0 0 0 0 0 0 0 0 0 0 0 0 0 0 0 0 0 0 0 0 0 0 0 0 0 0 0 0 0 0 0 0 0 0 0 0 0 0 0 0 0 0 0 0 0 0 0 0 0 0 0 0 0 0 0 0 0 0 0 0 0 0 0 0 0 0 0 0 0 0 0 0 0 0 0 0 0 0 0 0 0 0 0 0 0 0 0 0 0 0 0 0 0 0 0 0 0 0 0 0 0 0 0 0 0 0 0 0 0 0 0 0 0 0 0 0 0 0 0 0 0 0 0 0 0 0 0 0 0 0 0 0 0 0 0 0 0 0 0 0 0 0 0 0 0 0 0 0 0 0 0 0 0 0 0 0 0 0 0 0 0 0 0 0 0 0 0 0 0 0 0 0 0 0 0 0 0 0 0 0 0 0 0 0 0 0 0 0 0 0 0 0 0 0 0 0 0 0 0 0 0 0 0 0 0 0 0 0 0 0 0 0 0 0 0 0 0 0 0 0 0 0 0 0 0 0 0 0 0 0 0 0 0 0 0 0 0 0 0 0 0 0 0 0 0 0 0 0 0 0 0 0 0 0 0 0 0 0 0 0 0 0 0 0 0 0 0 0 0 0 0 0 0 0 0 0 0 0 0 0 0 0 0 0 0 0 0 0 0 0 0 0 0 0 0 0 0 0 0 0 0 0 0 0 0 0 0 0 0 0 0 0 0 0 0 0 0 0 0 0 0 0 0 0 0 0 0 0 0 0 0 0 0 0 0 0 0 0 0 0 0 0 0 0 0 0 0 0 0 0 0 0 0 0 0 0 0 0 0 0 0 0 0 0 0 0 0 0 0 0 0 0 0 0 0 0 0 0 0 0 0 0 0 0 0 0 0 0 0 0 0 0 0 0 0 0 0 0 0 0 0 0 0 0 0 0 0 0 0 0 0 0 0 0 0 0 0 0 0 0 0 0 0 0 0 0 0 0 0 0 0 0 0 0 0 0 0 0 0 0 0 0 0 0 0 0 0 0 0 0 0 0 0 0 0 0 0 0 0 0 0 0 0 0 0 0 0 0 0 0 0 0 0 0 0 0 0 0 0 0 0 0 0 0 0 0 0 0 0 0 0 0 0 0 0 0 0 0 0 0 0 0 0 0 0 0 0 0 0 0 0 0 0 0 0 0 0 0 0 0 0 0 0 0 0 0 0 0 0 0 0 0 0 0 0 0 0 0 0 0 0 0 0 0 0 0 0 0 0 0 0 0 0 0 0 0 0 0 0 0 0 0 0 0 0 0 0 0 0 0 0 0 0 0 0 0 0 0 0 0 0 0 0 0 0 0 0 0 0 0 0 0 0 0 0 0 0 0 0 0 0 0 0 0 0 0 0 0 0 0 0 0 0 0 0 0 0 0 0 0 0 0 0 0 0 0 0 0 0 0 0 0 0 0 0 0 0 0 0 0 0 0 0 0 0 0 0 0 0 0 0 0 0 0 0 0 0 0 0 0 0 0 0 0 0 0 0 0 0 0 0 0 0 0 0 0 0 0 0 0 0 0 0 0 0 0 0 0 0 0 0 0 0 0 0 0 0 0 0 0 0 0 0 0 0 0 0 0 0 0 0 0 0 0 0 0 0 0 0 0 0 0 0 0 0 0 0 0 0 0 0 0 0 0 0 0 0 0 0 0 0 0 0 0 0 0 0 0 0 0 0 0 0 0 0 0 0 0 0 0 0 0 0 0 0 0 0 0 0 0 0 0 0 0 0 0 0 0 0 0 0 0 0 0 0 0 0 0 0 0 0 0 0 0 0 0 0 0 0 0 0 0 0 0 0 0 0 0 0 0 0 0 0 0 0 0 0 0 0 0 0 0 0 0 0 0 0 0 0 0 0 0 0 0 0 0 0 0 0 0 0 0 0 0 0 0 0 0 0 0 0 0 0 0 0 0 0 0 0 0 0 0 0 0 0 0 0 0 0 0 0 0 0 0 0 0 0 0 0 0 0 0 0 0 0 0 0 0 0 0 0 0 0 0 0 0 0 0 0 0 0 0 0 0 0 0 0 0 0 0 0 0 0 0 0 0 0 0 0 0 0 0 0 0 0 0 0 0 0 0 0 0 0 0 0 0 0 0 0 0 0 0 0 0 0 0 0 0 0 0 0 0 0 0 0 0 0 0 0 0 0 0 0 0 0 0 0 0 0 0 0 0 0 0 0 0 0 0 0 0 0 0 0 0 0 0 0 0 0 0 0 0 0 0 0 0 0 0 0 0 0 0 0 0 0 0 0 0 0 0 0 0 0 0 0 0 0 0 0 0 0 0 0 0 0 0 0 0 0 0 0 0 0 0 0 0 0 0 0 0 0 0 0 0 0 0 0 0 0 0 0 0 0 0 0 0 0 0 0 0 0 0 0 0 0 0 0 0 0 0 0 0 0 0 0 0 0 0 0 0 0 0 0 0 0 0 0 0 0 0 0 0 0 0 0 0 0 0 0 0 0 0 0 0 0 0 0 0 0 0 0 0 0 0 0 0 0 0 0 0 0 0 0 0 0 0 0 0 0 0 0 0 0 0 0 0 0 0 0 0 0 0 0 0 0 0 0 0 0 0 0 0 0 0 0 0 0 0 0 0 0 0 0 0 0 0 0 0 0 0 0 0 0 0 0 0 0 0 0 0 0 0 0 0 0 0 0 0 0 0 0 0 0 0 0 0 0 0 0 0 0 0 0 0 0 0 0 0 0 0 0 0 0 0 0 0 0 0 0 0 0 0 0 0 0 0 0 0 0 0 0 0 0 0 0 0 0 0 0 0 0 0 0 0 0 0 0 0 0 0 0 0 0 0 0 0 0 0 0 0 0 0 0 0 0 0 0 0 0 0 0 0 0 0 0 0 0 0 0 0 0 0 0 0 0 0 0 0 0 0 0 0 0 0 0 0 0 0 0 0 0 0 0 0 0 0 0 0 0 0 0 0 0 0 0 0 0 0 0 0 0 0 0 0 0 0 0 0 0 0 0 0 0 0 0 0 0 0 0 0 0 0 0 0 0 0 0 0 0 0 0 0 0 0 0 0 0 0 0 0 0 0 0 0 0 0 0 0 0 0 0 0 0 0 0 0 0 0 0 0 0 0 0 0 0 0 0 0 0 0 0 0 0 0 0 0 0 0 0 0 0 0 0 0 0 0 0 0 0 0 0 0 0 0 0 0 0 0 0 0 0 0 0 0 0 0 0 0 0 0 0 0 0 0 0 0 0 0 0 0 0 0 0 0 0 0 0 0 0 0 0 0 0 0 0 0 0 0 0 0 0 0 0 0 0 0 0 0 0 0 0 0 0 0 0 0 0 0 0 0 0 0 0 0 0 0 0 0 0 0 0 0 0 0 0 0 0 0 0 0 0 0 0 0 0 0 0 0 0 0 0 0 0 0 0 0 0 0 0 0 0 0 0 0 0 0 0 0 0 0 0 0 0 0 0 0 0 0 0 0 0 0 0 0 0 0 0 0 0 0 0 0 0 0 0 0 0 0 0 0 0 0 0 0 0 0 0 0 0 0 0 0 0 0 0 0 0 0 0 0 0 0 0 0 0 0 0 0 0 0 0 0 0 0 0 0 0 0 0 0 0 0 0 0 0 0 0 0 0 0 0 0 0 0 0 0 0 0 0 0 0 0 0 0 0 0 0 0 0 0 0 0 0 0 0 0 0 0 0 0 0 0 0 0 0 0 0 0 0 0 0 0 0 0 0 0 0 0 0 0 0 0 0 0 0 0 0 0 0 0 0 0 0 0 0 0 0 0 0 0 0 0 0 0 0 0 0 0 0 0 0 0 0 0 0 0 0 0 0 0 0 0 0 0 0 0 0 0 0 0 0 0 0 0 0 0 0 0 0 0 0 0 0 0 0 0 0 0 0 0 0 0 0 0 0 0 0 0 0 0 0 0 0 0 0 0 0 0 0 0 0 0 0 0 0 0 0 0 0 0 0 0 0 0 0 0 0 0 0 0 0 0 0 0 0 0 0 0 0 0 0 0 0 0 0 0 0 0 0 0 0 0 0 0 0 0 0 0 0 0 0 0 0 0 0 0 0 0 0 0 0 0 0 0 0 0 0 0 0 0 0 0 0 0 0 0 0 0 0 0 0 0 0 0 0 0 0 0 0 0 0 0 0 0 0 0 0 0 0 0 0 0 0 0 0 0 0 0 0 0 0 0 0 0 0 0 0 0 0 0 0 0 0 0 0 0 0 0 0 0 0 0 0 0 0 0 0 0 0 0 0 0 0 0 0 0 0 0 0 0 0 0 0 0 0 0 0 0 0 0 0 0 0 0 0 0 0 0 0 0 0 0 0 0 0 0 0 0 0 0 0 0 0 0 0 0 0 0 0 0 0 0 0 0 0 0 0 0 0 0 0 0 0 0 0 0 0 0 0 0 0 0 0 0 0 0 0 0 0 0 0 0 0 0 0 0 0 0 0 0 0 0 0 0 0 0 0 0 0 0 0 0 0 0 0 0 0 0 0 0 0 0 0 0 0 0 0 0 0 0 0 0 0 0 0 0 0 0 0 0 0 0 0 0 0 0 0 0 0 0 0 0 0 0 0 0 0 0 0 0 0 0 0 0 0 0 0 0 0 0 0 0 0 0 0 0 0 0 0 0 0 0 0 0 0 0 0 0 0 0 0 0 0 0 0 0 0 0 0 0 0 0 0 0 0 0 0 0 0 0 0 0 0 0 0 0 0 0 0 0 0 0 0 0 0 0 0 0 0 0 0 0 0 0 0 0 0 0 0 0 0 0 0 0 0 0 0 0 0 0 0 0 0 0 0 0 0 0 0 0 0 0 0 0 0 0 0 0 0 0 0 0 0 0 0 0 0 0 0 0 0 0 0 0 0 0 0 0 0 0 0 0 0 0 0 0 0 0 0 0 0 0 0 0 0 0 0 0 0 0 0 0 0 0 0 0 0 0 0 0 0 0 0 0 0 0 0 0 0 0 0 0 0 0 0 0 0 0 0 0 0 0 0 0 0 0 0 0 0 0 0 0 0 0 0 0 0 0 0 0 0 0 0 0 0 0 0 0 0 0 0 0 0 0 0 0 0 0 0 0 0 0 0 0 0 0 0 0 0 0 0 0 0 0 0 0 0 0 0 0 0 0 0 0 0 0 0 0 0 0 0 0 0 0 0 0 0 0 0 0 0 0 0 0 0 0 0 0 0 0 0 0 0 0 0 0 0 0 0 0 0 0 0 0 0 0 0 0 0 0 0 0 0 0 0 0 0 0 0 0 0 0 0 0 0 0 0 0 0 0 0 0 0 0 0 0 0 0 0 0 0 0 0 0 0 0 0 0 0 0 0 0 0 0 0 0 0 0 0 0 0 0 0 0 0 0 0 0 0 0 0 0 0 0 0 0 0 0 0 0 0 0 0 0 0 0 0 0 0 0 0 0 0 0 0 0 0 0 0 0 0 0 0 0 0 0 0 0 0 0 0 0 0 0 0 0 0 0 0 0 0 0 0 0 0 0 0 0 0 0 0 0 0 0 0 0 0 0 0 0 0 0 0 0 0 0 0 0 0 0 0 0 0 0 0 0 0 0 0 0 0 0 0 0 0 0 0 0 0 0 0 0 0 0 0 0 0 0 0 0 0 0 0 0 0 0 0 0 0 0 0 0 0 0 0 0 0 0 0 0 0 0 0 0 0 0 0 0 0 0 0 0 0 0 0 0 0 0 0 0 0 0 0 0 0 0 0 0 0 0 0 0 0 0 0 0 0 0 0 0 0 0 0 0 0 0 0 0 0 0 0 0 0 0 0 0 0 0 0 0 0 0 0 0 0 0 0 0 0 0 0 0 0 0 0 0 0 0 0 0 0 0 0 0 0 0 0 0 0 0 0 0 0 0 0 0 0 0 0 0 0 0 0 0 0 0 0 0 0 0 0 0 0 0 0 0 0 0 0 0 0 0 0 0 0 0 0 0 0 0 0 0 0 0 0 0 0 0 0 0 0 0 0 0 0 0 0 0 0 0 0 0 0 0 0 0 0 0 0 0 0 0 0 0 0 0 0 0 0 0 0 0 0 0 0 0 0 0 0 0 0 0 0 0 0 0 0 0 0 0 0 0 0 0 0 0 0 0 0 0 0 0 0 0 0 0 0 0 0 0 0 0 0 0 0 0 0 0 0 0 0 0 0 0 0 0 0 0 0 0 0 0 0 0 0 0 0 0 0 0 0 0 0 0 0 0 0 0 0 0 0 0 0 0 0 0 0 0 0 0 0 0 0 0 0 0 0 0 0 0 0 0 0 0 0 0 0 0 0 0 0 0 0 0 0 0 0 0 0 0 0 0 0 0 0 0 0 0 0 0 0 0 0 0 0 0 0 0 0 0 0 0 0 0 0 0 0 0 0 0 0 0 0 0 0 0 0 0 0 0 0 0 0 0 0 0 0 0 0 0 0 0 0 0 0 0 0 0 0 0 0 0 0 0 0 0 0 0 0 0 0 0 0 0 0 0 0 0 0 0 0 0 0 0 0 0 0 0 0 0 0 0 0 0 0 0 0 0 0 0 0 0 0 0 0 0 0 0 0 0 0 0 0 0 0 0 0 0 0 0 0 0 0 0 0 0 0 0 0 0 0 0 0 0 0 0 0 0 0 0 0 0 0 0 0 0 0 0 0 0 0 0 0 0 0 0 0 0 0 0 0 0 0 0 0 0 0 0 0 0 0 0 0 0 0 0 0 0 0 0 0 0 0 0 0 0 0 0 0 0 0 0 0 0 0 0 0 0 0 0 0 0 0 0 0 0 0 0 0 0 0 0 0 0 0 0 0 0 0 0 0 0 0 0 0 0 0 0 0 0 0 0 0 0 0 0 0 0 0 0 0 0 0 0 0 0 0 0 0 0 0 0 0 0 0 0 0 0 0 0 0 0 0 0 0 0 0 0 0 0 0 0 0 0 0 0 0 0 0 0 0 0 0 0 0 0 0 0 0 0 0 0 0 0 0 0 0 0 0 0 0 0 0 0 0 0 0 0 0 0 0 0 0 0 0 0 0 0 0 0 0 0 0 0 0 0 0 0 0 0 0 0 0 0 0 0 0 0 0 0 0 0 0 0 0 0 0 0 0 0 0 0 0 0 0 0 0 0 0 0 0 0 0 0 0 0 0 0 0 0 0 0 0 0 0 0 0 0 0 0 0 0 0 0 0 0 0 0 0 0 0 0 0 0 0 0 0 0 0 0 0 0 0 0 0 0 0 0 0 0 0 0 0 0 0 0 0 0 0 0 0 0 0 0 0 0 0 0 0 0 0 0 0 0 0 0 0 0 0 0 0 0 0 0 0 0 0 0 0 0 0 0 0 0 0 0 0 0 0 0 0 0 0 0 0 0 0 0 0 0 0 0 0 0 0 0 0 0 0 0 0 0 0 0 0 0 0 0 0 0 0 0 0 0 0 0 0 0 0 0 0 0 0 0 0 0 0 0 0 0 0 0 0 0 0 0 0 0 0 0 0 0 0 0 0 0 0 0 0 0 0 0 0 0 0 0 0 0 0 0 0 0 0 0 0 0 0 0 0 0 0 0 0 0 0 0 0 0 0 0 0 0 0 0 0 0 0 0 0 0 0 0 0 0 0 0 0 0 0 0 0 0 0 0 0 0 0 0 0 0 0 0 0 0 0 0 0 0 0 0 0 0 0 0 0 0 0 0 0 0 0 0 0 0 0 0 0 0 0 0 0 0 0 0 0 0 0 0 0 0 0 0 0 0 0 0 0 0 0 0 0 0 0 0 0 0 0 0 0 0 0 0 0 0 0 0 0 0 0 0 0 0 0 0 0 0 0 0 0 0 0 0 0 0 0 0 0 0 0 0 0 0 0 0 0 0 0 0 0 0 0 0 0 0 0 0 0 0 0 0 0 0 0 0 0 0 0 0 0 0 0 0 0 0 0 0 0 0 0 0 0 0 0 0 0 0 0 0 0 0 0 0 0 0 0 0 0 0 0 0 0 0 0 0 0 0 0 0 0 0 0 0 0 0 0 0 0 0 0 0 0 0 0 0 0 0 0 0 0 0 0 0 0 0 0 0 0 0 0 0 0 0 0 0 0 0 0 0 0 0 0 0 0 0 0 0 0 0 0 0 0 0 0 0 0 0 0 0 0 0 0 0 0 0 0 0 0 0 0 0 0 0 0 0 0 0 0 0 0 0 0 0 0 0 0 0 0 0 0 0 0 0 0 0 0 0 0 0 0 0 0 0 0 0 0 0 0 0 0 0 0 0 0 0 0 0 0 0 0 0 0 0 0 0 0 0 0 0 0 0 0 0 0 0 0 0 0 0 0 0 0 0 0 0 0 0 0 0 0 0 0 0 0 0 0 0 0 0 0 0 0 0 0 0 0 0 0 0 0 0 0 0 0 0 0 0 0 0 0 0 0 0 0 0 0 0 0 0 0 0 0 0 0 0 0 0 0 0 0 0 0 0 0 0 0 0 0 0 0 0 0 0 0 0 0 0 0 0 0 0 0 0 0 0 0 0 0 0 0 0 0 0 0 0 0 0 0 0 0 0 0 0 0 0 0 0 0 0 0 0 0 0 0 0 0 0 0 0 0 0 0 0 0 0 0 0 0 0 0 0 0 0 0 0 0 0 0 0 0 0 0 0 0 0 0 0 0 0 0 0 0 0 0 0 0 0 0 0 0 0 0 0 0 0 0 0 0 0 0 0 0 0 0 0 0 0 0 0 0 0 0 0 0 0 0 0 0 0 0 0 0 0 0 0 0 0 0 0 0 0 0 0 0 0 0 0 0 0 0 0 0 0 0 0 0 0 0 0 0 0 0 0 0 0 0 0 0 0 0 0 0 0 0 0 0 0 0 0 0 0 0 0 0 0 0 0 0 0 0 0 0 0 0 0 0 0 0 0 0 0 0 0 0 0 0 0 0 0 0 0 0 0 0 0 0 0 0 0 0 0 0 0 0 0 0 0 0 0 0 0 0 0 0 0 0 0 0 0 0 0 0 0 0 0 0 0 0 0 0 0 0 0 0 0 0 0 0 0 0 0 0 0 0 0 0 0 0 0 0 0 0 0 0 0 0 0 0 0 0 0 0 0 0 0 0 0 0 0 0 0 0 0 0 0 0 0 0 0 0 0 0 0 0 0 0 0 0 0 0 0 0 0 0 0 0 0 0 0 0 0 0 0 0 0 0 0 0 0 0 0 0 0 0 0 0 0 0 0 0 0 0 0 0 0 0 0 0 0 0 0 0 0 0 0 0 0 0 0 0 0 0 0 0 0 0 0 0 0 0 0 0 0 0 0 0 0 0 0 0 0 0 0 0 0 0 0 0 0 0 0 0 0 0 0 0 0 0 0 0 0 0 0 0 0 0 0 0 0 0 0 0 0 0 0 0 0 0 0 0 0 0 0 0 0 0 0 0 0 0 0 0 0 0 0 0 0 0 0 0 0 0 0 0 0 0 0 0 0 0 0 0 0 0 0 0 0 0 0 0 0 0 0 0 0 0 0 0 0 0 0 0 0 0 0 0 0 0 0 0 0 0 0 0 0 0 0 0 0 0 0 0 0 0 0 0 0 0 0 0 0 0 0 0 0 0 0 0 0 0 0 0 0 0 0 0 0 0 0 0 0 0 0 0 0 0 0 0 0 0 0 0 0 0 0 0 0 0 0 0 0 0 0 0 0 0 0 0 0 0 0 0 0 0 0 0 0 0 0 0 0 0 0 0 0 0 0 0 0 0 0 0 0 0 0 0 0 0 0 0 0 0 0 0 0 0 0 0 0 0 0 0 0 0 0 0 0 0 0 0 0 0 0 0 0 0 0 0 0 0 0 0 0 0 0 0 0 0 0 0 0 0 0 0 0 0 0 0 0 0 0 0 0 0 0 0 0 0 0 0 0 0 0 0 0 0 0 0 0 0 0 0 0 0 0 0 0 0 0 0 0 0 0 0 0 0 0 0 0 0 0 0 0 0 0 0 0 0 0 0 0 0 0 0 0 0 0 0 0 0 0 0 0 0 0 0 0 0 0 0 0 0 0 0 0 0 0 0 0 0 0 0 0 0 0 0 0 0 0 0 0 0 0 0 0 0 0 0 0 0 0 0 0 0 0 0 0 0 0 0 0 0 0 0 0 0 0 0 0 0 0 0 0 0 0 0 0 0 0 0 0 0 0 0 0 0 0 0 0 0 0 0 0 0 0 0 0 0 0 0 0 0 0 0 0 0 0 0 0 0 0 0 0 0 0 0 0 0 0 0 0 0 0 0 0 0 0 0 0 0 0 0 0 0 0 0 0 0 0 0 0 0 0 0 0 0 0 0 0 0 0 0 0 0 0 0 0 0 0 0 0 0 0 0 0 0 0 0 0 0 0 0 0 0 0 0 0 0 0 0 0 0 0 0 0 0 0 0 0 0 0 0 0 0 0 0 0 0 0 0 0 0 0 0 0 0 0 0 0 0 0 0 0 0 0 0 0 0 0 0 0 0 0 0 0 0 0 0 0 0 0 0 0 0 0 0 0 0 0 0 0 0 0 0 0 0 0 0 0 0 0 0 0 0 0 0 0 0 0 0 0 0 0 0 0 0 0 0 0 0 0 0 0 0 0 0 0 0 0 0 0 0 0 0 0 0 0 0 0 0 0 0 0 0 0 0 0 0 0 0 0 0 0 0 0 0 0 0 0 0 0 0 0 0 0 0 0 0 0 0 0 0 0 0 0 0 0 0 0 0 0 0 0 0 0 0 0 0 0 0 0 0 0 0 0 0 0 0 0 0 0 0 0 0 0 0 0 0 0 0 0 0 0 0 0 0 0 0 0 0 0 0 0 0 0 0 0 0 0 0 0 0 0 0 0 0 0 0 0 0 0 0 0 0 0 0 0 0 0 0 0 0 0 0 0 0 0 0 0 0 0 0 0 0 0 0 0 0 0 0 0 0 0 0 0 0 0 0 0 0 0 0 0 0 0 0 0 0 0 0 0 0 0 0 0 0 0 0 0 0 0 0 0 0 0 0 0 0 0 0 0 0 0 0 0 0 0 0 0 0 0 0 0 0 0 0 0 0 0 0 0 0 0 0 0 0 0 0 0 0 0 0 0 0 0 0 0 0 0 0 0 0 0 0 0 0 0 0 0 0 0 0 0 0 0 0 0 0 0 0 0 0 0 0 0 0 0 0 0 0 0 0 0 0 0 0 0 0 0 0 0 0 0 0 0 0 0 0 0 0 0 0 0 0 0 0 0 0 0 0 0 0 0 0 0 0 0 0 0 0 0 0 0 0 0 0 0 0 0 0 0 0 0 0 0 0 0 0 0 0 0 0 0 0 0 0 0 0 0 0 0 0 0 0 0 0 0 0 0 0 0 0 0 0 0 0 0 0 0 0 0 0 0 0 0 0 0 0 0 0 0 0 0 0 0 0 0 0 0 0 0 0 0 0 0 0 0 0 0 0 0 0 0 0 0 0 0 0 0 0 0 0 0 0 0 0 0 0 0 0 0 0 0 0 0 0 0 0 0 0 0 0 0 0 0 0 0 0 0 0 0 0 0 0 0 0 0 0 0 0 0 0 0 0 0 0 0 0 0 0 0 0 0 0 0 0 0 0 0 0 0 0 0 0 0 0 0 0 0 0 0 0 0 0 0 0 0 0 0 0 0 0 0 0 0 0 0 0 0 0 0 0 0 0 0 0 0 0 0 0 0 0 0 0 0 0 0 0 0 0 0 0 0 0 0 0 0 0 0 0 0 0 0 0 0 0 0 0 0 0 0 0 0 0 0 0 0 0 0 0 0 0 0 0 0 0 0 0 0 0 0 0 0 0 0 0 0 0 0 0 0 0 0 0 0 0 0 0 0 0 0 0 0 0 0 0 0 0 0 0 0 0 0 0 0 0 0 0 0 0 0 0 0 0 0 0 0 0 0 0 0 0 0 0 0 0 0 0 0 0 0 0 0 0 0 0 0 0 0 0 0 0 0 0 0 0 0 0 0 0 0 0 0 0 0 0 0 0 0 0 0 0 0 0 0 0 0 0 0 0 0 0 0 0 0 0 0 0 0 0 0 0 0 0 0 0 0 0 0 0 0 0 0 0 0 0 0 0 0 0 0 0 0 0 0 0 0 0 0 0 0 0 0 0 0 0 0 0 0 0 0 0 0 0 0 0 0 0 0 0 0 0 0 0 0 0 0 0 0 0 0 0 0 0 0 0 0 0 0 0 0 0 0 0 0 0 0 0 0 0 0 0 0 0 0 0 0 0 0 0 0 0 0 0 0 0 0 0 0 0 0 0 0 0 0 0 0 0 0 0 0 0 0 0 0 0 0 0 0 0 0 0 0 0 0 0 0 0 0 0 0 0 0 0 0 0 0 0 0 0 0 0 0 0 0 0 0 0 0 0 0 0 0 0 0 0 0 0 0 0 0 0 0 0 0 0 0 0 0 0 0 0 0 0 0 0 0 0 0 0 0 0 0 0 0 0 0 0 0 0 0 0 0 0 0 0 0 0 0 0 0 0 0 0 0 0 0 0 0 0 0 0 0 0 0 0 0 0 0 0 0 0 0 0 0 0 0 0 0 0 0 0 0 0 0 0 0 0 0 0 0 0 0 0 0 0 0 0 0 0 0 0 0 0 0 0 0 0 0 0 0 0 0 0 0 0 0 0 0 0 0 0 0 0 0 0 0 0 0 0 0 0 0 0 0 0 0 0 0 0 0 0 0 0 0 0 0 0 0 0 0 0 0 0 0 0 0 0 0 0 0 0 0 0 0 0 0 0 0 0 0 0 0 0 0 0 0 0 0 0 0 0 0 0 0 0 0 0 0 0 0 0 0 0 0 0 0 0 0 0 0 0 0 0 0 0 0 0 0 0 0 0 0 0 0 0 0 0 0 0 0 0 0 0 0 0 0 0 0 0 0 0 0 0 0 0 0 0 0 0 0 0 0 0 0 0 0 0 0 0 0 0 0 0 0 0 0 0 0 0 0 0 0 0 0 0 0 0 0 0 0 0 0 0 0 0 0 0 0 0 0 0 0 0 0 0 0 0 0 0 0 0 0 0 0 0 0 0 0 0 0 0 0 0 0 0 0 0 0 0 0 0 0 0 0 0 0 0 0 0 0 0 0 0 0 0 0 0 0 0 0 0 0 0 0 0 0 0 0 0 0 0 0 0 0 0 0 0 0 0 0 0 0 0 0 0 0 0 0 0 0 0 0 0 0 0 0 0 0 0 0 0 0 0 0 0 0 0 0 0 0 0 0 0 0 0 0 0 0 0 0 0 0 0 0 0 0 0 0 0 0 0 0 0 0 0 0 0 0 0 0 0 0 0 0 0 0 0 0 0 0 0 0 0 0 0 0 0 0 0 0 0 0 0 0 0 0 0 0 0 0 0 0 0 0 0 0 0 0 0 0 0 0 0 0 0 0 0 0 0 0 0 0 0 0 0 0 0 0 0 0 0 0 0 0 0 0 0 0 0 0 0 0 0 0 0 0 0 0 0 0 0 0 0 0 0 0 0 0 0 0 0 0 0 0 0 0 0 0 0 0 0 0 0 0 0 0 0 0 0 0 0 0 0 0 0 0 0 0 0 0 0 0 0 0 0 0 0 0 0 0 0 0 0 0 0 0 0 0 0 0 0 0 0 0 0 0 0 0 0 0 0 0 0 0 0 0 0 0 0 0 0 0 0 0 0 0 0 0 0 0 0 0 0 0 0 0 0 0 0 0 0 0 0 0 0 0 0 0 0 0 0 0 0 0 0 0 0 0 0 0 0 0 0 0 0 0 0 0 0 0 0 0 0 0 0 0 0 0 0 0 0 0 0 0 0 0 0 0 0 0 0 0 0 0 0 0 0 0 0 0 0 0 0 0 0 0 0 0 0 0 0 0 0 0 0 0 0 0 0 0 0 0 0 0 0 0 0 0 0 0 0 0 0 0 0 0 0 0 0 0 0 0 0 0 0 0 0 0 0 0 0 0 0 0 0 0 0 0 0 0 0 0 0 0 0 0 0 0 0 0 0 0 0 0 0 0 0 0 0 0 0 0 0 0 0 0 0 0 0 0 0 0 0 0 0 0 0 0 0 0 0 0 0 0 0 0 0 0 0 0 0 0 0 0 0 0 0 0 0 0 0 0 0 0 0 0 0 0 0 0 0 0 0 0 0 0 0 0 0 0 0 0 0 0 0 0 0 0 0 0 0 0 0 0 0 0 0 0 0 0 0 0 0 0 0 0 0 0 0 0 0 0 0 0 0 0 0 0 0 0 0 0 0 0 0 0 0 0 0 0 0 0 0 0 0 0 0 0 0 0 0 0 0 0 0 0 0 0 0 0 0 0 0 0 0 0 0 0 0 0 0 0 0 0 0 0 0 0 0 0 0 0 0 0 0 0 0 0 0 0 0 0 0 0 0 0 0 0 0 0 0 0 0 0 0 0 0 0 0 0 0 0 0 0 0 0 0 0 0 0 0 0 0 0 0 0 0 0 0 0 0 0 0 0 0 0 0 0 0 0 0 0 0 0 0 0 0 0 0 0 0 0 0 0 0 0 0 0 0 0 0 0 0 0 0 0 0 0 0 0 0 0 0 0 0 0 0 0 0 0 0 0 0 0 0 0 0 0 0 0 0 0 0 0 0 0 0 0 0 0 0 0 0 0 0 0 0 0 0 0 0 0 0 0 0 0 0 0 0 0 0 0 0 0 0 0 0 0 0 0 0 0 0 0 0 0 0 0 0 0 0 0 0 0 0 0 0 0 0 0 0 0 0 0 0 0 0 0 0 0 0 0 0 0 0 0 0 0 0 0 0 0 0 0 0 0 0 0 0 0 0 0 0 0 0 0 0 0 0 0 0 0 0 0 0 0 0 0 0 0 0 0 0 0 0 0 0 0 0 0 0 0 0 0 0 0 0 0 0 0 0 0 0 0 0 0 0 0 0 0 0 0 0 0 0 0 0 0 0 0 0 0 0 0 0 0 0 0 0 0 0 0 0 0 0 0 0 0 0 0 0 0 0 0 0 0 0 0 0 0 0 0 0 0 0 0 0 0 0 0 0 0 0 0 0 0 0 0 0 0 0 0 0 0 0 0 0 0 0 0 0 0 0 0 0 0 0 0 0 0 0 0 0 0 0 0 0 0 0 0 0 0 0 0 0 0 0 0 0 0 0 0 0 0 0 0 0 0 0 0 0 0 0 0 0 0 0 0 0 0 0 0 0 0 0 0 0 0 0 0 0 0 0 0 0 0 0 0 0 0 0 0 0 0 0 0 0 0 0 0 0 0 0 0 0 0 0 0 0 0 0 0 0 0 0 0 0 0 0 0 0 0 0 0 0 0 0 0 0 0 0 0 0 0 0 0 0 0 0 0 0 0 0 0 0 0 0 0 0 0 0 0 0 0 0 0 0 0 0 0 0 0 0 0 0 0 0 0 0 0 0 0 0 0 0 0 0 0 0 0 0 0 0 0 0 0 0 0 0 0 0 0 0 0 0 0 0 0 0 0 0 0 0 0 0 0 0 0 0 0 0 0 0 0 0 0 0 0 0 0 0 0 0 0 0 0 0 0 0 0 0 0 0 0 0 0 0 0 0 0 0 0 0 0 0 0 0 0 0 0 0 0 0 0 0 0 0 0 0 0 0 0 0 0 0 0 0 0 0 0 0 0 0 0 0 0 0 0 0 0 0 0 0 0 0 0 0 0 0 0 0 0 0 0 0 0 0 0 0 0 0 0 0 0 0 0 0 0 0 0 0 0 0 0 0 0 0 0 0 0 0 0 0 0 0 0 0 0 0 0 0 0 0 0 0 0 0 0 0 0 0 0 0 0 0 0 0 0 0 0 0 0 0 0 0 0 0 0 0 0 0 0 0 0 0 0 0 0 0 0 0 0 0 0 0 0 0 0 0 0 0 0 0 0 0 0 0 0 0 0 0 0 0 0 0 0 0 0 0 0 0 0 0 0 0 0 0 0 0 0 0 0 0 0 0 0 0 0 0 0 0 0 0 0 0 0 0 0 0 0 0 0 0 0 0 0 0 0 0 0 0 0 0 0 0 0 0 0 0 0 0 0 0 0 0 0 0 0 0 0 0 0 0 0 0 0 0 0 0 0 0 0 0 0 0 0 0 0 0 0 0 0 0 0 0 0 0 0 0 0 0 0 0 0 0 0 0 0 0 0 0 0 0 0 0 0 0 0 0 0 0 0 0 0 0 0 0 0 0 0 0 0 0 0 0 0 0 0 0 0 0 0 0 0 0 0 0 0 0 0 0 0 0 0 0 0 0 0 0 0 0 0 0 0 0 0 0 0 0 0 0 0 0 0 0 0 0 0 0 0 0 0 0 0 0 0 0 0 0 0 0 0 0 0 0 0 0 0 0 0 0 0 0 0 0 0 0 0 0 0 0 0 0 0 0 0 0 0 0 0 0 0 0 0 0 0 0 0 0 0 0 0 0 0 0 0 0 0 0 0 0 0 0 0 0 0 0 0 0 0 0 0 0 0 0 0 0 0 0 0 0 0 0 0 0 0 0 0 0 0 0 0 0 0 0 0 0 0 0 0 0 0 0 0 0 0 0 0 0 0 0 0 0 0 0 0 0 0 0 0 0 0 0 0 0 0 0 0 0 0 0 0 0 0 0 0 0 0 0 0 0 0 0 0 0 0 0 0 0 0 0 0 0 0 0 0 0 0 0 0 0 0 0 0 0 0 0 0 0 0 0 0 0 0 0 0 0 0 0 0 0 0 0 0 0 0 0 0 0 0 0 0 0 0 0 0 0 0 0 0 0 0 0 0 0 0 0 0 0 0 0 0 0 0 0 0 0 0 0 0 0 0 0 0 0 0 0 0 0 0 0 0 0 0 0 0 0 0 0 0 0 0 0 0 0 0 0 0 0 0 0 0 0 0 0 0 0 0 0 0 0 0 0 0 0 0 0 0 0 0 0 0 0 0 0 0 0 0 0 0 0 0 0 0 0 0 0 0 0 0 0 0 0 0 0 0 0 0 0 0 0 0 0 0 0 0 0 0 0 0 0 0 0 0 0 0 0 0 0 0 0 0 0 0 0 0 0 0 0 0 0 0 0 0 0 0 0 0 0 0 0 0 0 0 0 0 0 0 0 0 0 0 0 0 0 0 0 0 0 0 0 0 0 0 0 0 0 0 0 0 0 0 0 0 0 0 0 0 0 0 0 0 0 0 0 0 0 0 0 0 0 0 0 0 0 0 0 0 0 0 0 0 0 0 0 0 0 0 0 0 0 0 0 0 0 0 0 0 0 0 0 0 0 0 0 0 0 0 0 0 0 0 0 0 0 0 0 0 0 0 0 0 0 0 0 0 0 0 0 0 0 0 0 0 0 0 0 0 0 0 0 0 0 0 0 0 0 0 0 0 0 0 0 0 0 0 0 0 0 0 0 0 0 0 0 0 0 0 0 0 0 0 0 0 0 0 0 0 0 0 0 0 0 0 0 0 0 0 0 0 0 0 0 0 0 0 0 0 0 0 0 0 0 0 0 0 0 0 0 0 0 0 0 0 0 0 0 0 0 0 0 0 0 0 0 0 0 0 0 0 0 0 0 0 0 0 0 0 0 0 0 0 0 0 0 0 0 0 0 0 0 0 0 0 0 0 0 0 0 0 0 0 0 0 0 0 0 0 0 0 0 0 0 0 0 0 0 0 0 0 0 0 0 0 0 0 0 0 0 0 0 0 0 0 0 0 0 0 0 0 0 0 0 0 0 0 0 0 0 0 0 0 0 0 0 0 0 0 0 0 0 0 0 0 0 0 0 0 0 0 0 0 0 0 0 0 0 0 0 0 0 0 0 0 0 0 0 0 0 0 0 0 0 0 0 0 0 0 0 0 0 0 0 0 0 0 0 0 0 0 0 0 0 0 0 0 0 0 0 0 0 0 0 0 0 0 0 0 0 0 0 0 0 0 0 0 0 0 0 0 0 0 0 0 0 0 0 0 0 0 0 0 0 0 0 0 0 0 0 0 0 0 0 0 0 0 0 0 0 0 0 0 0 0 0 0 0 0 0 0 0 0 0 0 0 0 0 0 0 0 0 0 0 0 0 0 0 0 0 0 0 0 0 0 0 0 0 0 0 0 0 0 0 0 0 0 0 0 0 0 0 0 0 0 0 0 0 0 0 0 0 0 0 0 0 0 0 0 0 0 0 0 0 0 0 0 0 0 0 0 0 0 0 0 0 0 0 0 0 0 0 0 0 0 0 0 0 0 0 0 0 0 0 0 0 0 0 0 0 0 0 0 0 0 0 0 0 0 0 0 0 0 0 0 0 0 0 0 0 0 0 0 0 0 0 0 0 0 0 0 0 0 0 0 0 0 0 0 0 0 0 0 0 0 0 0 0 0 0 0 0 0 0 0 0 0 0 0 0 0 0 0 0 0 0 0 0 0 0 0 0 0 0 0 0 0 0 0 0 0 0 0 0 0 0 0 0 0 0 0 0 0 0 0 0 0 0 0 0 0 0 0 0 0 0 0 0 0 0 0 0 0 0 0 0 0 0 0 0 0 0 0 0 0 0 0 0 0 0 0 0 0 0 0 0 0 0 0 0 0 0 0 0 0 0 0 0 0 0 0 0 0 0 0 0 0 0 0 0 0 0 0 0 0 0 0 0 0 0 0 0 0 0 0 0 0 0 0 0 0 0 0 0 0 0 0 0 0 0 0 0 0 0 0 0 0 0 0 0 0 0 0 0 0 0 0 0 0 0 0 0 0 0 0 0 0 0 0 0 0 0 0 0 0 0 0 0 0 0 0 0 0 0 0 0 0 0 0 0 0 0 0 0 0 0 0 0 0 0 0 0 0 0 0 0 0 0 0 0 0 0 0 0 0 0 0 0 0 0 0 0 0 0 0 0 0 0 0 0 0 0 0 0 0 0 0 0 0 0 0 0 0 0 0 0 0 0 0 0 0 0 0 0 0 0 0 0 0 0 0 0 0 0 0 0 0 0 0 0 0 0 0 0 0 0 0 0 0 0 0 0 0 0 0 0 0 0 0 0 0 0 0 0 0 0 0 0 0 0 0 0 0 0 0 0 0 0 0 0 0 0 0 0 0 0 0 0 0 0 0 0 0 0 0 0 0 0 0 0 0 0 0 0 0 0 0 0 0 0 0 0 0 0 0 0 0 0 0 0 0 0 0 0 0 0 0 0 0 0 0 0 0 0 0 0 0 0 0 0 0 0 0 0 0 0 0 0 0 0 0 0 0 0 0 0 0 0 0 0 0 0 0 0 0 0 0 0 0 0 0 0 0 0 0 0 0 0 0 0 0 0 0 0 0 0 0 0 0 0 0 0 0 0 0 0 0 0 0 0 0 0 0 0 0 0 0 0 0 0 0 0 0 0 0 0 0 0 0 0 0 0 0 0 0 0 0 0 0 0 0 0 0 0 0 0 0 0 0 0 0 0 0 0 0 0 0 0 0 0 0 0 0 0 0 0 0 0 0 0 0 0 0 0 0 0 0 0 0 0 0 0 0 0 0 0 0 0 0 0 0 0 0 0 0 0 0 0 0 0 0 0 0 0 0 0 0 0 0 0 0 0 0 0 0 0 0 0 0 0 0 0 0 0 0 0 0 0 0 0 0 0 0 0 0 0 0 0 0 0 0 0 0 0 0 0 0 0 0 0 0 0 0 0 0 0 0 0 0 0 0 0 0 0 0 0 0 0 0 0 0 0 0 0 0 0 0 0 0 0 0 0 0 0 0 0 0 0 0 0 0 0 0 0 0 0 0 0 0 0 0 0 0 0 0 0 0 0 0 0 0 0 0 0 0 0 0 0 0 0 0 0 0 0 0 0 0 0 0 0 0 0 0 0 0 0 0 0 0 0 0 0 0 0 0 0 0 0 0 0 0 0 0 0 0 0 0 0 0 0 0 0 0 0 0 0 0 0 0 0 0 0 0 0 0 0 0 0 0 0 0 0 0 0 0 0 0 0 0 0 0 0 0 0 0 0 0 0 0 0 0 0 0 0 0 0 0 0 0 0 0 0 0 0 0 0 0 0 0 0 0 0 0 0 0 0 0 0 0 0 0 0 0 0 0 0 0 0 0 0 0 0 0 0 0 0 0 0 0 0 0 0 0 0 0 0 0 0 0 0 0 0 0 0 0 0 0 0 0 0 0 0 0 0 0 0 0 0 0 0 0 0 0 0 0 0 0 0 0 0 0 0 0 0 0 0 0 0 0 0 0 0 0 0 0 0 0 0 0 0 0 0 0 0 0 0 0 0 0 0 0 0 0 0 0 0 0 0 0 0 0 0 0 0 0 0 0 0 0 0 0 0 0 0 0 0 0 0 0 0 0 0 0 0 0 0 0 0 0 0 0 0 0 0 0 0 0 0 0 0 0 0 0 0 0 0 0 0 0 0 0 0 0 0 0 0 0 0 0 0 0 0 0 0 0 0 0 0 0 0 0 0 0 0 0 0 0 0 0 0 0 0 0 0 0 0 0 0 0 0 0 0 0 0 0 0 0 0 0 0 0 0 0 0 0 0 0 0 0 0 0 0 0 0 0 0 0 0 0 0 0 0 0 0 0 0 0 0 0 0 0 0 0 0 0 0 0 0 0 0 0 0 0 0 0 0 0 0 0 0 0 0 0 0 0 0 0 0 0 0 0 0 0 0 0 0 0 0 0 0 0 0 0 0 0 0 0 0 0 0 0 0 0 0 0 0 0 0 0 0 0 0 0 0 0 0 0 0 0 0 0 0 0 0 0 0 0 0 0 0 0 0 0 0 0 0 0 0 0 0 0 0 0 0 0 0 0 0 0 0 0 0 0 0 0 0 0 0 0 0 0 0 0 0 0 0 0 0 0 0 0 0 0 0 0 0 0 0 0 0 0 0 0 0 0 0 0 0 0 0 0 0 0 0 0 0 0 0 0 0 0 0 0 0 0 0 0 0 0 0 0 0 0 0 0 0 0 0 0 0 0 0 0 0 0 0 0 0 0 0 0 0 0 0 0 0 0 0 0 0 0 0 0 0 0 0 0 0 0 0 0 0 0 0 0 0 0 0 0 0 0 0 0 0 0 0 0 0 0 0 0 0 0 0 0 0 0 0 0 0 0 0 0 0 0 0 0 0 0 0 0 0 0 0 0 0 0 0 0 0 0 0 0 0 0 0 0 0 0 0 0 0 0 0 0 0 0 0 0 0 0 0 0 0 0 0 0 0 0 0 0 0 0 0 0 0 0 0 0 0 0 0 0 0 0 0 0 0 0 0 0 0 0 0 0 0 0 0 0 0 0 0 0 0 0 0 0 0 0 0 0 0 0 0 0 0 0 0 0 0 0 0 0 0 0 0 0 0 0 0 0 0 0 0 0 0 0 0 0 0 0 0 0 0 0 0 0 0 0 0 0 0 0 0 0 0 0 0 0 0 0 0 0 0 0 0 0 0 0 0 0 0 0 0 0 0 0 0 0 0 0 0 0 0 0 0 0 0 0 0 0 0 0 0 0 0 0 0 0 0 0 0 0 0 0 0 0 0 0 0 0 0 0 0 0 0 0 0 0 0 0 0 0 0 0 0 0 0 0 0 0 0 0 0 0 0 0 0 0 0 0 0 0 0 0 0 0 0 0 0 0 0 0 0 0 0 0 0 0 0 0 0 0 0 0 0 0 0 0 0 0 0 0 0 0 0 0 0 0 0 0 0 0 0 0 0 0 0 0 0 0 0 0 0 0 0 0 0 0 0 0 0 0 0 0 0 0 0 0 0 0 0 0 0 0 0 0 0 0 0 0 0 0 0 0 0 0 0 0 0 0 0 0 0 0 0 0 0 0 0 0 0 0 0 0 0 0 0 0 0 0 0 0 0 0 0 0 0 0 0 0 0 0 0 0 0 0 0 0 0 0 0 0 0 0 0 0 0 0 0 0 0 0 0 0 0 0 0 0 0 0 0 0 0 0 0 0 0 0 0 0 0 0 0 0 0 0 0 0 0 0 0 0 0 0 0 0 0 0 0 0 0 0 0 0 0 0 0 0 0 0 0 0 0 0 0 0 0 0 0 0 0 0 0 0 0 0 0 0 0 0 0 0 0 0 0 0 0 0 0 0 0 0 0 0 0 0 0 0 0 0 0 0 0 0 0 0 0 0 0 0 0 0 0 0 0 0 0 0 0 0 0 0 0 0 0 0 0 0 0 0 0 0 0 0 0 0 0 0 0 0 0 0 0 0 0 0 0 0 0 0 0 0 0 0 0 0 0 0 0 0 0 0 0 0 0 0 0 0 0 0 0 0 0 0 0 0 0 0 0 0 0 0 0 0 0 0 0 0 0 0 0 0 0 0 0 0 0 0 0 0 0 0 0 0 0 0 0 0 0 0 0 0 0 0 0 0 0 0 0 0 0 0 0 0 0 0 0 0 0 0 0 0 0 0 0 0 0 0 0 0 0 0 0 0 0 0 0 0 0 0 0 0 0 0 0 0 0 0 0 0 0 0 0 0 0 0 0 0 0 0 0 0 0 0 0 0 0 0 0 0 0 0 0 0 0 0 0 0 0 0 0 0 0 0 0 0 0 0 0 0 0 0 0 0 0 0 0 0 0 0 0 0 0 0 0 0 0 0 0 0 0 0 0 0 0 0 0 0 0 0 0 0 0 0 0 0 0 0 0 0 0 0 0 0 0 0 0 0 0 0 0 0 0 0 0 0 0 0 0 0 0 0 0 0 0 0 0 0 0 0 0 0 0 0 0 0 0 0 0 0 0 0 0 0 0 0 0 0 0 0 0 0 0 0 0 0 0 0 0 0 0 0 0 0 0 0 0 0 0 0 0 0 0 0 0 0 0 0 0 0 0 0 0 0 0 0 0 0 0 0 0 0 0 0 0 0 0 0 0 0 0 0 0 0 0 0 0 0 0 0 0 0 0 0 0 0 0 0 0 0 0 0 0 0 0 0 0 0 0 0 0 0 0 0 0 0 0 0 0 0 0 0 0 0 0 0 0 0 0 0 0 0 0 0 0 0 0 0 0 0 0 0 0 0 0 0 0 0 0 0 0 0 0 0 0 0 0 0 0 0 0 0 0 0 0 0 0 0 0 0 0 0 0 0 0 0 0 0 0 0 0 0 0 0 0 0 0 0 0 0 0 0 0 0 0 0 0 0 0 0 0 0 0 0 0 0 0 0 0 0 0 0 0 0 0 0 0 0 0 0 0 0 0 0 0 0 0 0 0 0 0 0 0 0 0 0 0 0 0 0 0 0 0 0 0 0 0 0 0 0 0 0 0 0 0 0 0 0 0 0 0 0 0 0 0 0 0 0 0 0 0 0 0 0 0 0 0 0 0 0 0 0 0 0 0 0 0 0 0 0 0 0 0 0 0 0 0 0 0 0 0 0 0 0 0 0 0 0 0 0 0 0 0 0 0 0 0 0 0 0 0 0 0 0 0 0 0 0 0 0 0 0 0 0 0 0 0 0 0 0 0 0 0 0 0 0 0 0 0 0 0 0 0 0 0 0 0 0 0 0 0 0 0 0 0 0 0 0 0 0 0 0 0 0 0 0 0 0 0 0 0 0 0 0 0 0 0 0 0 0 0 0 0 0 0 0 0 0 0 0 0 0 0 0 0 0 0 0 0 0 0 0 0 0 0 0 0 0 0 0 0 0 0 0 0 0 0 0 0 0 0 0 0 0 0 0 0 0 0 0 0 0 0 0 0 0 0 0 0 0 0 0 0 0 0 0 0 0 0 0 0 0 0 0 0 0 0 0 0 0 0 0 0 0 0 0 0 0 0 0 0 0 0 0 0 0 0 0 0 0 0 0 0 0 0 0 0 0 0 0 0 0 0 0 0 0 0 0 0 0 0 0 0 0 0 0 0 0 0 0 0 0 0 0 0 0 0 0 0 0 0 0 0 0 0 0 0 0 0 0 0 0 0 0 0 0 0 0 0 0 0 0 0 0 0 0 0 0 0 0 0 0 0 0 0 0 0 0 0 0 0 0 0 0 0 0 0 0 0 0 0 0 0 0 0 0 0 0 0 0 0 0 0 0 0 0 0 0 0 0 0 0 0 0 0 0 0 0 0 0 0 0 0 0 0 0 0 0 0 0 0 0 0 0 0 0 0 0 0 0 0 0 0 0 0 0 0 0 0 0 0 0 0 0 0 0 0 0 0 0 0 0 0 0 0 0 0 0 0 0 0 0 0 0 0 0 0 0 0 0 0 0 0 0 0 0 0 0 0 0 0 0 0 0 0 0 0 0 0 0 0 0 0 0 0 0 0 0 0 0 0 0 0 0 0 0 0 0 0 0 0 0 0 0 0 0 0 0 0 0 0 0 0 0 0 0 0 0 0 0 0 0 0 0 0 0 0 0 0 0 0 0 0 0 0 0 0 0 0 0 0 0 0 0 0 0 0 0 0 0 0 0 0 0 0 0 0 0 0 0 0 0 0 0 0 0 0 0 0 0 0 0 0 0 0 0 0 0 0 0 0 0 0 0 0 0 0 0 0 0 0 0 0 0 0 0 0 0 0 0 0 0 0 0 0 0 0 0 0 0 0 0 0 0 0 0 0 0 0 0 0 0 0 0 0 0 0 0 0 0 0 0 0 0 0 0 0 0 0 0 0 0 0 0 0 0 0 0 0 0 0 0 0 0 0 0 0 0 0 0 0 0 0 0 0 0 0 0 0 0 0 0 0 0 0 0 0 0 0 0 0 0 0 0 0 0 0 0 0 0 0 0 0 0 0 0 0 0 0 0 0 0 0 0 0 0 0 0 0 0 0 0 0 0 0 0 0 0 0 0 0 0 0 0 0 0 0 0 0 0 0 0 0 0 0 0 0 0 0 0 0 0 0 0 0 0 0 0 0 0 0 0 0 0 0 0 0 0 0 0 0 0 0 0 0 0 0 0 0 0 0 0 0 0 0 0 0 0 0 0 0 0 0 0 0 0 0 0 0 0 0 0 0 0 0 0 0 0 0 0 0 0 0 0 0 0 0 0 0 0 0 0 0 0 0 0 0 0 0 0 0 0 0 0 0 0 0 0 0 0 0 0 0 0 0 0 0 0 0 0 0 0 0 0 0 0 0 0 0 0 0 0 0 0 0 0 0 0 0 0 0 0 0 0 0 0 0 0 0 0 0 0 0 0 0 0 0 0 0 0 0 0 0 0 0 0 0 0 0 0 0 0 0 0 0 0 0 0 0 0 0 0 0 0 0 0 0 0 0 0 0 0 0 0 0 0 0 0 0 0 0 0 0 0 0 0 0 0 0 0 0 0 0 0 0 0 0 0 0 0 0 0 0 0 0 0 0 0 0 0 0 0 0 0 0 0 0 0 0 0 0 0 0 0 0 0 0 0 0 0 0 0 0 0 0 0 0 0 0 0 0 0 0 0 0 0 0 0 0 0 0 0 0 0 0 0 0 0 0 0 0 0 0 0 0 0 0 0 0 0 0 0 0 0 0 0 0 0 0 0 0 0 0 0 0 0 0 0 0 0 0 0 0 0 0 0 0 0 0 0 0 0 0 0 0 0 0 0 0 0 0 0 0 0 0 0 0 0 0 0 0 0 0 0 0 0 0 0 0 0 0 0 0 0 0 0 0 0 0 0 0 0 0 0 0 0 0 0 0 0 0 0 0 0 0 0 0 0 0 0 0 0 0 0 0 0 0 0 0 0 0 0 0 0 0 0 0 0 0 0 0 0 0 0 0 0 0 0 0 0 0 0 0 0 0 0 0 0 0 0 0 0 0 0 0 0 0 0 0 0 0 0 0 0 0 0 0 0 0 0 0 0 0 0 0 0 0 0 0 0 0 0 0 0 0 0 0 0 0 0 0 0 0 0 0 0 0 0 0 0 0 0 0 0 0 0 0 0 0 0 0 0 0 0 0 0 0 0 0 0 0 0 0 0 0 0 0 0 0 0 0 0 0 0 0 0 0 0 0 0 0 0 0 0 0 0 0 0 0 0 0 0 0 0 0 0 0 0 0 0 0 0 0 0 0 0 0 0 0 0 0 0 0 0 0 0 0 0 0 0 0 0 0 0 0 0 0 0 0 0 0 0 0 0 0 0 0 0 0 0 0 0 0 0 0 0 0 0 0 0 0 0 0 0 0 0 0 0 0 0 0 0 0 0 0 0 0 0 0 0 0 0 0 0 0 0 0 0 0 0 0 0 0 0 0 0 0 0 0 0 0 0 0 0 0 0 0 0 0 0 0 0 0 0 0 0 0 0 0 0 0 0 0 0 0 0 0 0 0 0 0 0 0 0 0 0 0 0 0 0 0 0 0 0 0 0 0 0 0 0 0 0 0 0 0 0 0 0 0 0 0 0 0 0 0 0 0 0 0 0 0 0 0 0 0 0 0 0 0 0 0 0 0 0 0 0 0 0 0 0 0 0 0 0 0 0 0 0 0 0 0 0 0 0 0 0 0 0 0 0 0 0 0 0 0 0 0 0 0 0 0 0 0 0 0 0 0 0 0 0 0 0 0 0 0 0 0 0 0 0 0 0 0 0 0 0 0 0 0 0 0 0 0 0 0 0 0 0 0 0 0 0 0 0 0 0 0 0 0 0 0 0 0 0 0 0 0 0 0 0 0 0 0 0 0 0 0 0 0 0 0 0 0 0 0 0 0 0 0 0 0 0 0 0 0 0 0 0 0 0 0 0 0 0 0 0 0 0 0 0 0 0 0 0 0 0 0 0 0 0 0 0 0 0 0 0 0 0 0 0 0 0 0 0 0 0 0 0 0 0 0 0 0 0 0 0 0 0 0 0 0 0 0 0 0 0 0 0 0 0 0 0 0 0 0 0 0 0 0 0 0 0 0 0 0 0 0 0 0 0 0 0 0 0 0 0 0 0 0 0 0 0 0 0 0 0 0 0 0 0 0 0 0 0 0 0 0 0 0 0 0 0 0 0 0 0 0 0 0 0 0 0 0 0 0 0 0 0 0 0 0 0 0 0 0 0 0 0 0 0 0 0 0 0 0 0 0 0 0 0 0 0 0 0 0 0 0 0 0 0 0 0 0 0 0 0 0 0 0 0 0 0 0 0 0 0 0 0 0 0 0 0 0 0 0 0 0 0 0 0 0 0 0 0 0 0 0 0 0 0 0 0 0 0 0 0 0 0 0 0 0 0 0 0 0 0 0 0 0 0 0 0 0 0 0 0 0 0 0 0 0 0 0 0 0 0 0 0 0 0 0 0 0 0 0 0 0 0 0 0 0 0 0 0 0 0 0 0 0 0 0 0 0 0 0 0 0 0 0 0 0 0 0 0 0 0 0 0 0 0 0 0 0 0 0 0 0 0 0 0 0 0 0 0 0 0 0 0 0 0 0 0 0 0 0 0 0 0 0 0 0 0 0 0 0 0 0 0 0 0 0 0 0 0 0 0 0 0 0 0 0 0 0 0 0 0 0 0 0 0 0 0 0 0 0 0 0 0 0 0 0 0 0 0 0 0 0 0 0 0 0 0 0 0 0 0 0 0 0 0 0 0 0 0 0 0 0 0 0 0 0 0 0 0 0 0 0 0 0 0 0 0 0 0 0 0 0 0 0 0 0 0 0 0 0 0 0 0 0 0 0 0 0 0 0 0 0 0 0 0 0 0 0 0 0 0 0 0 0 0 0 0 0 0 0 0 0 0 0 0 0 0 0 0 0 0 0 0 0 0 0 0 0 0 0 0 0 0 0 0 0 0 0 0 0 0 0 0 0 0 0 0 0 0 0 0 0 0 0 0 0 0 0 0 0 0 0 0 0 0 0 0 0 0 0 0 0 0 0 0 0 0 0 0 0 0 0 0 0 0 0 0 0 0 0 0 0 0 0 0 0 0 0 0 0 0 0 0 0 0 0 0 0 0 0 0 0 0 0 0 0 0 0 0 0 0 0 0 0 0 0 0 0 0 0 0 0 0 0 0 0 0 0 0 0 0 0 0 0 0 0 0 0 0 0 0 0 0 0 0 0 0 0 0 0 0 0 0 0 0 0 0 0 0 0 0 0 0 0 0 0 0 0 0 0 0 0 0 0 0 0 0 0 0 0 0 0 0 0 0 0 0 0 0 0 0 0 0 0 0 0 0 0 0 0 0 0 0 0 0 0 0 0 0 0 0 0 0 0 0 0 0 0 0 0 0 0 0 0 0 0 0 0 0 0 0 0 0 0 0 0 0 0 0 0 0 0 0 0 0 0 0 0 0 0 0 0 0 0 0 0 0 0 0 0 0 0 0 0 0 0 0 0 0 0 0 0 0 0 0 0 0 0 0 0 0 0 0 0 0 0 0 0 0 0 0 0 0 0 0 0 0 0 0 0 0 0 0 0 0 0 0 0 0 0 0 0 0 0 0 0 0 0 0 0 0 0 0 0 0 0 0 0 0 0 0 0 0 0 0 0 0 0 0 0 0 0 0 0 0 0 0 0 0 0 0 0 0 0 0 0 0 0 0 0 0 0 0 0 0 0 0 0 0 0 0 0 0 0 0 0 0 0 0 0 0 0 0 0 0 0 0 0 0 0 0 0 0 0 0 0 0 0 0 0 0 0 0 0 0 0 0 0 0 0 0 0 0 0 0 0 0 0 0 0 0 0 0 0 0 0 0 0 0 0 0 0 0 0 0 0 0 0 0 0 0 0 0 0 0 0 0 0 0 0 0 0 0 0 0 0 0 0 0 0 0 0 0 0 0 0 0 0 0 0 0 0 0 0 0 0 0 0 0 0 0 0 0 0 0 0 0 0 0 0 0 0 0 0 0 0 0 0 0 0 0 0 0 0 0 0 0 0 0 0 0 0 0 0 0 0 0 0 0 0 0 0 0 0 0 0 0 0 0 0 0 0 0 0 0 0 0 0 0 0 0 0 0 0 0 0 0 0 0 0 0 0 0 0 0 0 0 0 0 0 0 0 0 0 0 0 0 0 0 0 0 0 0 0 0 0 0 0 0 0 0 0 0 0 0 0 0 0 0 0 0 0 0 0 0 0 0 0 0 0 0 0 0 0 0 0 0 0 0 0 0 0 0 0 0 0 0 0 0 0 0 0 0 0 0 0 0 0 0 0 0 0 0 0 0 0 0 0 0 0 0 0 0 0 0 0 0 0 0 0 0 0 0 0 0 0 0 0 0 0 0 0 0 0 0 0 0 0 0 0 0 0 0 0 0 0 0 0 0 0 0 0 0 0 0 0 0 0 0 0 0 0 0 0 0 0 0 0 0 0 0 0 0 0 0 0 0 0 0 0 0 0 0 0 0 0 0 0 0 0 0 0 0 0 0 0 0 0 0 0 0 0 0 0 0 0 0 0 0 0 0 0 0 0 0 0 0 0 0 0 0 0 0 0 0 0 0 0 0 0 0 0 0 0 0 0 0 0 0 0 0 0 0 0 0 0 0 0 0 0 0 0 0 0 0 0 0 0 0 0 0 0 0 0 0 0 0 0 0 0 0 0 0 0 0 0 0 0 0 0 0 0 0 0 0 0 0 0 0 0 0 0 0 0 0 0 0 0 0 0 0 0 0 0 0 0 0 0 0 0 0 0 0 0 0 0 0 0 0 0 0 0 0 0 0 0 0 0 0 0 0 0 0 0 0 0 0 0 0 0 0 0 0 0 0 0 0 0 0 0 0 0 0 0 0 0 0 0 0 0 0 0 0 0 0 0 0 0 0 0 0 0 0 0 0 0 0 0 0 0 0 0 0 0 0 0 0 0 0 0 0 0 0 0 0 0 0 0 0 0 0 0 0 0 0 0 0 0 0 0 0 0 0 0 0 0 0 0 0 0 0 0 0 0 0 0 0 0 0 0 0 0 0 0 0 0 0 0 0 0 0 0 0 0 0 0 0 0 0 0 0 0 0 0 0 0 0 0 0 0 0 0 0 0 0 0 0 0 0 0 0 0 0 0 0 0 0 0 0 0 0 0 0 0 0 0 0 0 0 0 0 0 0 0 0 0 0 0 0 0 0 0 0 0 0 0 0 0 0 0 0 0 0 0 0 0 0 0 0 0 0 0 0 0 0 0 0 0 0 0 0 0 0 0 0 0 0 0 0 0 0 0 0 0 0 0 0 0 0 0 0 0 0 0 0 0 0 0 0 
Tensor: shape[ 1 32 128 ] strides[ 4096 128 1 ] dtype=BF16 device=MOORE:0
0.0274658 0.161133 0.193359 0.558594 0.539062 0.992188 0.5625 -0.302734 0.275391 -0.0410156 0.206055 0.279297 0.326172 0.253906 0.263672 -0.0727539 1.125 -0.511719 -0.753906 0.59375 -0.980469 0.726562 -0.123535 -0.261719 -0.22168 -0.116211 0.835938 -0.320312 0.333984 0.116211 0.238281 0.519531 0.296875 -0.0524902 0.125977 -0.777344 -0.484375 -0.0527344 -0.0981445 -0.417969 -0.410156 -0.144531 -0.326172 -0.359375 0.00842285 0.478516 0.269531 0.65625 -0.140625 0.00337219 -0.664062 -0.683594 0.0371094 -0.353516 0.460938 -0.287109 0.361328 0.478516 0.496094 0.396484 -0.582031 0.449219 -1.03125 0.494141 0.0698242 0.0375977 -0.330078 -0.0219727 0.246094 0.376953 0.640625 0.75 0.114746 -0.71875 -0.271484 0.675781 -0.0568848 0.151367 0.351562 -0.208008 0.00221252 -0.359375 0.0334473 0.271484 0.423828 -0.363281 0.176758 -0.828125 -0.149414 -0.166992 -0.318359 0.910156 -0.738281 0.145508 1.88281 0.160156 -0.0898438 -0.263672 -0.00872803 -0.558594 0.149414 -0.111816 -0.585938 1.27344 0.132812 -0.625 -0.132812 0.699219 -0.00331116 0.160156 1.19531 -0.546875 0.120117 -0.231445 -0.757812 -0.168945 -1.00781 0.443359 -0.106445 0.0888672 -0.351562 -0.045166 -0.0493164 0.0159912 -0.0203857 -0.632812 0.777344 -1.67969 
-0.376953 0.875 0.785156 0.330078 1.05469 0.566406 -0.236328 -0.365234 0.5625 -0.10498 -0.546875 -0.369141 0.427734 -0.451172 0.378906 -0.0864258 0.208008 -0.345703 -0.0400391 0.339844 0.02771 -0.238281 -0.0585938 -0.174805 -0.570312 -0.195312 0.166016 -0.21582 -0.345703 0.242188 -0.141602 1.30469 0.28125 0.00543213 0.15918 -0.0366211 -0.174805 -0.453125 0.0157471 -0.628906 -0.141602 -0.169922 -0.00933838 0.515625 0.0698242 0.207031 0.40625 0.589844 0.143555 0.408203 0.0585938 -0.231445 -0.09375 -0.53125 0.695312 0.349609 0.279297 -0.365234 0.679688 0.605469 0.0527344 -0.257812 -0.208008 -0.242188 -0.527344 0.378906 -0.277344 0.105957 0.527344 0.204102 0.640625 0.0839844 0.451172 -0.0981445 -0.11377 0.785156 -0.78125 0.457031 0.173828 0.730469 0.174805 -0.341797 0.104492 0.0566406 -0.0490723 -0.131836 0.597656 -0.246094 -0.355469 0.0130005 -0.238281 0.357422 -0.886719 -0.195312 0.126953 0.462891 -0.12793 0.289062 -0.230469 0.226562 0.398438 0.204102 -0.757812 -0.121582 -0.519531 -0.330078 -0.232422 0.294922 -0.125977 -0.566406 0.945312 -0.0255127 0.429688 0.189453 -0.585938 -0.0810547 -0.949219 0.578125 0.00762939 -1.07031 -0.386719 -0.0732422 -0.289062 0.0668945 0.398438 -0.726562 -0.151367 -2.76562 
-0.00270081 0.00646973 0.0286865 0.341797 0.546875 0.367188 0.601562 -0.345703 0.0368652 -0.165039 0.208984 0.146484 0.253906 0.255859 0.542969 0.170898 0.0419922 -0.0444336 -0.357422 0.322266 -0.148438 -0.0371094 -0.0424805 -0.147461 0.0100098 -0.050293 0.0942383 0.0654297 0.12207 -0.223633 0.230469 0.507812 0.0136719 0.119629 0.0839844 -0.104004 -0.139648 -0.363281 0.337891 -0.310547 -0.0439453 -0.0444336 0.213867 0.249023 -0.0664062 -0.0135498 -0.119629 0.621094 0.11084 -0.0019989 -0.490234 0.205078 0.0222168 -0.103516 0.125977 0.3125 0.15918 -0.414062 0.917969 0.253906 -0.115234 0.21582 -0.365234 -0.226562 -0.427734 0.186523 0.0140991 -0.0678711 -0.132812 0.210938 0.773438 0.253906 0.464844 -0.310547 -0.231445 0.15625 -0.271484 -0.1875 0.433594 0.271484 -0.124023 -0.275391 -0.273438 0.113281 0.231445 0.21875 -0.020752 -0.0625 -0.451172 0.371094 0.0458984 0.498047 0.0113525 -0.0554199 0.304688 0.267578 -0.15625 0.296875 -0.148438 -0.207031 0.135742 -0.212891 -0.523438 0.275391 -0.335938 0.0187988 0.259766 0.0554199 0.376953 0.143555 0.730469 -0.220703 -0.0673828 0.0976562 -0.425781 0.100098 -0.722656 -0.0830078 -0.174805 0.296875 -0.128906 0.359375 0.0634766 0.045166 -0.0446777 -0.3125 0.357422 -0.953125 
0.574219 0.145508 0.243164 0.439453 0.120117 1 0.613281 -0.445312 -0.427734 -0.361328 0.457031 1.13281 0.359375 0.886719 0.320312 0.167969 1.44531 -0.875 -1.00781 1.46094 -0.851562 1.49219 0.484375 -0.671875 -0.220703 0.703125 1.41406 0.12793 1.30469 -0.149414 0.601562 0.503906 -0.320312 0.392578 -0.128906 -0.914062 -1.11719 -0.130859 -0.198242 -0.820312 -0.636719 -0.0795898 -0.114746 -0.257812 0.0761719 0.306641 -0.180664 0.691406 -0.277344 -0.355469 -1.4375 -0.237305 0.291016 -0.134766 0.216797 -0.863281 0.371094 0.421875 0.753906 0.059082 -0.46875 0.988281 -1.38281 0.796875 0.339844 -0.386719 -0.617188 -0.53125 -0.182617 0.220703 1.42969 1.11719 0.332031 -1.28906 -0.441406 0.425781 0.0722656 -0.820312 0.96875 -0.0249023 -0.201172 -0.382812 -0.605469 0.550781 0.40625 0.125977 -0.357422 -0.785156 0.09375 -0.427734 -0.460938 1.3125 -0.458984 0.253906 2.40625 0.359375 -0.365234 -0.0317383 0.116211 -0.824219 0.621094 -0.441406 0.164062 1.4375 0.335938 -0.6875 0.550781 0.679688 0.765625 1.3125 1.61719 -0.894531 -0.410156 -0.648438 -0.328125 -0.0966797 -1.70312 0.273438 -0.0908203 0.589844 -0.425781 -0.216797 0.722656 -0.703125 -0.466797 -0.314453 1.36719 -0.699219 
-0.365234 0.0115356 0.105957 0.245117 0.511719 -0.0262451 0.976562 -0.400391 -0.0194092 -0.226562 0.15625 -0.453125 0.523438 -0.183594 0.498047 0.388672 0.160156 0.239258 -0.375 0.001297 -0.431641 -0.0800781 -0.914062 -0.0407715 0.617188 -0.376953 0.0761719 -0.244141 -0.131836 -0.625 0.441406 -0.0620117 0.131836 -0.101074 0.664062 -0.455078 0.283203 0.464844 0.412109 0.451172 -0.0986328 0.0324707 0.298828 0.625 0.0473633 0.363281 -0.0664062 0.333984 -0.109375 -0.173828 -0.341797 -0.146484 -0.480469 -0.201172 0.617188 0.0756836 0.488281 0.138672 0.953125 0.351562 -0.0439453 0.0429688 0.0246582 -1.05469 0.257812 0.11377 0.671875 0.328125 -0.384766 0.235352 0.152344 0.582031 0.445312 -0.5625 -0.777344 0.480469 0.172852 0.231445 0.388672 -0.589844 -0.24707 -0.742188 -0.292969 0.0142212 0.00588989 -0.166016 0.154297 -0.318359 -0.488281 0.388672 -0.225586 0.180664 0.177734 -0.154297 0.146484 0.0390625 0.251953 -0.390625 0.271484 -0.380859 -0.228516 0.164062 -0.859375 0.707031 0.119629 -0.235352 0.122559 0.292969 0.597656 -0.847656 -0.0942383 -0.867188 0.322266 0.0825195 -0.388672 -0.921875 -0.597656 -0.189453 -0.0874023 0.683594 0.527344 0.457031 0.188477 0.570312 0.144531 -0.263672 0.457031 -0.601562 
-0.337891 0.386719 0.125 0.133789 0.757812 0.131836 0.632812 -0.361328 -0.124512 -0.175781 0.0712891 -0.173828 0.447266 -0.133789 0.498047 0.277344 0.185547 -0.124023 -0.0888672 0.177734 -0.126953 -0.160156 -0.539062 -0.0317383 0.742188 -0.21875 -0.0354004 -0.378906 -0.163086 -0.605469 0.347656 0.410156 0.28125 -0.0454102 0.546875 -0.296875 0.232422 0.261719 0.310547 0.271484 -0.00479126 0.136719 0.396484 0.722656 0.00567627 0.050293 -0.205078 0.589844 0.148438 -0.0231934 -0.304688 0.0517578 -0.490234 -0.285156 0.402344 0.0693359 0.652344 -0.231445 0.871094 0.287109 0.130859 -0.172852 -0.0932617 -1.0625 -0.0185547 0.147461 0.478516 0.253906 -0.240234 -0.185547 0.335938 0.589844 0.671875 -0.357422 -0.746094 0.498047 0.0913086 0.0296631 0.664062 -0.324219 -0.300781 -0.824219 -0.400391 -0.216797 0.0732422 -0.291016 0.0722656 0.0859375 -0.472656 0.439453 -0.433594 0.155273 0.15625 -0.310547 0.0466309 0.21582 0.165039 -0.308594 0.146484 -0.15332 -0.147461 0.0038147 -0.710938 0.730469 0.241211 -0.0966797 0.318359 0.251953 0.675781 -0.679688 0.0427246 -0.455078 0.328125 0.194336 -0.515625 -0.785156 -0.742188 -0.139648 -0.0429688 1.03125 0.675781 0.519531 0.235352 0.46875 0.048584 -0.206055 0.494141 -1.07031 
-0.496094 0.886719 0.46875 -0.0629883 1.14062 0.363281 -0.12207 -0.388672 0.328125 -0.0180664 -0.566406 -0.306641 0.458984 -0.478516 0.449219 -0.024292 -0.111328 -0.398438 0.232422 0.283203 0.130859 -0.34375 -0.112793 -0.036377 0.380859 -0.141602 -0.0240479 -0.490234 -0.621094 -0.167969 -0.0922852 1.07031 0.566406 0.0427246 0.427734 0.0483398 0.0957031 -0.201172 0.176758 -0.216797 0.0625 -0.375 0.132812 0.957031 0.0795898 0.236328 0.157227 0.667969 0.267578 0.1875 0.0524902 -0.0927734 -0.394531 -0.470703 0.597656 0.496094 0.523438 -0.378906 0.617188 0.570312 0.328125 -0.527344 0.150391 -1.01562 -0.361328 0.0722656 0.211914 0.416016 0.231445 -0.265625 0.384766 0.375 0.765625 -0.111328 -0.613281 0.707031 -0.316406 0.464844 0.730469 0.0830078 -0.0996094 -0.773438 -0.375 -0.34375 0.0319824 -0.318359 0.470703 0.191406 -0.498047 0.326172 -0.373047 0.043457 -0.355469 -0.123535 -0.423828 0.292969 0.0344238 0.0556641 -0.0380859 0.0996094 0.271484 0.225586 -0.863281 0.162109 0.0239258 -0.112305 0.0991211 0.423828 0.140625 -0.929688 0.318359 0.141602 0.511719 0.28125 -0.71875 -0.558594 -0.8125 0.238281 -0.0756836 0.15918 0.177734 0.355469 -0.173828 0.558594 0.177734 -0.408203 -0.00180817 -1.92188 
-0.296875 -0.259766 0.0167236 0.445312 0.423828 0.392578 0.886719 -0.28125 0.679688 0.12793 0.285156 -0.255859 0.145508 -0.249023 0.412109 0.140625 0.859375 0.160156 -0.574219 0.146484 -0.734375 0.0888672 -0.242188 -0.0168457 0.213867 -0.294922 0.161133 -0.390625 -0.332031 -0.361328 0.24707 0.108887 -0.0549316 -0.257812 0.384766 -0.363281 0.0893555 0.241211 0.625 0.241211 -0.22168 -0.0515137 -0.0307617 0.090332 0.0991211 0.511719 -0.0559082 0.375 -0.161133 0.0196533 -0.18457 -0.390625 -0.166016 -0.175781 0.757812 0.229492 0.111816 0.213867 0.625 0.730469 -0.0371094 0.0559082 -0.0864258 -1.21875 0.0688477 -0.175781 0.734375 0.398438 -0.367188 0.167969 -0.0090332 0.632812 0.15332 -0.478516 -0.470703 0.474609 0.0471191 0.486328 0.15625 -0.621094 -0.137695 -0.683594 0.00952148 -0.144531 0.236328 -0.22168 0.0388184 -0.22168 -0.4375 0.0629883 -0.0157471 0.273438 0.155273 -0.0957031 0.675781 0.194336 0.0218506 -0.476562 -0.182617 -0.271484 -0.335938 0.145508 -0.851562 1.08594 0.0791016 -0.429688 0.174805 0.527344 0.104492 -0.554688 0.285156 -0.6875 0.357422 0.205078 -0.263672 -0.921875 -0.597656 -0.25 -0.233398 0.263672 0.376953 0.273438 0.15625 0.566406 0.0563965 -0.390625 0.423828 -0.789062 
-0.125 0.419922 0.15918 0.691406 0.400391 0.255859 0.914062 -0.296875 -0.0351562 -0.097168 0.21875 0.0388184 -0.237305 -0.00227356 0.382812 0.21875 0.984375 -0.0203857 -0.53125 0.172852 -0.316406 -0.0761719 -0.0786133 0.237305 -0.1875 -0.0279541 0.675781 -0.597656 0.263672 -0.558594 0.476562 0.835938 -0.484375 -0.390625 0.574219 -0.271484 -0.02771 0.423828 0.353516 0.419922 -0.136719 1.21875 0.135742 0.423828 -0.304688 -0.203125 -0.824219 0.0203857 0.0810547 0.0202637 -0.117188 0.300781 0.113281 -0.0961914 0.421875 -0.636719 0.494141 -0.273438 0.816406 -0.0908203 0.679688 0.165039 -0.660156 -0.699219 -0.882812 0.265625 0.535156 0.188477 0.0405273 -0.414062 0.396484 0.667969 0.416016 -0.6875 -0.414062 0.198242 0.226562 -0.722656 0.511719 0.474609 -0.398438 -0.707031 0.103516 -0.238281 -0.324219 -0.217773 -0.283203 0.106445 -0.482422 -0.261719 -0.605469 0.125 0.111816 -0.882812 0.707031 0.498047 -0.11377 -0.558594 -0.275391 0.28125 -0.671875 0.249023 -0.652344 1.46875 0.285156 -0.347656 0.683594 0.400391 0.230469 -0.125977 0.503906 -0.722656 -0.180664 0.285156 0.0071106 -0.255859 -1.23438 -0.816406 0.259766 0.738281 0.582031 -0.143555 0.228516 -0.318359 0.11084 0.0603027 0.628906 -0.554688 
1.03125 -3.875 -1.24219 -2.01562 -1.60938 -1.94531 0.863281 -1.46094 0.539062 -1.71875 -0.65625 -0.632812 1.60938 -0.785156 0.507812 0.324219 -1.77344 -0.361328 -2.10938 0.421875 2.60938 -0.0167236 1.59375 0.308594 1.53125 0.820312 1.84375 1.17969 -0.316406 -0.117188 -2.09375 -0.632812 -4.0625 3.3125 3.04688 2.0625 -3.51562 -0.699219 0.988281 -1.57812 -0.976562 -1.07812 -2.8125 1.26562 2.42188 0.507812 -0.296875 -1.42969 -1.69531 -2.59375 0.194336 -0.125 1.76562 0.53125 1.36719 2.23438 -0.142578 -0.21582 1.79688 0.683594 -0.0541992 1.64062 0.125977 0.316406 -1.13281 -2.89062 -0.976562 -0.582031 -3.28125 1.96094 0.820312 1.16406 0.519531 -1.45312 -1.90625 0.953125 0.108398 -0.00964355 3.23438 1.15625 0.691406 -0.105469 -2.5625 1.10938 -0.445312 2.34375 2.26562 -0.625 -2.35938 -1.9375 1.875 -0.980469 0.128906 -0.390625 -0.386719 1.09375 2.09375 1.57031 2.5625 -0.5 1.58594 1.03125 -1.36719 -2.96875 -0.172852 0.484375 2.40625 1.25 1.44531 -2.10938 -1.6875 0.125977 -2.73438 -2.03125 0.135742 0.851562 -1.49219 -1.54688 -2.39062 -0.808594 -1.99219 -1.02344 2.39062 0.882812 0.275391 1.00781 -1.17969 2.75 
0.0351562 0.304688 0.308594 0.361328 0.65625 0.761719 0.310547 -0.392578 0.179688 -0.141602 0.078125 0.177734 0.269531 0.195312 0.34375 0.0517578 0.65625 -0.253906 -0.447266 0.558594 -0.566406 0.457031 0.036377 -0.28125 -0.065918 -0.0206299 0.421875 -0.139648 0.285156 0.0264893 0.273438 0.820312 0.0202637 0.0952148 0.0996094 -0.367188 -0.339844 -0.339844 0.154297 -0.542969 -0.158203 -0.182617 -0.0576172 0.0512695 -0.0157471 0.163086 0.0825195 0.714844 -0.0327148 0.0480957 -0.640625 -0.265625 -0.0864258 -0.164062 0.291016 -0.0917969 0.291016 -0.229492 0.617188 0.279297 -0.316406 0.298828 -0.65625 0.192383 -0.141602 0.00224304 -0.219727 -0.137695 0.178711 0.425781 0.710938 0.439453 0.314453 -0.566406 -0.253906 0.423828 -0.249023 -0.0644531 0.390625 0.277344 -0.0439453 -0.341797 -0.166016 0.167969 0.376953 0.0126953 0.117188 -0.433594 -0.242188 0.109375 -0.0495605 0.730469 -0.419922 0.125 1.10156 0.198242 -0.142578 0.120605 -0.123047 -0.380859 0.322266 -0.240234 -0.455078 0.800781 -0.12207 -0.337891 0.0727539 0.40625 0.236328 0.255859 0.988281 -0.294922 0.0195312 -0.0766602 -0.585938 -0.104492 -1 0.332031 -0.0908203 0.0615234 -0.205078 0.196289 -0.0203857 -0.090332 0.0344238 -0.373047 0.589844 -1.61719 
-0.119629 -0.0976562 0.194336 0.554688 0.015564 0.484375 1.28125 -0.308594 0.000892639 0.0336914 0.558594 0.425781 -0.081543 -0.100098 0.664062 0.347656 1.25 0.0422363 -0.984375 0.652344 -0.53125 0.316406 0.166992 0.0341797 -0.462891 0.197266 1.05469 -0.421875 0.789062 -0.644531 0.574219 0.490234 -0.660156 0.0698242 0.0595703 -0.472656 -0.628906 0.0383301 0.333984 0.375 -0.550781 1.16406 0.519531 0.269531 -0.155273 0.4375 -0.730469 0.201172 -0.138672 0.000326157 -0.5 -0.103027 0.378906 -0.166992 0.369141 -0.474609 0.149414 -0.0229492 0.882812 0.163086 0.136719 0.285156 -0.804688 -0.96875 -0.101074 0.0952148 0.5 -0.0966797 -0.503906 -0.341797 0.449219 0.730469 0.367188 -1.19531 -0.492188 0.273438 0.5 -0.628906 0.585938 0.449219 -0.310547 -0.652344 0.191406 0.294922 -0.498047 0.236328 -0.710938 -0.382812 -0.365234 -0.345703 -0.40625 0.396484 0.46875 -0.847656 0.886719 0.75 -0.277344 -0.447266 0.162109 0.292969 -0.621094 0.320312 -0.816406 1.09375 0.119629 -0.667969 0.675781 0.542969 0.53125 0.114746 0.574219 -1.14062 -0.242188 0.326172 0.146484 -0.515625 -1.3125 -0.667969 -0.0708008 0.625 0.789062 -0.226562 0.808594 -0.71875 0.09375 0.0212402 0.59375 0.065918 
-0.417969 -0.421875 -0.275391 0.625 0.566406 0.835938 1.03906 -0.143555 0.96875 0.667969 0.0693359 -0.279297 -0.0275879 -0.337891 0.314453 -0.208984 1.01562 -0.224609 -0.738281 -0.206055 -1.20312 -0.108887 0.00592041 0.503906 -0.0405273 -0.679688 0.8125 -0.996094 -0.703125 0.210938 0.0737305 0.229492 0.75 -0.589844 0.451172 -0.511719 -0.373047 0.0727539 0.181641 0.484375 -0.447266 -0.149414 -0.839844 -0.423828 -0.0683594 0.9375 0.4375 0.1875 0.0644531 -0.137695 0.353516 -0.941406 0.253906 -0.425781 0.871094 0.511719 0.00448608 1.09375 0.0407715 0.714844 -0.225586 0.00204468 -0.503906 -0.365234 -0.451172 0.0272217 0.652344 0.804688 0.122559 -0.0274658 -0.267578 0.800781 -0.209961 -0.503906 -0.353516 0.855469 0.361328 0.988281 0.141602 -0.992188 -0.0654297 -0.566406 0.589844 -0.298828 0.287109 -0.867188 0.578125 -0.578125 -0.482422 -0.104492 -0.145508 0.341797 -0.519531 -0.161133 1.33594 -0.0544434 0.0854492 -0.765625 -0.224609 -0.205078 -0.765625 0.628906 -1.70312 1.14844 0.449219 -0.46875 -0.384766 1.21875 -0.800781 -1.05469 0.519531 -0.121582 0.306641 0.253906 -0.8125 -0.244141 -0.376953 -0.216797 -0.335938 0.0368652 -0.11377 -0.0722656 -0.478516 0.933594 0.197266 -0.710938 0.273438 -1.14844 
-0.162109 0.121094 0.376953 0.230469 0.757812 0.404297 0.482422 -0.5625 0.0908203 -0.421875 0.00582886 -0.165039 0.421875 0.0480957 0.392578 0.349609 0.550781 -0.10791 -0.170898 0.53125 -0.527344 0.259766 -0.476562 -0.453125 0.683594 0.0561523 -0.140625 0.132812 -0.269531 -0.589844 0.605469 0.25 0.0393066 0.0490723 0.414062 -0.445312 0.160156 0.222656 0.496094 -0.167969 -0.0844727 -0.660156 0.0761719 0.570312 0.150391 0.515625 -0.0771484 0.648438 -0.328125 -0.203125 -0.578125 -0.0515137 -0.640625 -0.164062 0.742188 0.207031 0.357422 0.0717773 1.05469 0.6875 0.142578 0.302734 0.0732422 -1.14062 0.445312 -0.133789 0.554688 0.222656 -0.296875 0.273438 0.621094 0.761719 0.386719 -0.578125 -0.96875 0.490234 -0.455078 0.310547 0.421875 -0.757812 -0.0854492 -0.917969 -0.625 -0.0708008 0.445312 -0.347656 0.192383 -0.251953 -0.357422 0.271484 -0.171875 0.449219 -0.103027 0.386719 0.644531 0.160156 -0.0163574 0.0622559 -0.388672 -0.75 0.515625 -0.277344 -0.353516 0.871094 0.0510254 -0.261719 0.261719 0.376953 0.503906 -0.351562 0.369141 -0.929688 0.511719 -0.0563965 -0.408203 -1.14844 -0.921875 0.0458984 -0.0383301 0.648438 0.146484 0.46875 0.188477 0.78125 -0.12793 -0.472656 0.621094 -1.32031 
-0.214844 0.847656 0.695312 0.435547 0.929688 0.621094 -0.141602 -0.333984 0.4375 -0.186523 -0.419922 -0.116211 0.404297 -0.19043 0.261719 -0.118164 0.416016 -0.539062 -0.21875 0.482422 -0.0771484 0.00622559 0.0178223 -0.245117 -0.632812 -0.0415039 0.478516 -0.150391 -0.124512 0.335938 -0.112305 1.20312 0.193359 0.0498047 0.19043 -0.214844 -0.294922 -0.314453 -0.120117 -0.703125 -0.253906 -0.107422 -0.179688 0.292969 0.0805664 0.137695 0.330078 0.554688 0.0610352 0.289062 -0.109375 -0.231445 0.0307617 -0.539062 0.644531 0.0583496 0.365234 -0.148438 0.671875 0.466797 -0.0270996 -0.0308838 -0.558594 0.163086 -0.523438 0.294922 -0.527344 -0.0111694 0.570312 0.202148 0.816406 0.255859 0.40625 -0.24707 -0.0634766 0.753906 -0.699219 0.19043 0.320312 0.640625 0.132812 -0.304688 0.00866699 0.140625 0.0317383 -0.19043 0.570312 -0.34375 -0.273438 -0.171875 -0.408203 0.566406 -0.984375 -0.206055 0.65625 0.490234 -0.167969 0.195312 -0.186523 0.111816 0.486328 0.11084 -0.5625 0.24707 -0.460938 -0.386719 -0.0727539 0.376953 -0.133789 -0.283203 1.17188 -0.106934 0.287109 -0.00238037 -0.550781 0.00695801 -1.09375 0.574219 0.0495605 -0.859375 -0.546875 -0.230469 -0.1875 -0.0712891 0.253906 -0.734375 0.133789 -2.60938 
-0.425781 0.835938 0.773438 0.267578 0.964844 0.429688 -0.287109 -0.507812 0.582031 -0.146484 -0.800781 -0.585938 0.34375 -0.46875 0.566406 -0.0534668 -0.257812 -0.0830078 0.0124512 0.103027 0.155273 -0.388672 -0.228516 -0.0639648 -0.390625 -0.248047 0.0878906 -0.287109 -0.53125 0.128906 -0.152344 1.08594 0.300781 -0.161133 0.359375 0.208984 -0.03125 -0.332031 0.208984 -0.427734 0.165039 -0.294922 0.00524902 0.996094 -0.0354004 0.361328 0.291016 0.330078 0.174805 0.398438 0.0319824 -0.0170898 -0.0319824 -0.253906 0.6875 0.511719 0.216797 -0.462891 0.785156 0.660156 0.449219 -0.291016 0.302734 -0.519531 -0.75 0.185547 0.233398 0.585938 0.449219 0.304688 0.527344 0.12207 0.640625 -0.171875 -0.335938 0.65625 -0.621094 0.554688 0.130859 0.539062 0.0222168 -0.609375 -0.0844727 -0.0529785 -0.0524902 0.0854492 0.470703 -0.0252686 -0.578125 0.206055 0.0644531 0.206055 -0.71875 -0.0137329 -0.412109 0.128906 -0.0800781 0.375 -0.12793 0.0349121 0.314453 0.443359 -0.789062 -0.0654297 -0.408203 -0.22168 -0.108887 0.287109 -0.259766 -0.722656 0.546875 -0.0578613 0.192383 0.257812 -0.558594 -0.0427246 -0.964844 0.335938 0.0368652 -0.835938 -0.507812 0.143555 -0.292969 0.263672 0.347656 -0.523438 -0.498047 -2.1875 
0.0898438 -1.65625 0.25 0.0478516 -0.0476074 0.160156 -1.17969 -0.128906 0.0117188 0.0727539 -0.169922 -0.121582 -0.090332 0.0673828 -0.0490723 -0.335938 -0.3125 -0.0124512 -0.138672 -0.0869141 0.0888672 0.0233154 -0.144531 -0.00148773 0.515625 0.443359 0.00897217 0.206055 0.0201416 0.0189209 -0.367188 0.0219727 -0.249023 -0.124512 -0.243164 0.0976562 -0.248047 0.00233459 -0.0444336 -0.168945 -0.0544434 -0.0947266 -0.241211 0.166992 -0.045166 -0.0849609 -0.189453 0.00396729 0.130859 0.006073 -0.257812 -0.259766 0.150391 0.0393066 -0.0299072 -0.11377 -0.0103149 0.151367 0.211914 0.0424805 0.012207 -0.132812 0.0236816 0.024292 0.0869141 0.129883 0.0378418 -0.0996094 -0.112305 -0.246094 -0.0883789 -0.081543 -0.267578 -0.157227 0.235352 0.00723267 -0.294922 0.171875 -0.0839844 0.057373 0.123535 -0.119141 -0.0583496 0.100098 0.6875 -0.0629883 -0.40625 -0.10498 -0.015564 -0.041748 0.204102 -0.171875 0.0673828 0.0488281 -0.408203 0.449219 -0.427734 -0.0541992 0.155273 -0.171875 -0.0825195 -0.292969 -0.0324707 -0.150391 0.00830078 -0.0336914 0.554688 0.189453 0.0976562 -0.130859 0.216797 0.126953 0.271484 -0.0152588 0.0639648 -0.0500488 1.48438 0.165039 -0.0205078 0.133789 0.0761719 0.195312 -0.00866699 -0.0544434 0.122559 0.474609 -0.0932617 -0.40625 
0.242188 -2.65625 0.120605 0.241211 0.0231934 0.0981445 -1.16406 0.129883 0.145508 0.128906 -0.015625 -0.202148 0.0162354 -0.455078 -0.117188 -0.160156 -0.189453 -0.251953 0.527344 -0.000174522 -0.0383301 0.0859375 -0.298828 -0.219727 0.0239258 0.486328 0.0986328 -0.154297 -0.0766602 -0.417969 -0.287109 0.0947266 -0.11084 0.0393066 0.0544434 -0.0678711 -0.0668945 0.0888672 0.322266 -0.161133 -0.00775146 -0.447266 -0.102539 0.138672 0.15918 0.222656 0.219727 0.0864258 0.078125 0.111816 -0.324219 -0.160156 0.138672 0.0522461 -0.0253906 -0.102539 -0.117676 -0.0625 0.207031 0.245117 0.00148773 -0.157227 -0.0471191 0.101074 -0.0786133 0.193359 0.110352 0.12207 -1.03906 -0.0649414 0.0737305 0.179688 -0.170898 -0.0349121 -0.0517578 -0.231445 -0.166992 0.175781 -0.0673828 0.111816 -0.00228882 -0.196289 -0.100586 -0.0157471 1.25 -0.197266 -0.0957031 -0.0314941 0.0917969 0.0991211 -0.263672 -0.357422 0.128906 0.0279541 -0.640625 0.333984 -0.0810547 0.445312 0.738281 -0.0522461 -0.269531 0.0253906 -0.328125 -0.175781 0.0556641 -0.178711 -0.0598145 0.0397949 0.213867 0.0529785 -0.137695 0.644531 0.170898 -0.234375 -0.0678711 -0.0664062 1.01562 0.0551758 -0.059082 0.208984 -0.0834961 0.0556641 0.341797 0.378906 0.0151367 0.0344238 -0.11377 -0.5625 
0.0717773 -1.57812 0.204102 0.0976562 -0.0170898 0.0864258 -0.964844 -0.0449219 -0.0168457 -0.0966797 0.057373 -0.147461 -0.302734 0.097168 -0.144531 -0.304688 -0.341797 0.036377 0.0441895 -0.116211 0.141602 0.026123 -0.0791016 0.00994873 0.410156 0.478516 0.00720215 0.130859 0.0976562 -0.0280762 -0.320312 0.120605 -0.306641 -0.0898438 -0.194336 0.10791 -0.261719 0.0463867 -0.097168 -0.0306396 -0.0375977 -0.170898 -0.328125 0.172852 -0.101562 -0.269531 -0.0310059 0.0187988 0.114258 0.0708008 -0.298828 -0.233398 0.12793 0.078125 -0.0673828 -0.12793 0.0280762 0.0515137 0.261719 0.0927734 0.0303955 -0.147461 0.104492 0.0654297 0.0966797 0.168945 0.00231934 -0.0568848 -0.289062 -0.269531 -0.0148926 -0.0143433 -0.300781 -0.126953 0.378906 0.0588379 -0.259766 0.132812 -0.137695 0.167969 0.160156 -0.132812 -0.0111084 0.146484 0.589844 -0.0529785 -0.402344 -0.165039 0.0161133 -0.154297 0.141602 -0.285156 0.106934 0.081543 -0.417969 0.494141 -0.421875 -0.208008 0.0532227 -0.277344 -0.146484 -0.355469 -0.141602 -0.097168 -0.0072937 -0.0515137 0.566406 0.166992 0.0454102 -0.0108643 0.222656 0.0255127 0.371094 -0.0119629 0.0218506 -0.0515137 1.27344 0.157227 -0.0839844 0.196289 -0.0568848 0.234375 0.0395508 -0.0693359 0.0737305 0.396484 -0.136719 -0.464844 
-0.196289 -1.0625 0.412109 0.0810547 -0.0957031 0.00463867 -1 -0.204102 0.0639648 -0.0139771 -0.46875 -0.161133 -0.277344 0.361328 -0.320312 -0.21875 -0.507812 0.211914 -0.546875 -0.182617 0.0668945 -0.217773 -0.0722656 0.0917969 0.8125 0.546875 0.0849609 0.414062 0.253906 0.122559 -0.384766 0.00315857 -0.414062 -0.172852 -0.333984 0.292969 -0.322266 -0.124023 -0.207031 -0.138672 -0.0341797 0.136719 -0.285156 0.287109 -0.306641 -0.157227 -0.271484 -0.0883789 0.214844 0.154297 -0.386719 -0.445312 0.111816 0.11377 0.172852 -0.0603027 -0.0441895 -0.0246582 0.302734 -0.142578 -0.0893555 -0.245117 0.0825195 -0.0505371 0.162109 0.195312 -0.133789 -0.269531 0.180664 -0.570312 -0.0878906 -0.157227 -0.453125 -0.322266 0.449219 -0.00640869 -0.486328 0.335938 0.125977 0.421875 0.298828 -0.179688 -0.242188 -0.0183105 0.326172 0.0214844 -0.808594 -0.152344 0.0299072 -0.249023 0.578125 -0.232422 -0.0830078 0.144531 -0.28125 0.773438 -0.609375 -0.318359 -0.271484 -0.390625 0.0332031 -0.53125 0.178711 -0.248047 -0.0878906 0.130859 0.945312 0.318359 0.100098 -0.122559 0.466797 -0.0354004 0.373047 -0.00793457 0.211914 -0.065918 1.77344 0.15625 -0.00811768 0.257812 0.134766 0.419922 -0.316406 -0.457031 0.132812 0.855469 -0.175781 -0.359375 
-0.00952148 -1.41406 0.302734 0.119629 -0.0488281 0.100098 -1.02344 -0.117676 0.0957031 -0.046875 -0.111816 -0.0135498 -0.18457 0.238281 -0.185547 -0.226562 -0.427734 0.090332 -0.251953 -0.198242 0.0551758 -0.0600586 -0.0634766 -0.0458984 0.515625 0.388672 0.0115967 0.239258 0.112793 0.036377 -0.333984 0.150391 -0.333984 -0.229492 -0.238281 0.182617 -0.238281 -0.0634766 -0.116211 -0.0786133 0.0830078 -0.0213623 -0.314453 0.185547 -0.208984 -0.182617 -0.0556641 0.0275879 0.154297 0.0922852 -0.320312 -0.355469 0.132812 0.026123 -0.0441895 -0.113281 0.00537109 0.0371094 0.308594 -0.0629883 -0.0236816 -0.139648 0.102539 0.0522461 0.0625 0.209961 -0.0966797 -0.100098 -0.121582 -0.376953 -0.0771484 -0.0380859 -0.302734 -0.227539 0.279297 -0.00726318 -0.320312 0.202148 -0.0947266 0.0942383 0.160156 -0.18457 -0.118652 0.15332 0.515625 -0.0898438 -0.574219 -0.200195 -0.136719 -0.116699 0.318359 -0.238281 -0.0228271 0.12793 -0.324219 0.535156 -0.503906 -0.0927734 -0.0366211 -0.357422 -0.0256348 -0.408203 -0.0810547 -0.165039 0.0106812 0.144531 0.714844 0.161133 0.104004 0.0410156 0.326172 -0.0211182 0.273438 -0.102051 0.0751953 -0.103027 1.5 0.188477 -0.0961914 0.197266 0.0563965 0.328125 -0.0952148 -0.237305 0.0717773 0.695312 -0.157227 -0.376953 
0.0668945 -2.5625 0.566406 0.125977 -0.0153198 0.158203 -1.375 0.0422363 0.255859 -0.0629883 0.132812 -0.227539 -0.0957031 -1.01562 -0.155273 -0.1875 -0.143555 -0.167969 0.695312 -0.15332 -0.18457 0.240234 -0.570312 0.0854492 -0.00185394 0.224609 0.00598145 -0.287109 -0.113281 -0.554688 -0.507812 -0.0216064 -0.198242 0.140625 0.0133057 -0.194336 -0.160156 0.228516 0.150391 -0.229492 -0.00732422 -0.769531 -0.135742 -0.273438 0.302734 0.196289 0.302734 -0.00482178 0.345703 0.111816 -0.157227 -0.0441895 -0.0480957 0.104492 -0.211914 -0.226562 -0.081543 0.059082 0.233398 0.0678711 -0.141602 -0.142578 -0.0610352 0.180664 0.0595703 0.0869141 0.125977 0.376953 -0.617188 0.277344 0.0419922 0.162109 -0.212891 -0.0849609 -0.253906 0.133789 0.0603027 0.0791016 -0.316406 -0.117188 -0.117676 0.139648 0.0859375 0.136719 1.17188 -0.283203 0.378906 0.00509644 -0.0383301 0.208984 -0.328125 -0.0703125 0.283203 -0.107422 -0.707031 0.201172 0.00382996 0.601562 0.597656 0.300781 -0.351562 -0.133789 -0.597656 -0.0976562 -0.384766 -0.408203 -0.15625 0.0583496 0.476562 -0.00139618 -0.216797 0.369141 0.267578 0.152344 -0.558594 0.0510254 0.886719 -0.0786133 0.155273 0.287109 -0.246094 -0.0566406 0.433594 0.550781 -0.0117798 -0.402344 -0.0888672 -0.433594 
-0.921875 -2.71875 -0.0441895 -1.10938 0.361328 -0.324219 -1.20312 0.166992 0.992188 -0.386719 -0.126953 0.414062 0.550781 -0.800781 0.742188 -0.15625 -0.269531 0.0913086 0.535156 -0.195312 -0.142578 0.253906 -0.0927734 0.519531 -0.679688 -0.408203 -0.100586 -0.351562 0.0893555 -0.640625 -0.660156 -0.609375 -0.189453 -0.304688 -0.175781 -0.382812 -0.186523 -0.010437 0.196289 -1.82812 0.240234 -0.410156 0.269531 -1 0.0859375 -0.0473633 0.90625 -0.00358582 1.17188 0.00415039 0.988281 -0.125977 0.304688 -0.601562 -0.667969 -0.523438 0.0791016 -0.332031 -0.0230713 0.8125 1.10938 -0.0358887 -0.117188 -0.0771484 -0.324219 -0.304688 0.423828 0.494141 -0.945312 1.03125 0.761719 0.878906 0.164062 -0.233398 -0.671875 -0.416016 0.0127563 -0.0500488 0.582031 -1.84375 -0.945312 0.339844 0.222656 0.734375 1.5625 -0.726562 0.996094 -0.402344 -1.34375 1.44531 0.041748 0.257812 1.11719 0.157227 0.820312 0.490234 0.46875 0.412109 1.42188 0.335938 0.0742188 0.339844 -0.445312 -0.498047 0.19043 -0.582031 -0.875 -0.464844 0.804688 -0.318359 0.200195 0.196289 -0.228516 -0.59375 -0.0703125 -0.219727 0.478516 -0.605469 0.357422 0.351562 0.212891 -0.279297 -0.176758 -0.507812 -0.0344238 0.164062 0.00872803 0.236328 
0.0529785 -2.21875 0.322266 0.0541992 -0.00817871 0.0625 -1.1875 -0.0268555 0.253906 -0.0256348 -0.0407715 -0.11084 -0.100586 -0.355469 -0.138672 -0.0922852 -0.227539 -0.0554199 0.0849609 -0.179688 -0.0756836 0.0961914 -0.261719 -0.0498047 0.0898438 0.208984 0.0927734 -0.0212402 0.0976562 -0.394531 -0.357422 0.0125732 -0.230469 -0.0922852 -0.0610352 -0.0055542 -0.147461 0.0174561 0.111328 -0.277344 0.0154419 -0.380859 -0.136719 -0.0541992 0.013855 0.143555 0.232422 0.101562 0.269531 0.19043 -0.208984 -0.235352 0.0786133 -0.057373 -0.0463867 -0.123047 -0.0825195 -0.0629883 0.158203 0.117676 0.0308838 -0.196289 -0.00592041 0.081543 -0.00643921 0.222656 0.0849609 0.122559 -0.625 -0.0693359 0.121094 0.104004 -0.233398 -0.0727539 -0.00897217 -0.0898438 -0.188477 0.123047 -0.0354004 -0.015625 -0.0378418 -0.109375 -0.0629883 0.0751953 0.996094 -0.1875 -0.0532227 -0.0927734 -0.105957 0.101074 -0.0255127 -0.216797 0.171875 0.173828 -0.451172 0.417969 -0.143555 0.283203 0.472656 -0.0463867 -0.0996094 -0.173828 -0.324219 -0.171875 -0.0625 -0.213867 0.235352 0.0296631 0.345703 0.0693359 0.0301514 0.310547 0.21582 -0.24707 -0.0825195 -0.0510254 1.14062 0.0556641 -0.019165 0.229492 -0.123047 0.090332 0.224609 0.0439453 0.010437 0.261719 -0.145508 -0.408203 
1.20312 -3.98438 -1.03906 0.800781 0.185547 -0.0673828 -0.714844 0.8125 0.219727 0.294922 -0.134766 -0.0786133 0.439453 -0.267578 -0.0264893 0.0893555 0.208984 -0.546875 1.05469 -0.176758 -0.0649414 0.186523 0.0698242 -0.914062 -0.328125 1.33594 0.275391 -0.130859 -0.386719 -0.384766 0.0270996 0.212891 0.289062 -0.0410156 0.263672 -0.0556641 -0.00309753 -0.0639648 1.09375 -0.152344 0.135742 -0.103027 -0.036377 0.375 0.129883 0.253906 0.339844 0.296875 -0.337891 -0.373047 -0.112305 -0.0917969 0.388672 -0.271484 0.0593262 -0.0917969 -0.210938 0.065918 0.0668945 1.09375 0.0397949 -0.0529785 -0.191406 0.0869141 -0.300781 0.273438 0.137695 -0.0864258 -2.98438 -0.0717773 0.0717773 0.394531 0.101562 -0.128906 0.24707 -0.835938 -0.0761719 0.197266 0.0209961 -0.285156 0.0512695 -0.632812 -0.324219 -0.267578 1.95312 -0.157227 -0.131836 -0.0737305 0.214844 0.341797 -0.957031 -0.929688 0.0473633 0.116699 -0.189453 -0.0595703 0.0786133 0.289062 1.46875 -0.111816 -0.144531 0.394531 -0.235352 -0.0947266 0.917969 -0.0429688 -0.345703 -0.017334 -0.0810547 0.0649414 -0.710938 1.69531 -0.25 -0.539062 0.341797 -0.707031 0.609375 0.00704956 -0.318359 0.390625 0.0766602 -0.208984 0.808594 0.423828 -0.177734 0.12793 0.0410156 -0.96875 
0.230469 -1.94531 0.570312 -0.060791 -0.0849609 0.357422 -1.6875 -0.197266 0.0688477 0.106445 0.357422 -0.00370789 0.0576172 -0.601562 0.188477 -0.443359 -0.257812 -0.267578 0.347656 0.0463867 -0.0991211 0.300781 -0.365234 0.032959 -0.0893555 0.163086 -0.120117 -0.410156 -0.173828 -0.300781 -0.523438 0.322266 -0.12793 -0.0422363 -0.170898 -0.210938 -0.188477 0.140625 -0.106445 0.125 -0.103027 -0.484375 -0.0397949 -0.183594 0.394531 0.298828 -0.0952148 0.114258 0.171875 -0.0458984 -0.235352 -0.0849609 -0.00335693 0.045166 -0.423828 -0.120117 -0.0177002 0.149414 0.28125 -0.12793 -0.0142212 0.0546875 0.0703125 0.296875 -0.0546875 0.0615234 0.235352 0.185547 0.240234 0.0820312 -0.148438 -0.00598145 -0.0961914 -0.0732422 -0.188477 0.104492 -0.0844727 0.210938 -0.46875 -0.416016 -0.189453 0.0981445 0.0203857 0.333984 0.828125 -0.103516 -0.162109 -0.130859 -0.345703 0.060791 0.339844 0.102539 0.0371094 -0.243164 -0.671875 0.0883789 -0.255859 0.683594 0.34375 -0.0649414 -0.410156 -0.15625 -0.482422 -0.0986328 0.0461426 -0.261719 -0.0166016 -0.175781 0.197266 -0.0756836 0.0179443 -0.0712891 0.333984 -0.170898 -0.306641 0.107422 1.22656 0.0245361 0.0218506 -0.287109 0.0422363 0.144531 0.261719 0.574219 0.0585938 -0.114258 0.0859375 -0.222656 
-0.726562 -1.59375 0.839844 0.441406 -0.0229492 0.5625 -1.49219 0.388672 -0.0683594 0.330078 0.439453 -0.139648 0.115234 -0.726562 -0.460938 -0.0427246 -0.398438 -0.486328 1.25 0.240234 -0.027832 -0.232422 -0.652344 0.0198975 0.726562 0.816406 -0.341797 -0.542969 -0.361328 -0.0908203 -0.498047 0.390625 -0.224609 0.390625 -0.136719 -0.10498 -0.0751953 0.484375 -0.324219 0.503906 0.182617 -0.597656 -0.808594 0.306641 0.279297 -0.135742 0.289062 -0.333984 0.511719 0.0383301 -0.746094 -0.00921631 -0.124023 0.933594 -0.349609 -0.283203 -0.043457 0.155273 0.902344 -0.130859 -0.292969 0.135742 0.0708008 0.523438 0.0439453 -0.431641 -0.550781 0.486328 0.574219 0.296875 -0.134766 -0.0664062 -0.105957 -0.4375 -0.761719 0.151367 0.0147095 0.3125 -0.578125 0.433594 0.177734 0.257812 -0.0478516 0.285156 0.683594 -0.279297 -0.314453 0.0151367 0.22168 -0.0693359 0.0266113 0.234375 0.0109863 -0.617188 -0.992188 0.24707 -0.361328 0.714844 0.0236816 0.34375 -0.914062 -0.214844 -0.365234 -0.101562 -0.839844 0.228516 -0.648438 0.287109 -0.189453 -0.0072937 -0.0612793 0.0791016 0.476562 0.863281 -1.16406 0.25 1.58594 0.137695 0.380859 0.211914 0.300781 0.249023 -0.0153809 1.14844 0.034668 -0.792969 -0.00263977 -0.458984 
0.0927734 -1.91406 0.474609 -0.242188 -0.052002 0.198242 -1.61719 -0.166016 0.308594 0.138672 0.0859375 0.0771484 0.181641 -0.416016 0.0180664 -0.177734 -0.273438 -0.191406 0.136719 -0.0712891 -0.129883 0.208984 -0.240234 0.0576172 0.00286865 0.015625 -0.0429688 -0.233398 0.0751953 -0.310547 -0.523438 0.0698242 -0.145508 -0.112305 -0.163086 -0.0966797 -0.191406 0.0795898 -0.0407715 -0.353516 -0.0429688 -0.371094 -0.00622559 -0.179688 0.227539 0.287109 0.026001 0.130859 0.361328 0.0117188 -0.0776367 -0.206055 0.0534668 -0.0786133 -0.330078 -0.0864258 -0.0917969 0.0336914 0.209961 -0.180664 -0.0067749 -0.0115967 0.00811768 0.195312 -0.0820312 0.0654297 0.18457 0.106445 0.125977 0.115723 0.0088501 -0.0123291 -0.119141 -0.0617676 -0.21582 -0.0913086 -0.124023 0.126953 -0.236328 -0.439453 -0.25 0.10498 -0.00717163 0.160156 0.84375 -0.207031 -0.131836 -0.00854492 -0.416016 0.3125 0.289062 0.0791016 0.210938 -0.0634766 -0.335938 0.24707 -0.168945 0.470703 0.427734 0.0603027 -0.249023 -0.158203 -0.351562 -0.1875 0.112793 -0.129883 0.137695 -0.125977 0.341797 -0.0510254 0.0167236 0.0791016 0.200195 -0.255859 -0.230469 0.0517578 1.25 0.0103149 0.124512 -0.261719 0.125977 0.117676 0.0228271 0.333984 0.0213623 0.0668945 0.0751953 -0.111328 
-0.236328 -2.48438 0.476562 -0.332031 0.0422363 0.100098 -1.53125 0.0200195 0.4375 -0.155273 0.324219 0.128906 0.267578 -1.03906 0.384766 -0.291016 -0.306641 -0.185547 0.765625 -0.0303955 -0.21582 0.306641 -0.349609 0.222656 -0.554688 -0.123535 -0.116211 -0.601562 -0.241211 -0.667969 -0.578125 -0.00665283 -0.213867 -0.0712891 -0.130859 -0.263672 -0.131836 0.171875 0.15625 -0.554688 0.074707 -0.59375 0.134766 -0.554688 0.287109 0.177734 0.539062 0.0991211 0.714844 0.0371094 0.195312 0.0098877 0.0247803 -0.179688 -0.589844 -0.359375 0.0098877 -0.0649414 0.165039 -0.283203 -0.0393066 0.0119629 0.0336914 0.193359 -0.231445 -0.0917969 0.322266 0.419922 -0.546875 0.535156 0.349609 0.421875 -0.00318909 -0.169922 -0.582031 -0.0859375 0.0825195 0.131836 -0.0532227 -1.05469 -0.359375 0.169922 0.116211 0.546875 1.16406 -0.460938 0.484375 -0.255859 -0.773438 0.621094 0.0510254 0.0150146 0.417969 -0.167969 -0.1875 0.22168 0.0942383 0.824219 0.730469 0.0727539 -0.419922 -0.0625 -0.628906 -0.238281 0.0629883 -0.478516 -0.652344 -0.271484 0.455078 0.0234375 0.00521851 0.0473633 0.223633 -0.283203 -0.326172 -0.0500488 0.851562 -0.257812 0.223633 0.0664062 -0.00230408 -0.0498047 0.306641 0.279297 -0.0212402 -0.208008 0.0240479 -0.118164 
0.355469 -2.5 0.492188 0.220703 -0.104492 0.0908203 -1.10938 -0.133789 0.102051 -0.0961914 0.155273 -0.269531 -0.217773 -0.703125 -0.15625 -0.231445 -0.195312 -0.0634766 0.335938 -0.143555 -0.160156 0.249023 -0.414062 0.0117188 -0.078125 0.176758 0.102539 -0.107422 -0.0437012 -0.484375 -0.34375 0.0712891 -0.207031 0.0429688 -0.0109253 -0.0834961 -0.19043 0.120117 0.100098 -0.0678711 -0.0786133 -0.632812 -0.041748 -0.18457 0.166992 0.200195 0.120117 0.148438 0.0439453 0.122559 -0.267578 -0.104004 -0.00970459 0.00253296 -0.0576172 -0.141602 -0.074707 0.0025177 0.160156 0.294922 -0.0488281 -0.225586 0.0341797 0.0834961 0.0336914 0.310547 0.198242 0.223633 -0.761719 -0.0888672 -0.0130005 0.100586 -0.330078 0.00939941 0.0132446 0.0947266 -0.0432129 0.135742 -0.306641 0.0419922 0.00561523 -0.0167236 -0.00662231 0.0830078 1.08594 -0.168945 0.0996094 -0.0810547 -0.032959 -0.0488281 -0.19043 -0.223633 0.059082 0.00276184 -0.710938 0.257812 -0.164062 0.507812 0.507812 -0.09375 -0.196289 -0.118164 -0.523438 -0.0878906 -0.125977 -0.386719 0.248047 0.022583 0.388672 0.164062 -0.100586 0.265625 0.306641 -0.0825195 -0.194336 0.03125 0.824219 0.0168457 -0.015625 0.203125 -0.390625 0.102051 0.478516 0.355469 0.00262451 0.0149536 -0.142578 -0.515625 
-0.0800781 -2.21875 0.5 0.00248718 -0.0732422 0.0137939 -1.15625 -0.0422363 0.238281 -0.050293 0.21582 -0.167969 -0.12793 -0.578125 -0.242188 0.00811768 -0.300781 -0.078125 0.351562 -0.102539 -0.117676 0.0786133 -0.296875 0.111328 -0.130859 0.0668945 0.0820312 -0.223633 0.130859 -0.5625 -0.341797 -0.0299072 -0.285156 0.0437012 -0.0463867 -0.0218506 -0.142578 0.123535 0.0219727 -0.275391 -0.036377 -0.535156 -0.0952148 -0.147461 0.0161133 0.108887 0.384766 0.137695 0.40625 0.275391 -0.216797 -0.130859 -0.0220947 0.0057373 -0.0859375 -0.152344 -0.112793 -0.201172 0.161133 0.00521851 -0.0966797 -0.219727 0.0505371 0.111816 -0.0383301 0.179688 0.0893555 0.211914 -0.5625 -0.0159912 0.287109 0.132812 -0.275391 -0.0324707 -0.115234 -0.0703125 -0.0795898 0.125 -0.0255127 0.0563965 0.00158691 -0.0251465 -0.0476074 0.0991211 0.960938 -0.220703 0.0786133 -0.0698242 -0.175781 0.0893555 -0.0307617 -0.192383 0.183594 0.0981445 -0.464844 0.462891 -0.115723 0.394531 0.435547 -0.0869141 -0.275391 -0.15918 -0.445312 -0.157227 -0.097168 -0.316406 0.0668945 -0.00927734 0.349609 0.265625 -0.0105591 0.166992 0.378906 -0.185547 -0.166016 0.0441895 0.941406 0.0296631 0.0917969 0.163086 -0.208008 0.136719 0.245117 0.186523 -0.00866699 0.020752 -0.137695 -0.400391 
0.147461 -1.96094 0.237305 -0.191406 -0.036377 0.126953 -1.22656 -0.148438 0.171875 0.134766 -0.0458984 -0.0339355 0.0810547 -0.192383 0.0281982 -0.19043 -0.199219 -0.152344 0.0088501 -0.048584 -0.0112915 0.158203 -0.0810547 0.0834961 0.129883 0.320312 0.0269775 -0.0532227 0.121094 -0.151367 -0.394531 -0.00308228 -0.111328 -0.0908203 -0.210938 -0.0546875 -0.236328 0.0610352 -0.178711 -0.382812 -0.108398 -0.186523 -0.0385742 -0.133789 0.133789 0.0756836 -0.118652 0.0727539 0.197266 -0.101074 -0.03125 -0.158203 0.0556641 -0.0932617 -0.138672 -0.0512695 -0.0510254 0.041748 0.111816 0.875 0.597656 -0.0820312 -0.00138855 0.106934 0.0161133 0.0203857 0.143555 -0.0133667 0.0349121 0.0301514 0.00367737 0.00144958 -0.149414 -0.0478516 0.0471191 -0.0878906 -0.162109 0.154297 -0.09375 -0.318359 -0.180664 0.0270996 -0.0288086 0.104004 0.941406 -0.109375 -0.186523 -0.0595703 -0.234375 0.150391 0.243164 0.157227 0.224609 -0.0246582 -0.275391 0.277344 -0.204102 0.148438 0.539062 -0.0349121 -0.0742188 0.0198975 -0.137695 -0.172852 0.166992 -0.151367 0.304688 -0.0235596 0.197266 -0.0786133 0.045166 0.133789 0.19043 -0.0932617 0.00205994 0.0422363 1.10156 0.0539551 0.100098 -0.115234 0.152344 0.0654297 0.024292 0.188477 0.0512695 0.216797 0.0147095 -0.291016 
[92mProcessing : {'idx': 0, 'batch_size': 1, 'input_len': 32, 'output_len': 3, 'data_type': 'bfloat16', 'kvcache_memory': 0.001}[0m
=================== start generate ====================



 Generation completed in 209.25 ms
 Batchsize=1  Per_Batch_Input_Len=32  Per_Batch_New_Tokens=3

 Prefill TTFT: 91.02 ms  Throughput: 351.59 tok/s

 Decode  Avg ITL: 59.12 ms   Throughput: 16.92 tok/s

首”的
total_time: 209.38 ms
